"Date","Social Volume","Volume"
"2019-04-01T12:00:00.000Z","","10157794170"
"2019-04-02T00:00:00.000Z","13948","16378850891"
"2019-04-02T12:00:00.000Z","","21315047816"
"2019-04-03T00:00:00.000Z","13506","20969329558"
"2019-04-03T12:00:00.000Z","","22909436171"
"2019-04-04T00:00:00.000Z","9009","21894610310"
"2019-04-04T12:00:00.000Z","","18251810239"
"2019-04-05T00:00:00.000Z","8437","17781785281"
"2019-04-05T12:00:00.000Z","","16837325387"
"2019-04-06T00:00:00.000Z","7808","15717406018"
"2019-04-06T12:00:00.000Z","","16929795193"
"2019-04-07T00:00:00.000Z","7078","17779347824"
"2019-04-07T12:00:00.000Z","","16655416140"
"2019-04-08T00:00:00.000Z","9245","17198836729"
"2019-04-08T12:00:00.000Z","","17154113634"
"2019-04-09T00:00:00.000Z","8546","15754055091"
"2019-04-09T12:00:00.000Z","","14722104361"
"2019-04-10T00:00:00.000Z","8942","13818299819"
"2019-04-10T12:00:00.000Z","","15504590933"
"2019-04-11T00:00:00.000Z","8353","17126180754"
"2019-04-11T12:00:00.000Z","","16555616019"
"2019-04-12T00:00:00.000Z","7030","14643244179"
"2019-04-12T12:00:00.000Z","","13675206312"
"2019-04-13T00:00:00.000Z","5867","11903729387"
"2019-04-13T12:00:00.000Z","","10823289598"
"2019-04-14T00:00:00.000Z","5934","10052307488"
"2019-04-14T12:00:00.000Z","","10391952498"
"2019-04-15T00:00:00.000Z","8108","11230239487"
"2019-04-15T12:00:00.000Z","","12290155060"
"2019-04-16T00:00:00.000Z","7798","12003992445"
"2019-04-16T12:00:00.000Z","","11621632664"
"2019-04-17T00:00:00.000Z","7222","12442792225"
"2019-04-17T12:00:00.000Z","","12438480676"
"2019-04-18T00:00:00.000Z","6988","12858883814"
"2019-04-18T12:00:00.000Z","","13256094199"
"2019-04-19T00:00:00.000Z","7033","13515931916"
"2019-04-19T12:00:00.000Z","","13780238655"
"2019-04-20T00:00:00.000Z","7511","13906425070"
"2019-04-20T12:00:00.000Z","","13171215856"
"2019-04-21T00:00:00.000Z","8360","13031429203"
"2019-04-21T12:00:00.000Z","","13731844222"
"2019-04-22T00:00:00.000Z","8785","13610516401"
"2019-04-22T12:00:00.000Z","","14601631647"
"2019-04-23T00:00:00.000Z","11607","16320879652"
"2019-04-23T12:00:00.000Z","","16142663877"
"2019-04-24T00:00:00.000Z","9674","16624766153"
"2019-04-24T12:00:00.000Z","","17048033399"
"2019-04-25T00:00:00.000Z","9054","14501366476"
"2019-04-25T12:00:00.000Z","","15330283408"
"2019-04-26T00:00:00.000Z","9235","17945905409"
"2019-04-26T12:00:00.000Z","","16812108039"
"2019-04-27T00:00:00.000Z","5916","14081717921"
"2019-04-27T12:00:00.000Z","","13086036489"
"2019-04-28T00:00:00.000Z","6457","12454026248"
"2019-04-28T12:00:00.000Z","","12819992055"
"2019-04-29T00:00:00.000Z","7697","13190209504"
"2019-04-29T12:00:00.000Z","","13735490672"
"2019-04-30T00:00:00.000Z","7583","14435669083"
"2019-04-30T12:00:00.000Z","","13878964573"
"2019-05-01T00:00:00.000Z","7782","13749999360"
"2019-05-01T12:00:00.000Z","","13679528236"
"2019-05-02T00:00:00.000Z","8543","13728735065"
"2019-05-02T12:00:00.000Z","","14643287376"
"2019-05-03T00:00:00.000Z","10454","18482575167"
"2019-05-03T12:00:00.000Z","","18720780005"
"2019-05-04T00:00:00.000Z","8330","16397567441"
"2019-05-04T12:00:00.000Z","","17567780765"
"2019-05-05T00:00:00.000Z","7083","16804155286"
"2019-05-05T12:00:00.000Z","","14808830722"
"2019-05-06T00:00:00.000Z","7542","14842824815"
"2019-05-06T12:00:00.000Z","","15737171804"
"2019-05-07T00:00:00.000Z","9626","17456346021"
"2019-05-07T12:00:00.000Z","","18026409032"
"2019-05-08T00:00:00.000Z","12522","16566624097"
"2019-05-08T12:00:00.000Z","","15320605299"
"2019-05-09T00:00:00.000Z","12486","16041355723"
"2019-05-09T12:00:00.000Z","","16784645410"
"2019-05-10T00:00:00.000Z","13375","18685017973"
"2019-05-10T12:00:00.000Z","","19415056898"
"2019-05-11T00:00:00.000Z","16695","24283298997"
"2019-05-11T12:00:00.000Z","","28867562329"
"2019-05-12T00:00:00.000Z","12603","29067422500"
"2019-05-12T12:00:00.000Z","","27773333679"
"2019-05-13T00:00:00.000Z","15607","24731164193"
"2019-05-13T12:00:00.000Z","","28677672181"
"2019-05-14T00:00:00.000Z","14834","34738273457"
"2019-05-14T12:00:00.000Z","","32031452226"
"2019-05-15T00:00:00.000Z","14433","28572259337"
"2019-05-15T12:00:00.000Z","","28344112919"
"2019-05-16T00:00:00.000Z","13169","33471709178"
"2019-05-16T12:00:00.000Z","","33167197581"
"2019-05-17T00:00:00.000Z","12897","30751962731"
"2019-05-17T12:00:00.000Z","","30066644905"
"2019-05-18T00:00:00.000Z","8118","25503635991"
"2019-05-18T12:00:00.000Z","","21350752656"
"2019-05-19T00:00:00.000Z","11381","23619359105"
"2019-05-19T12:00:00.000Z","","25902422039"
"2019-05-20T00:00:00.000Z","11210","23693684283"
"2019-05-20T12:00:00.000Z","","23843404339"
"2019-05-21T00:00:00.000Z","10733","22293865752"
"2019-05-21T12:00:00.000Z","","25127245056"
"2019-05-22T00:00:00.000Z","10022","24719524939"
"2019-05-22T12:00:00.000Z","","24719473174"
"2019-05-23T00:00:00.000Z","9290","25360086661"
"2019-05-23T12:00:00.000Z","","24457107820"
"2019-05-24T00:00:00.000Z","8473","24841117449"
"2019-05-24T12:00:00.000Z","","25919126990"
"2019-05-25T00:00:00.000Z","8031","25210525738"
"2019-05-25T12:00:00.000Z","","22254251412"
"2019-05-26T00:00:00.000Z","9838","21056836972"
"2019-05-26T12:00:00.000Z","","26677970091"
"2019-05-27T00:00:00.000Z","11116","30713138536"
"2019-05-27T12:00:00.000Z","","27949839563"
"2019-05-28T00:00:00.000Z","9503","26948735962"
"2019-05-28T12:00:00.000Z","","24226919266"
"2019-05-29T00:00:00.000Z","9653","24229470575"
"2019-05-29T12:00:00.000Z","","23473479966"
"2019-05-30T00:00:00.000Z","11590","24930252613"
"2019-05-30T12:00:00.000Z","","29246528551"
"2019-05-31T00:00:00.000Z","8949","29048295970"
"2019-05-31T12:00:00.000Z","","25365190957"
"2019-06-01T00:00:00.000Z","7612","24033275776"
"2019-06-01T12:00:00.000Z","","22488303543"
"2019-06-02T00:00:00.000Z","8089","21976111031"
"2019-06-02T12:00:00.000Z","","20271820009"
"2019-06-03T00:00:00.000Z","9282","20814044200"
"2019-06-03T12:00:00.000Z","","22004511436"
"2019-06-04T00:00:00.000Z","10857","23471172802"
"2019-06-04T12:00:00.000Z","","24609731548"
"2019-06-05T00:00:00.000Z","7865","23887601416"
"2019-06-05T12:00:00.000Z","","21760923463"
"2019-06-06T00:00:00.000Z","7965","19387392909"
"2019-06-06T12:00:00.000Z","","19474611077"
"2019-06-07T00:00:00.000Z","9152","21057522898"
"2019-06-07T12:00:00.000Z","","19141423230"
"2019-06-08T00:00:00.000Z","5984","17341977325"
"2019-06-08T12:00:00.000Z","","16521543810"
"2019-06-09T00:00:00.000Z","6633","15911214974"
"2019-06-09T12:00:00.000Z","","16610726547"
"2019-06-10T00:00:00.000Z","7861","19221448393"
"2019-06-10T12:00:00.000Z","","18689275117"
"2019-06-11T00:00:00.000Z","7575","16951592896"
"2019-06-11T12:00:00.000Z","","17107279931"
"2019-06-12T00:00:00.000Z","8267","18105034447"
"2019-06-12T12:00:00.000Z","","19054743638"
"2019-06-13T00:00:00.000Z","9044","17895572133"
"2019-06-13T12:00:00.000Z","","18669407147"
"2019-06-14T00:00:00.000Z","12474","19163523016"
"2019-06-14T12:00:00.000Z","","19831162905"
"2019-06-15T00:00:00.000Z","9432","19773465704"
"2019-06-15T12:00:00.000Z","","18371033226"
"2019-06-16T00:00:00.000Z","11286","22554131456"
"2019-06-16T12:00:00.000Z","","23337048112"
"2019-06-17T00:00:00.000Z","11135","20503892534"
"2019-06-17T12:00:00.000Z","","15562951918"
"2019-06-18T00:00:00.000Z","11505","15911087318"
"2019-06-18T12:00:00.000Z","","15848210535"
"2019-06-19T00:00:00.000Z","9166","15933663189"
"2019-06-19T12:00:00.000Z","","15546809946"
"2019-06-20T00:00:00.000Z","10197","16172097666"
"2019-06-20T12:00:00.000Z","","17846823783"
"2019-06-21T00:00:00.000Z","13414","20377456720"
"2019-06-21T12:00:00.000Z","","20624008643"
"2019-06-22T00:00:00.000Z","19089","25526177909"
"2019-06-22T12:00:00.000Z","","29995204860"
"2019-06-23T00:00:00.000Z","11809","24855811223"
"2019-06-23T12:00:00.000Z","","20998326501"
"2019-06-24T00:00:00.000Z","11791","20799465117"
"2019-06-24T12:00:00.000Z","","19271652364"
"2019-06-25T00:00:00.000Z","15263","21627764773"
"2019-06-25T12:00:00.000Z","","24879684533"
"2019-06-26T00:00:00.000Z","26395","32335205757"
"2019-06-26T12:00:00.000Z","","45134847072"
"2019-06-27T00:00:00.000Z","18066","44867339668"
"2019-06-27T12:00:00.000Z","","39977475222"
"2019-06-28T00:00:00.000Z","13430","39492698652"
"2019-06-28T12:00:00.000Z","","35087757765"
"2019-06-29T00:00:00.000Z","9883","30848872040"
"2019-06-29T12:00:00.000Z","","29912921436"
"2019-06-30T00:00:00.000Z","9770","27642858374"
"2019-06-30T12:00:00.000Z","","27256473494"
"2019-07-01T00:00:00.000Z","10662","28161504893"
"2019-07-01T12:00:00.000Z","","29378589324"
"2019-07-02T00:00:00.000Z","13793","31169957917"
"2019-07-02T12:00:00.000Z","","31015895222"
"2019-07-03T00:00:00.000Z","11952","30126348951"
"2019-07-03T12:00:00.000Z","","30796494293"
"2019-07-04T00:00:00.000Z","11299","28572892553"
"2019-07-04T12:00:00.000Z","","25920294033"
"2019-07-05T00:00:00.000Z","9152","24905426081"
"2019-07-05T12:00:00.000Z","","23838480210"
"2019-07-06T00:00:00.000Z","8245","22523502717"
"2019-07-06T12:00:00.000Z","","21092024306"
"2019-07-07T00:00:00.000Z","8393","19129322437"
"2019-07-07T12:00:00.000Z","","19369044276"
"2019-07-08T00:00:00.000Z","10527","21995288962"
"2019-07-08T12:00:00.000Z","","23482551458"
"2019-07-09T00:00:00.000Z","12271","28267236094"
"2019-07-09T12:00:00.000Z","","28164260116"
"2019-07-10T00:00:00.000Z","14988","26947450315"
"2019-07-10T12:00:00.000Z","","33627574244"
"2019-07-11T00:00:00.000Z","11770","34376897235"
"2019-07-11T12:00:00.000Z","","28595327690"
"2019-07-12T00:00:00.000Z","12592","26800617421"
"2019-07-12T12:00:00.000Z","","23534692796"
"2019-07-13T00:00:00.000Z","8127","21110938883"
"2019-07-13T12:00:00.000Z","","21042616383"
"2019-07-14T00:00:00.000Z","10011","21586943104"
"2019-07-14T12:00:00.000Z","","22486000001"
"2019-07-15T00:00:00.000Z","11122","25094483349"
"2019-07-15T12:00:00.000Z","","25384047206"
"2019-07-16T00:00:00.000Z","12321","22097506343"
"2019-07-16T12:00:00.000Z","","24151199069"
"2019-07-17T00:00:00.000Z","12205","26444458331"
"2019-07-17T12:00:00.000Z","","24569921548"
"2019-07-18T00:00:00.000Z","10708","22832729036"
"2019-07-18T12:00:00.000Z","","25181374639"
"2019-07-19T00:00:00.000Z","9367","24837571009"
"2019-07-19T12:00:00.000Z","","20727426309"
"2019-07-20T00:00:00.000Z","8728","19395198794"
"2019-07-20T12:00:00.000Z","","20206615154"
"2019-07-21T00:00:00.000Z","7591","19066985376"
"2019-07-21T12:00:00.000Z","","17130580467"
"2019-07-22T00:00:00.000Z","8305","15830164891"
"2019-07-22T12:00:00.000Z","","16334414913"
"2019-07-23T00:00:00.000Z","8211","17639434216"
"2019-07-23T12:00:00.000Z","","17851916994"
"2019-07-24T00:00:00.000Z","8134","17038914003"
"2019-07-24T12:00:00.000Z","","17398734321"
"2019-07-25T00:00:00.000Z","7717","17249594550"
"2019-07-25T12:00:00.000Z","","15821952090"
"2019-07-26T00:00:00.000Z","7273","15150352959"
"2019-07-26T12:00:00.000Z","","14495714483"
"2019-07-27T00:00:00.000Z","7196","16300961861"
"2019-07-27T12:00:00.000Z","","16817809536"
"2019-07-28T00:00:00.000Z","6724","13441285678"
"2019-07-28T12:00:00.000Z","","13728178817"
"2019-07-29T00:00:00.000Z","6815","14844045456"
"2019-07-29T12:00:00.000Z","","13798970146"
"2019-07-30T00:00:00.000Z","6550","13538001409"
"2019-07-30T12:00:00.000Z","","13822744640"
"2019-07-31T00:00:00.000Z","7872","14411745893"
"2019-07-31T12:00:00.000Z","","16631520647"
"2019-08-01T00:00:00.000Z","7876","16973643870"
"2019-08-01T12:00:00.000Z","","17165337857"
"2019-08-02T00:00:00.000Z","7746","17707722171"
"2019-08-02T12:00:00.000Z","","17488216604"
"2019-08-03T00:00:00.000Z","7151","17920671353"
"2019-08-03T12:00:00.000Z","","15352685060"
"2019-08-04T00:00:00.000Z","6651","14396398510"
"2019-08-04T12:00:00.000Z","","16530894786"
"2019-08-05T00:00:00.000Z","10190","22761530145"
"2019-08-05T12:00:00.000Z","","23900175725"
"2019-08-06T00:00:00.000Z","9620","23571580704"
"2019-08-06T12:00:00.000Z","","23635107659"
"2019-08-07T00:00:00.000Z","9366","20173759964"
"2019-08-07T12:00:00.000Z","","22194988641"
"2019-08-08T00:00:00.000Z","8158","22116180916"
"2019-08-08T12:00:00.000Z","","19481591729"
"2019-08-09T00:00:00.000Z","8906","19693747421"
"2019-08-09T12:00:00.000Z","","18331905270"
"2019-08-10T00:00:00.000Z","6984","17533892268"
"2019-08-10T12:00:00.000Z","","18125355447"
"2019-08-11T00:00:00.000Z","6282","17450932361"
"2019-08-11T12:00:00.000Z","","15774371517"
"2019-08-12T00:00:00.000Z","6373","14057981113"
"2019-08-12T12:00:00.000Z","","13647198229"
"2019-08-13T00:00:00.000Z","7145","14053987138"
"2019-08-13T12:00:00.000Z","","16681503536"
"2019-08-14T00:00:00.000Z","9504","18873086639"
"2019-08-14T12:00:00.000Z","","19990838299"
"2019-08-15T00:00:00.000Z","8919","23236746483"
"2019-08-15T12:00:00.000Z","","22899115082"
"2019-08-16T00:00:00.000Z","7049","21450038434"
"2019-08-16T12:00:00.000Z","","20228207096"
"2019-08-17T00:00:00.000Z","5481","15650435171"
"2019-08-17T12:00:00.000Z","","13778035685"
"2019-08-18T00:00:00.000Z","6011","13634925397"
"2019-08-18T12:00:00.000Z","","12999813869"
"2019-08-19T00:00:00.000Z","6484","15038002378"
"2019-08-19T12:00:00.000Z","","16038264603"
"2019-08-20T00:00:00.000Z","7450","15440456498"
"2019-08-20T12:00:00.000Z","","15053082175"
"2019-08-21T00:00:00.000Z","8166","16985251739"
"2019-08-21T12:00:00.000Z","","19473084767"
"2019-08-22T00:00:00.000Z","7691","18442110065"
"2019-08-22T12:00:00.000Z","","17097508856"
"2019-08-23T00:00:00.000Z","6788","15209609457"
"2019-08-23T12:00:00.000Z","","15627023886"
"2019-08-24T00:00:00.000Z","5809","16338533708"
"2019-08-24T12:00:00.000Z","","15451030650"
"2019-08-25T00:00:00.000Z","5821","13250738189"
"2019-08-25T12:00:00.000Z","","14153856609"
"2019-08-26T00:00:00.000Z","6535","18703852716"
"2019-08-26T12:00:00.000Z","","18438654079"
"2019-08-27T00:00:00.000Z","6832","15671443633"
"2019-08-27T12:00:00.000Z","","14762609502"
"2019-08-28T00:00:00.000Z","7870","13508815372"
"2019-08-28T12:00:00.000Z","","17603790323"
"2019-08-29T00:00:00.000Z","6719","20121037206"
"2019-08-29T12:00:00.000Z","","17045878500"
"2019-08-30T00:00:00.000Z","5614","15175301618"
"2019-08-30T12:00:00.000Z","","13595263986"
"2019-08-31T00:00:00.000Z","4805","11566297790"
"2019-08-31T12:00:00.000Z","","11454806419"
"2019-09-01T00:00:00.000Z","5043","11122457195"
"2019-09-01T12:00:00.000Z","","11445355859"
"2019-09-02T00:00:00.000Z","6537","12370309471"
"2019-09-02T12:00:00.000Z","","17248102293"
"2019-09-03T00:00:00.000Z","7527","19165619471"
"2019-09-03T12:00:00.000Z","","19387005204"
"2019-09-04T00:00:00.000Z","6306","18453790435"
"2019-09-04T12:00:00.000Z","","16742664768"
"2019-09-05T00:00:00.000Z","5938","16620883986"
"2019-09-05T12:00:00.000Z","","14551239507"
"2019-09-06T00:00:00.000Z","6883","15934720505"
"2019-09-06T12:00:00.000Z","","19536574782"
"2019-09-07T00:00:00.000Z","4939","18131928508"
"2019-09-07T12:00:00.000Z","","15307366476"
"2019-09-08T00:00:00.000Z","4959","15215427890"
"2019-09-08T12:00:00.000Z","","13670567492"
"2019-09-09T00:00:00.000Z","5655","15584391446"
"2019-09-09T12:00:00.000Z","","17595943367"
"2019-09-10T00:00:00.000Z","6725","15583952894"
"2019-09-10T12:00:00.000Z","","14906809639"
"2019-09-11T00:00:00.000Z","7067","15998727636"
"2019-09-11T12:00:00.000Z","","15428063426"
"2019-09-12T00:00:00.000Z","6152","14380704431"
"2019-09-12T12:00:00.000Z","","15323563925"
"2019-09-13T00:00:00.000Z","5255","15393062394"
"2019-09-13T12:00:00.000Z","","14109864674"
"2019-09-14T00:00:00.000Z","4453","12559879317"
"2019-09-14T12:00:00.000Z","","13468713124"
"2019-09-15T00:00:00.000Z","4495","14053794893"
"2019-09-15T12:00:00.000Z","","12043433567"
"2019-09-16T00:00:00.000Z","6157","12471351843"
"2019-09-16T12:00:00.000Z","","15160167778"
"2019-09-17T00:00:00.000Z","6720","15140403368"
"2019-09-17T12:00:00.000Z","","15304603363"
"2019-09-18T00:00:00.000Z","7204","16366800978"
"2019-09-18T12:00:00.000Z","","16169268880"
"2019-09-19T00:00:00.000Z","7088","17524293561"
"2019-09-19T12:00:00.000Z","","19937691247"
"2019-09-20T00:00:00.000Z","5589","16915669613"
"2019-09-20T12:00:00.000Z","","14734189639"
"2019-09-21T00:00:00.000Z","4763","14360169107"
"2019-09-21T12:00:00.000Z","","13425266806"
"2019-09-22T00:00:00.000Z","5274","13290853162"
"2019-09-22T12:00:00.000Z","","13205642174"
"2019-09-23T00:00:00.000Z","6494","12710611303"
"2019-09-23T12:00:00.000Z","","15144925408"
"2019-09-24T00:00:00.000Z","10070","16263055812"
"2019-09-24T12:00:00.000Z","","25002886688"
"2019-09-25T00:00:00.000Z","8319","29043076603"
"2019-09-25T12:00:00.000Z","","21744728352"
"2019-09-26T00:00:00.000Z","8141","17170443356"
"2019-09-26T12:00:00.000Z","","19258205289"
"2019-09-27T00:00:00.000Z","7202","19925567393"
"2019-09-27T12:00:00.000Z","","16408941155"
"2019-09-28T00:00:00.000Z","4926","14824189420"
"2019-09-28T12:00:00.000Z","","14141152736"
"2019-09-29T00:00:00.000Z","4422","13743247452"
"2019-09-29T12:00:00.000Z","","13034148499"
"2019-09-30T00:00:00.000Z","5917","15617205847"
"2019-09-30T12:00:00.000Z","","17115474183"
"2019-10-01T00:00:00.000Z","5862","15859920300"
"2019-10-01T12:00:00.000Z","","15305343412"
"2019-10-02T00:00:00.000Z","6261","14304401596"
"2019-10-02T12:00:00.000Z","","13125712442"
"2019-10-03T00:00:00.000Z","6522","12788167422"
"2019-10-03T12:00:00.000Z","","13679351372"
"2019-10-04T00:00:00.000Z","6105","14268938178"
"2019-10-04T12:00:00.000Z","","13139456229"
"2019-10-05T00:00:00.000Z","5033","12045789782"
"2019-10-05T12:00:00.000Z","","12200497197"
"2019-10-06T00:00:00.000Z","6252","12840799055"
"2019-10-06T12:00:00.000Z","","13160830305"
"2019-10-07T00:00:00.000Z","6646","15194562400"
"2019-10-07T12:00:00.000Z","","18009742607"
"2019-10-08T00:00:00.000Z","5377","17734403851"
"2019-10-08T12:00:00.000Z","","15592264032"
"2019-10-09T00:00:00.000Z","6843","14526470730"
"2019-10-09T12:00:00.000Z","","19384942333"
"2019-10-10T00:00:00.000Z","6154","21005935416"
"2019-10-10T12:00:00.000Z","","17618660671"
"2019-10-11T00:00:00.000Z","5845","19741322049"
"2019-10-11T12:00:00.000Z","","19604381101"
"2019-10-12T00:00:00.000Z","4085","16253694194"
"2019-10-12T12:00:00.000Z","","14532641604"
"2019-10-13T00:00:00.000Z","4568","12871117538"
"2019-10-13T12:00:00.000Z","","13808286058"
"2019-10-14T00:00:00.000Z","5181","15157838978"
"2019-10-14T12:00:00.000Z","","15151387859"
"2019-10-15T00:00:00.000Z","5694","14747672273"
"2019-10-15T12:00:00.000Z","","15220412631"
"2019-10-16T00:00:00.000Z","6905","15493048159"
"2019-10-16T12:00:00.000Z","","16071646995"
"2019-10-17T00:00:00.000Z","6761","15891227871"
"2019-10-17T12:00:00.000Z","","14313052244"
"2019-10-18T00:00:00.000Z","6552","15226305096"
"2019-10-18T12:00:00.000Z","","15651592610"
"2019-10-19T00:00:00.000Z","5178","13402339885"
"2019-10-19T12:00:00.000Z","","13797825640"
"2019-10-20T00:00:00.000Z","5277","14136734011"
"2019-10-20T12:00:00.000Z","","15504249442"
"2019-10-21T00:00:00.000Z","5600","16314561232"
"2019-10-21T12:00:00.000Z","","15868748865"
"2019-10-22T00:00:00.000Z","6315","16689111828"
"2019-10-22T12:00:00.000Z","","16803377856"
"2019-10-23T00:00:00.000Z","8636","16650913513"
"2019-10-23T12:00:00.000Z","","21942878957"
"2019-10-24T00:00:00.000Z","7432","22417582216"
"2019-10-24T12:00:00.000Z","","16268708848"
"2019-10-25T00:00:00.000Z","9125","16798366636"
"2019-10-25T12:00:00.000Z","","28730023561"
"2019-10-26T00:00:00.000Z","10591","47397834025"
"2019-10-26T12:00:00.000Z","","44496255608"
"2019-10-27T00:00:00.000Z","7110","30264102576"
"2019-10-27T12:00:00.000Z","","32593129500"
"2019-10-28T00:00:00.000Z","6844","36598488641"
"2019-10-28T12:00:00.000Z","","30948255331"
"2019-10-29T00:00:00.000Z","6972","27725895279"
"2019-10-29T12:00:00.000Z","","28426779937"
"2019-10-30T00:00:00.000Z","6956","28768559183"
"2019-10-30T12:00:00.000Z","","27706531577"
"2019-10-31T00:00:00.000Z","6867","25283384749"
"2019-10-31T12:00:00.000Z","","26583653946"
"2019-11-01T00:00:00.000Z","6014","26430734700"
"2019-11-01T12:00:00.000Z","","24329618523"
"2019-11-02T00:00:00.000Z","5588","22376164549"
"2019-11-02T12:00:00.000Z","","21242676385"
"2019-11-03T00:00:00.000Z","4827","22034843360"
"2019-11-03T12:00:00.000Z","","21132220847"
"2019-11-04T00:00:00.000Z","6115","20623320040"
"2019-11-04T12:00:00.000Z","","26170255634"
"2019-11-05T00:00:00.000Z","6061","28696918494"
"2019-11-05T12:00:00.000Z","","26198609047"
"2019-11-06T00:00:00.000Z","6265","25562977758"
"2019-11-06T12:00:00.000Z","","23133895764"
"2019-11-07T00:00:00.000Z","6116","22797963701"
"2019-11-07T12:00:00.000Z","","22700383838"
"2019-11-08T00:00:00.000Z","6093","21953948880"
"2019-11-08T12:00:00.000Z","","24333037836"
"2019-11-09T00:00:00.000Z","5882","21493281733"
"2019-11-09T12:00:00.000Z","","17578630605"
"2019-11-10T00:00:00.000Z","4916","18270911005"
"2019-11-10T12:00:00.000Z","","20587919881"
"2019-11-11T00:00:00.000Z","5677","22752096536"
"2019-11-11T12:00:00.000Z","","20265510765"
"2019-11-12T00:00:00.000Z","5877","17866138988"
"2019-11-12T12:00:00.000Z","","20309769107"
"2019-11-13T00:00:00.000Z","5904","19879212537"
"2019-11-13T12:00:00.000Z","","17545755404"
"2019-11-14T00:00:00.000Z","6279","18892818010"
"2019-11-14T12:00:00.000Z","","19084739974"
"2019-11-15T00:00:00.000Z","6590","20115150672"
"2019-11-15T12:00:00.000Z","","21796856471"
"2019-11-16T00:00:00.000Z","4973","19459836040"
"2019-11-16T12:00:00.000Z","","16495389808"
"2019-11-17T00:00:00.000Z","5161","17656245956"
"2019-11-17T12:00:00.000Z","","18668638896"
"2019-11-18T00:00:00.000Z","6054","17949928239"
"2019-11-18T12:00:00.000Z","","21579470673"
"2019-11-19T00:00:00.000Z","6606","23321805180"
"2019-11-19T12:00:00.000Z","","21084721709"
"2019-11-20T00:00:00.000Z","5949","21664262625"
"2019-11-20T12:00:00.000Z","","20764300436"
"2019-11-21T00:00:00.000Z","9132","19205800109"
"2019-11-21T12:00:00.000Z","","22514243371"
"2019-11-22T00:00:00.000Z","10883","29489981250"
"2019-11-22T12:00:00.000Z","","34242315784"
"2019-11-23T00:00:00.000Z","7231","26710951659"
"2019-11-23T12:00:00.000Z","","21008924417"
"2019-11-24T00:00:00.000Z","7601","23087185603"
"2019-11-24T12:00:00.000Z","","30433517289"
"2019-11-25T00:00:00.000Z","9921","45455024974"
"2019-11-25T12:00:00.000Z","","42685231261"
"2019-11-26T00:00:00.000Z","6545","26912602579"
"2019-11-26T12:00:00.000Z","","21129505542"
"2019-11-27T00:00:00.000Z","7072","19311142364"
"2019-11-27T12:00:00.000Z","","23991412764"
"2019-11-28T00:00:00.000Z","6244","22569265825"
"2019-11-28T12:00:00.000Z","","19050116751"
"2019-11-29T00:00:00.000Z","7580","17924114071"
"2019-11-29T12:00:00.000Z","","19709695455"
"2019-11-30T00:00:00.000Z","5573","19272868471"
"2019-11-30T12:00:00.000Z","","17158194786"
"2019-12-01T00:00:00.000Z","6617","18617345994"
"2019-12-01T12:00:00.000Z","","18720708479"
"2019-12-02T00:00:00.000Z","7135","17741414157"
"2019-12-02T12:00:00.000Z","","17082040705"
"2019-12-03T00:00:00.000Z","6778","15584914468"
"2019-12-03T12:00:00.000Z","","14797485769"
"2019-12-04T00:00:00.000Z","7629","15981723158"
"2019-12-04T12:00:00.000Z","","21664240918"
"2019-12-05T00:00:00.000Z","6573","22804542256"
"2019-12-05T12:00:00.000Z","","18816085231"
"2019-12-06T00:00:00.000Z","6410","17821023250"
"2019-12-06T12:00:00.000Z","","18104466306"
"2019-12-07T00:00:00.000Z","4956","17335699425"
"2019-12-07T12:00:00.000Z","","15453520564"
"2019-12-08T00:00:00.000Z","5532","15197533018"
"2019-12-08T12:00:00.000Z","","15417522705"
"2019-12-09T00:00:00.000Z","6721","15418154779"
"2019-12-09T12:00:00.000Z","","17872021272"
"2019-12-10T00:00:00.000Z","6939","18990394799"
"2019-12-10T12:00:00.000Z","","18249031194"
"2019-12-11T00:00:00.000Z","5656","17103398657"
"2019-12-11T12:00:00.000Z","","16327011323"
"2019-12-12T00:00:00.000Z","6582","18058923665"
"2019-12-12T12:00:00.000Z","","18927080224"
"2019-12-13T00:00:00.000Z","6558","17462228715"
"2019-12-13T12:00:00.000Z","","17146005456"
"2019-12-14T00:00:00.000Z","5401","16661857945"
"2019-12-14T12:00:00.000Z","","17104818794"
"2019-12-15T00:00:00.000Z","4587","17507657241"
"2019-12-15T12:00:00.000Z","","16881129804"
"2019-12-16T00:00:00.000Z","7041","17351245774"
"2019-12-16T12:00:00.000Z","","20185128551"
"2019-12-17T00:00:00.000Z","8376","20837702261"
"2019-12-17T12:00:00.000Z","","22252489881"
"2019-12-18T00:00:00.000Z","6652","25326923684"
"2019-12-18T12:00:00.000Z","","31830040803"
"2019-12-19T00:00:00.000Z","5889","33789948908"
"2019-12-19T12:00:00.000Z","","25900231822"
"2019-12-20T00:00:00.000Z","5034","22624261747"
"2019-12-20T12:00:00.000Z","","22633815180"
"2019-12-21T00:00:00.000Z","4197","21900662072"
"2019-12-21T12:00:00.000Z","","19312552168"
"2019-12-22T00:00:00.000Z","5203","19176818892"
"2019-12-22T12:00:00.000Z","","23057349326"
"2019-12-23T00:00:00.000Z","6412","26935525507"
"2019-12-23T12:00:00.000Z","","27828522055"
"2019-12-24T00:00:00.000Z","5287","25938019084"
"2019-12-24T12:00:00.000Z","","22969170175"
"2019-12-25T00:00:00.000Z","4503","22073422309"
"2019-12-25T12:00:00.000Z","","21529332268"
"2019-12-26T00:00:00.000Z","5439","21306239182"
"2019-12-26T12:00:00.000Z","","22730243073"
"2019-12-27T00:00:00.000Z","5164","23929877164"
"2019-12-27T12:00:00.000Z","","22783236977"
"2019-12-28T00:00:00.000Z","4920","22817868146"
"2019-12-28T12:00:00.000Z","","21365673026"
"2019-12-29T00:00:00.000Z","5318","20800310811"
"2019-12-29T12:00:00.000Z","","22454381012"
"2019-12-30T00:00:00.000Z","5470","23367884623"
"2019-12-30T12:00:00.000Z","","22884003207"
"2019-12-31T00:00:00.000Z","5221","22194407339"
"2019-12-31T12:00:00.000Z","","21128407543"
"2020-01-01T00:00:00.000Z","4531","20316387735"
"2020-01-01T12:00:00.000Z","","18567180015"
"2020-01-02T00:00:00.000Z","6012","19295178124"
"2020-01-02T12:00:00.000Z","","20802083465"
"2020-01-03T00:00:00.000Z","7028","25669674606"
"2020-01-03T12:00:00.000Z","","28089694282"
"2020-01-04T00:00:00.000Z","5898","24572740146"
"2020-01-04T12:00:00.000Z","","18438895034"
"2020-01-05T00:00:00.000Z","6780","19298908652"
"2020-01-05T12:00:00.000Z","","19691827703"
"2020-01-06T00:00:00.000Z","6942","20969602949"
"2020-01-06T12:00:00.000Z","","23379747632"
"2020-01-07T00:00:00.000Z","8458","24943881897"
"2020-01-07T12:00:00.000Z","","28771470186"
"2020-01-08T00:00:00.000Z","8516","30649876478"
"2020-01-08T12:00:00.000Z","","31672559265"
"2020-01-09T00:00:00.000Z","5927","27820014325"
"2020-01-09T12:00:00.000Z","","24045990466"
"2020-01-10T00:00:00.000Z","6833","24305423047"
"2020-01-10T12:00:00.000Z","","28714583844"
"2020-01-11T00:00:00.000Z","6061","28995830274"
"2020-01-11T12:00:00.000Z","","25521165085"
"2020-01-12T00:00:00.000Z","5485","24480708801"
"2020-01-12T12:00:00.000Z","","22903438381"
"2020-01-13T00:00:00.000Z","5863","22650813261"
"2020-01-13T12:00:00.000Z","","22482910688"
"2020-01-14T00:00:00.000Z","9408","30215537197"
"2020-01-14T12:00:00.000Z","","44841784107"
"2020-01-15T00:00:00.000Z","8208","46497982843"
"2020-01-15T12:00:00.000Z","","40102834650"
"2020-01-16T00:00:00.000Z","6434","34798374116"
"2020-01-16T12:00:00.000Z","","31313981931"
"2020-01-17T00:00:00.000Z","7719","34446801790"
"2020-01-17T12:00:00.000Z","","36372139320"
"2020-01-18T00:00:00.000Z","6041","32995052279"
"2020-01-18T12:00:00.000Z","","32483191214"
"2020-01-19T00:00:00.000Z","7930","34670086631"
"2020-01-19T12:00:00.000Z","","34217320471"
"2020-01-20T00:00:00.000Z","6355","29017343220"
"2020-01-20T12:00:00.000Z","","26422375678"
"2020-01-21T00:00:00.000Z","6254","28891079816"
"2020-01-21T12:00:00.000Z","","24097418512"
"2020-01-22T00:00:00.000Z","5494","24688903654"
"2020-01-22T12:00:00.000Z","","22607828074"
"2020-01-23T00:00:00.000Z","6855","23877877279"
"2020-01-23T12:00:00.000Z","","25770680779"
"2020-01-24T00:00:00.000Z","6250","24703038468"
"2020-01-24T12:00:00.000Z","","24397913026"
"2020-01-25T00:00:00.000Z","5137","22530481131"
"2020-01-25T12:00:00.000Z","","19647331549"
"2020-01-26T00:00:00.000Z","5355","19606793080"
"2020-01-26T12:00:00.000Z","","22177678796"
"2020-01-27T00:00:00.000Z","6737","24292268339"
"2020-01-27T12:00:00.000Z","","28647338393"
"2020-01-28T00:00:00.000Z","7986","32499131229"
"2020-01-28T12:00:00.000Z","","34433349444"
"2020-01-29T00:00:00.000Z","7490","34067412852"
"2020-01-29T12:00:00.000Z","","30682598115"
"2020-01-30T00:00:00.000Z","7037","28114208582"
"2020-01-30T12:00:00.000Z","","32378792851"
"2020-01-31T00:00:00.000Z","5621","32931124372"
"2020-01-31T12:00:00.000Z","","29432489719"
"2020-02-01T00:00:00.000Z","4765","27908533700"
"2020-02-01T12:00:00.000Z","","25922656496"
"2020-02-02T00:00:00.000Z","6755","29185101695"
"2020-02-02T12:00:00.000Z","","30835736946"
"2020-02-03T00:00:00.000Z","6280","30918693483"
"2020-02-03T12:00:00.000Z","","30934096509"
"2020-02-04T00:00:00.000Z","5330","29863333018"
"2020-02-04T12:00:00.000Z","","29893183716"
"2020-02-05T00:00:00.000Z","6078","30104677115"
"2020-02-05T12:00:00.000Z","","35241765522"
"2020-02-06T00:00:00.000Z","5389","37475508029"
"2020-02-06T12:00:00.000Z","","37628823716"
"2020-02-07T00:00:00.000Z","4582","38613343908"
"2020-02-07T12:00:00.000Z","","34522718159"
"2020-02-08T00:00:00.000Z","6301","34453253965"
"2020-02-08T12:00:00.000Z","","35172043762"
"2020-02-09T00:00:00.000Z","8114","35847866353"
"2020-02-09T12:00:00.000Z","","35807884663"
"2020-02-10T00:00:00.000Z","7240","37955713755"
"2020-02-10T12:00:00.000Z","","39372218015"
"2020-02-11T00:00:00.000Z","7188","34195578921"
"2020-02-11T12:00:00.000Z","","37648059389"
"2020-02-12T00:00:00.000Z","7958","43141457915"
"2020-02-12T12:00:00.000Z","","43444303830"
"2020-02-13T00:00:00.000Z","8539","46078981412"
"2020-02-13T12:00:00.000Z","","49354639771"
"2020-02-14T00:00:00.000Z","6824","46708423974"
"2020-02-14T12:00:00.000Z","","43338264162"
"2020-02-15T00:00:00.000Z","6282","40525512676"
"2020-02-15T12:00:00.000Z","","43865054831"
"2020-02-16T00:00:00.000Z","6528","44226565788"
"2020-02-16T12:00:00.000Z","","43374780305"
"2020-02-17T00:00:00.000Z","7429","46760752512"
"2020-02-17T12:00:00.000Z","","45998298413"
"2020-02-18T00:00:00.000Z","7493","44220965538"
"2020-02-18T12:00:00.000Z","","47271023953"
"2020-02-19T00:00:00.000Z","7391","48894817200"
"2020-02-19T12:00:00.000Z","","46992019710"
"2020-02-20T00:00:00.000Z","7121","46888580241"
"2020-02-20T12:00:00.000Z","","44925260237"
"2020-02-21T00:00:00.000Z","6727","43150185110"
"2020-02-21T12:00:00.000Z","","40930547513"
"2020-02-22T00:00:00.000Z","5103","38288840957"
"2020-02-22T12:00:00.000Z","","35838025154"
"2020-02-23T00:00:00.000Z","6026","39492471047"
"2020-02-23T12:00:00.000Z","","41185185761"
"2020-02-24T00:00:00.000Z","7623","40356024421"
"2020-02-24T12:00:00.000Z","","45080496648"
"2020-02-25T00:00:00.000Z","8172","44487157881"
"2020-02-25T12:00:00.000Z","","42515259129"
"2020-02-26T00:00:00.000Z","9671","44066802236"
"2020-02-26T12:00:00.000Z","","50420050762"
"2020-02-27T00:00:00.000Z","8208","52841558740"
"2020-02-27T12:00:00.000Z","","45470195695"
"2020-02-28T00:00:00.000Z","7704","41515033261"
"2020-02-28T12:00:00.000Z","","44605450443"
"2020-02-29T00:00:00.000Z","4991","41480786122"
"2020-02-29T12:00:00.000Z","","35792392544"
"2020-03-01T00:00:00.000Z","6100","36099596445"
"2020-03-01T12:00:00.000Z","","35349164300"
"2020-03-02T00:00:00.000Z","6794","38840033112"
"2020-03-02T12:00:00.000Z","","42857674409"
"2020-03-03T00:00:00.000Z","6599","42429894643"
"2020-03-03T12:00:00.000Z","","42386715821"
"2020-03-04T00:00:00.000Z","5843","38963023658"
"2020-03-04T12:00:00.000Z","","34746706368"
"2020-03-05T00:00:00.000Z","6911","38933033127"
"2020-03-05T12:00:00.000Z","","39698054597"
"2020-03-06T00:00:00.000Z","5729","40169219612"
"2020-03-06T12:00:00.000Z","","40826885651"
"2020-03-07T00:00:00.000Z","5318","36616694293"
"2020-03-07T12:00:00.000Z","","36216930370"
"2020-03-08T00:00:00.000Z","9109","36715246845"
"2020-03-08T12:00:00.000Z","","39973102121"
"2020-03-09T00:00:00.000Z","11289","47717376720"
"2020-03-09T12:00:00.000Z","","46936995808"
"2020-03-10T00:00:00.000Z","7956","43067898582"
"2020-03-10T12:00:00.000Z","","42213940994"
"2020-03-11T00:00:00.000Z","7458","39842915575"
"2020-03-11T12:00:00.000Z","","38682762605"
"2020-03-12T00:00:00.000Z","22899","45093065477"
"2020-03-12T12:00:00.000Z","","54323831107"
"2020-03-13T00:00:00.000Z","22585","72680612561"
"2020-03-13T12:00:00.000Z","","74156772075"
"2020-03-14T00:00:00.000Z","8417","50629870666"
"2020-03-14T12:00:00.000Z","","36154506008"
"2020-03-15T00:00:00.000Z","9587","31956219751"
"2020-03-15T12:00:00.000Z","","33997889639"
"2020-03-16T00:00:00.000Z","13018","40076954935"
"2020-03-16T12:00:00.000Z","","45368026430"
"2020-03-17T00:00:00.000Z","8826","42591042984"
"2020-03-17T12:00:00.000Z","","38622642935"
"2020-03-18T00:00:00.000Z","8356","36802329580"
"2020-03-18T12:00:00.000Z","","37878801016"
"2020-03-19T00:00:00.000Z","10671","40024866155"
"2020-03-19T12:00:00.000Z","","51000731797"
"2020-03-20T00:00:00.000Z","10332","58868036183"
"2020-03-20T12:00:00.000Z","","54442976103"
"2020-03-21T00:00:00.000Z","6607","49527239295"
"2020-03-21T12:00:00.000Z","","42494390880"
"2020-03-22T00:00:00.000Z","7617","39666103850"
"2020-03-22T12:00:00.000Z","","40099664740"
"2020-03-23T00:00:00.000Z","9257","41032397487"
"2020-03-23T12:00:00.000Z","","46491916000"
"2020-03-24T00:00:00.000Z","8442","53754857597"
"2020-03-24T12:00:00.000Z","","48221910672"
"2020-03-25T00:00:00.000Z","7870","46721523505"
"2020-03-25T12:00:00.000Z","","44590107888"
"2020-03-26T00:00:00.000Z","6892","36188607817"
"2020-03-26T12:00:00.000Z","","35319797642"
"2020-03-27T00:00:00.000Z","7299","36301888773"
"2020-03-27T12:00:00.000Z","","34585598367"
"2020-03-28T00:00:00.000Z","7600","34798341846"
"2020-03-28T12:00:00.000Z","","34885225901"
"2020-03-29T00:00:00.000Z","7070","29728181858"
"2020-03-29T12:00:00.000Z","","28373690931"
"2020-03-30T00:00:00.000Z","7669","34671007650"
"2020-03-30T12:00:00.000Z","","37101651525"
"2020-03-31T00:00:00.000Z","6120","35766110745"
"2020-03-31T12:00:00.000Z","","32786468812"
"2020-04-01T00:00:00.000Z","7531","33196370535"
"2020-04-01T12:00:00.000Z","","40346426266"
"2020-04-02T00:00:00.000Z","9438","41110726397"
"2020-04-02T12:00:00.000Z","","47660646124"
"2020-04-03T00:00:00.000Z","7132","48684723507"
"2020-04-03T12:00:00.000Z","","38976504903"
"2020-04-04T00:00:00.000Z","5840","35464645516"
"2020-04-04T12:00:00.000Z","","33185988584"
"2020-04-05T00:00:00.000Z","5686","31480258220"
"2020-04-05T12:00:00.000Z","","29510409856"
"2020-04-06T00:00:00.000Z","9089","39033860329"
"2020-04-06T12:00:00.000Z","","46896904615"
"2020-04-07T00:00:00.000Z","8390","46616260670"
"2020-04-07T12:00:00.000Z","","44243482668"
"2020-04-08T00:00:00.000Z","7350","41530157843"
"2020-04-08T12:00:00.000Z","","37563249549"
"2020-04-09T00:00:00.000Z","6964","34077694431"
"2020-04-09T12:00:00.000Z","","34810961413"
"2020-04-10T00:00:00.000Z","8894","41162670105"
"2020-04-10T12:00:00.000Z","","43622840992"
"2020-04-11T00:00:00.000Z","6052","36105422302"
"2020-04-11T12:00:00.000Z","","31222085946"
"2020-04-12T00:00:00.000Z","7050","29355682082"
"2020-04-12T12:00:00.000Z","","35759567632"
"2020-04-13T00:00:00.000Z","8414","41615959956"
"2020-04-13T12:00:00.000Z","","38619308647"
"2020-04-14T00:00:00.000Z","6827","34198373630"
"2020-04-14T12:00:00.000Z","","33869793002"
"2020-04-15T00:00:00.000Z","7244","33680520866"
"2020-04-15T12:00:00.000Z","","32288311031"
"2020-04-16T00:00:00.000Z","9862","43569667395"
"2020-04-16T12:00:00.000Z","","46818340027"
"2020-04-17T00:00:00.000Z","6841","36768240933"
"2020-04-17T12:00:00.000Z","","32513423567"
"2020-04-18T00:00:00.000Z","7127","29815960032"
"2020-04-18T12:00:00.000Z","","32447188386"
"2020-04-19T00:00:00.000Z","6744","33895848024"
"2020-04-19T12:00:00.000Z","","31311210215"
"2020-04-20T00:00:00.000Z","9688","32439427413"
"2020-04-20T12:00:00.000Z","","37747113936"
"2020-04-21T00:00:00.000Z","8442","36992259312"
"2020-04-21T12:00:00.000Z","","32589741511"
"2020-04-22T00:00:00.000Z","8016","31128502430"
"2020-04-22T12:00:00.000Z","","33249153866"
"2020-04-23T00:00:00.000Z","10472","35385251113"
"2020-04-23T12:00:00.000Z","","43500782316"
"2020-04-24T00:00:00.000Z","7808","43584388194"
"2020-04-24T12:00:00.000Z","","34793093245"
"2020-04-25T00:00:00.000Z","6890","33882299353"
"2020-04-25T12:00:00.000Z","","32941541447"
"2020-04-26T00:00:00.000Z","7205","31580710522"
"2020-04-26T12:00:00.000Z","","33070154491"
"2020-04-27T00:00:00.000Z","8820","37297832368"
"2020-04-27T12:00:00.000Z","","36162144725"
"2020-04-28T00:00:00.000Z","8147","32595003274"
"2020-04-28T12:00:00.000Z","","33187959921"
"2020-04-29T00:00:00.000Z","16905","39572383709"
"2020-04-29T12:00:00.000Z","","60201052203"
"2020-04-30T00:00:00.000Z","16192","74894056035"
"2020-04-30T12:00:00.000Z","","66964629541"
"2020-05-01T00:00:00.000Z","9627","51475560131"
"2020-05-01T12:00:00.000Z","","44068389997"
"2020-05-02T00:00:00.000Z","8117","39536458326"
"2020-05-02T12:00:00.000Z","","40134388683"
"2020-05-03T00:00:00.000Z","10242","46313417208"
"2020-05-03T12:00:00.000Z","","47101785174"
"2020-05-04T00:00:00.000Z","9145","46891284180"
"2020-05-04T12:00:00.000Z","","45718796276"
"2020-05-05T00:00:00.000Z","9076","44451871789"
"2020-05-05T12:00:00.000Z","","43148462663"
"2020-05-06T00:00:00.000Z","11365","45413629160"
"2020-05-06T12:00:00.000Z","","49371886931"
"2020-05-07T00:00:00.000Z","16753","46962883372"
"2020-05-07T12:00:00.000Z","","61112700562"
"2020-05-08T00:00:00.000Z","12798","66002155806"
"2020-05-08T12:00:00.000Z","","51780748042"
"2020-05-09T00:00:00.000Z","10068","48395152647"
"2020-05-09T12:00:00.000Z","","46579620988"
"2020-05-10T00:00:00.000Z","16794","58917197613"
"2020-05-10T12:00:00.000Z","","63325279337"
"2020-05-11T00:00:00.000Z","18195","48616533038"
"2020-05-11T12:00:00.000Z","","57119858802"
"2020-05-12T00:00:00.000Z","10796","55882076770"
"2020-05-12T12:00:00.000Z","","42142717533"
"2020-05-13T00:00:00.000Z","10167","41875165553"
"2020-05-13T12:00:00.000Z","","45558144023"
"2020-05-14T00:00:00.000Z","12145","55721278261"
"2020-05-14T12:00:00.000Z","","56426907637"
"2020-05-15T00:00:00.000Z","11710","52956431193"
"2020-05-15T12:00:00.000Z","","48158802327"
"2020-05-16T00:00:00.000Z","10478","41326624937"
"2020-05-16T12:00:00.000Z","","36164766408"
"2020-05-17T00:00:00.000Z","9635","35179057365"
"2020-05-17T12:00:00.000Z","","40084250663"
"2020-05-18T00:00:00.000Z","10712","45609820224"
"2020-05-18T12:00:00.000Z","","41827139896"
"2020-05-19T00:00:00.000Z","8915","39201487449"
"2020-05-19T12:00:00.000Z","","39314475919"
"2020-05-20T00:00:00.000Z","11835","33658841201"
"2020-05-20T12:00:00.000Z","","36546239703"
"2020-05-21T00:00:00.000Z","11797","37636411144"
"2020-05-21T12:00:00.000Z","","39326160532"
"2020-05-22T00:00:00.000Z","9222","38175435740"
"2020-05-22T12:00:00.000Z","","29810773699"
"2020-05-23T00:00:00.000Z","6733","28637025711"
"2020-05-23T12:00:00.000Z","","27727866812"
"2020-05-24T00:00:00.000Z","9209","27663492653"
"2020-05-24T12:00:00.000Z","","32518803300"
"2020-05-25T00:00:00.000Z","8509","34754526624"
"2020-05-25T12:00:00.000Z","","31288157264"
"2020-05-26T00:00:00.000Z","7676","30098650485"
"2020-05-26T12:00:00.000Z","","29584186947"
"2020-05-27T00:00:00.000Z","8844","30480783976"
"2020-05-27T12:00:00.000Z","","32740536902"
"2020-05-28T00:00:00.000Z","8755","30964280820"
"2020-05-28T12:00:00.000Z","","34367073114"
"2020-05-29T00:00:00.000Z","6931","37271913813"
"2020-05-29T12:00:00.000Z","","32896642044"
"2020-05-30T00:00:00.000Z","7344","31121947085"
"2020-05-30T12:00:00.000Z","","32722975141"
"2020-05-31T00:00:00.000Z","6583","29514585408"
"2020-05-31T12:00:00.000Z","","27780483374"
"2020-06-01T00:00:00.000Z","9739","28539557576"
"2020-06-01T12:00:00.000Z","","35198901068"
"2020-06-02T00:00:00.000Z","12767","39672835308"
"2020-06-02T12:00:00.000Z","","39137252109"
"2020-06-03T00:00:00.000Z","6714","33851832675"
"2020-06-03T12:00:00.000Z","","25007459262"
"2020-06-04T00:00:00.000Z","6801","24814054073"
"2020-06-04T12:00:00.000Z","","25921805072"
"2020-06-05T00:00:00.000Z","6493","25861297837"
"2020-06-05T12:00:00.000Z","","23509628646"
"2020-06-06T00:00:00.000Z","5674","21982490972"
"2020-06-06T12:00:00.000Z","","20438419222"
"2020-06-07T00:00:00.000Z","6592","19093884692"
"2020-06-07T12:00:00.000Z","","25015250846"
"2020-06-08T00:00:00.000Z","6033","26573775343"
"2020-06-08T12:00:00.000Z","","21486346312"
"2020-06-09T00:00:00.000Z","6432","22867011288"
"2020-06-09T12:00:00.000Z","","23717842783"
"2020-06-10T00:00:00.000Z","7219","22735024618"
"2020-06-10T12:00:00.000Z","","25706567601"
"2020-06-11T00:00:00.000Z","9872","26627658851"
"2020-06-11T12:00:00.000Z","","30259021273"
"2020-06-12T00:00:00.000Z","6171","30395382852"
"2020-06-12T12:00:00.000Z","","22610564515"
"2020-06-13T00:00:00.000Z","4947","20009338472"
"2020-06-13T12:00:00.000Z","","17564322315"
"2020-06-14T00:00:00.000Z","5713","16753259933"
"2020-06-14T12:00:00.000Z","","18991732746"
"2020-06-15T00:00:00.000Z","9215","23482131284"
"2020-06-15T12:00:00.000Z","","26699704768"
"2020-06-16T00:00:00.000Z","7636","23703778779"
"2020-06-16T12:00:00.000Z","","21565537209"
"2020-06-17T00:00:00.000Z","7697","19484860328"
"2020-06-17T12:00:00.000Z","","20177709879"
"2020-06-18T00:00:00.000Z","6987","19505992987"
"2020-06-18T12:00:00.000Z","","17770083003"
"2020-06-19T00:00:00.000Z","7746","19309177130"
"2020-06-19T12:00:00.000Z","","19632223107"
"2020-06-20T00:00:00.000Z","6318","17986429126"
"2020-06-20T12:00:00.000Z","","17130541557"
"2020-06-21T00:00:00.000Z","4964","15603805842"
"2020-06-21T12:00:00.000Z","","15324301169"
"2020-06-22T00:00:00.000Z","9213","17033481935"
"2020-06-22T12:00:00.000Z","","21104009514"
"2020-06-23T00:00:00.000Z","6806","20423089813"
"2020-06-23T12:00:00.000Z","","17006433272"
"2020-06-24T00:00:00.000Z","9369","17931261719"
"2020-06-24T12:00:00.000Z","","18961716076"
"2020-06-25T00:00:00.000Z","8385","20009737089"
"2020-06-25T12:00:00.000Z","","18583561992"
"2020-06-26T00:00:00.000Z","7490","17961303562"
"2020-06-26T12:00:00.000Z","","18341465837"
"2020-06-27T00:00:00.000Z","8167","16218240145"
"2020-06-27T12:00:00.000Z","","17273093144"
"2020-06-28T00:00:00.000Z","6353","16741797039"
"2020-06-28T12:00:00.000Z","","14560870760"
"2020-06-29T00:00:00.000Z","6605","15816911993"
"2020-06-29T12:00:00.000Z","","16460547078"
"2020-06-30T00:00:00.000Z","6107","15999768830"
"2020-06-30T12:00:00.000Z","","15735797744"
"2020-07-01T00:00:00.000Z","6555","16026508373"
"2020-07-01T12:00:00.000Z","","15980608300"
"2020-07-02T00:00:00.000Z","8554","15784601562"
"2020-07-02T12:00:00.000Z","","16335392425"
"2020-07-03T00:00:00.000Z","5618","15225234763"
"2020-07-03T12:00:00.000Z","","13070194615"
"2020-07-04T00:00:00.000Z","4875","12517890325"
"2020-07-04T12:00:00.000Z","","12290528515"
"2020-07-05T00:00:00.000Z","6309","12826309830"
"2020-07-05T12:00:00.000Z","","12903406143"
"2020-07-06T00:00:00.000Z","7746","15164930276"
"2020-07-06T12:00:00.000Z","","17889263252"
"2020-07-07T00:00:00.000Z","6634","16523359674"
"2020-07-07T12:00:00.000Z","","13839652595"
"2020-07-08T00:00:00.000Z","8372","17255596613"
"2020-07-08T12:00:00.000Z","","19702359883"
"2020-07-09T00:00:00.000Z","7763","19333622636"
"2020-07-09T12:00:00.000Z","","18000702524"
"2020-07-10T00:00:00.000Z","6603","17960674375"
"2020-07-10T12:00:00.000Z","","16860035605"
"2020-07-11T00:00:00.000Z","4888","15296639743"
"2020-07-11T12:00:00.000Z","","13249910444"
"2020-07-12T00:00:00.000Z","6116","13107304278"
"2020-07-12T12:00:00.000Z","","14452361907"
"2020-07-13T00:00:00.000Z","5442","16416293309"
"2020-07-13T12:00:00.000Z","","17519821266"
"2020-07-14T00:00:00.000Z","6150","19372387416"
"2020-07-14T12:00:00.000Z","","18085038362"
"2020-07-15T00:00:00.000Z","8231","15800696817"
"2020-07-15T12:00:00.000Z","","15844731575"
"2020-07-16T00:00:00.000Z","8455","16748351375"
"2020-07-16T12:00:00.000Z","","15713967523"
"2020-07-17T00:00:00.000Z","6116","14328760730"
"2020-07-17T12:00:00.000Z","","13944570749"
"2020-07-18T00:00:00.000Z","5105","13044255324"
"2020-07-18T12:00:00.000Z","","12252601475"
"2020-07-19T00:00:00.000Z","5511","12377870480"
"2020-07-19T12:00:00.000Z","","12939002784"
"2020-07-20T00:00:00.000Z","6748","13352406800"
"2020-07-20T12:00:00.000Z","","13755604146"
"2020-07-21T00:00:00.000Z","9970","16246765914"
"2020-07-21T12:00:00.000Z","","18069581956"
"2020-07-22T00:00:00.000Z","9399","16654352271"
"2020-07-22T12:00:00.000Z","","16532254884"
"2020-07-23T00:00:00.000Z","11062","17171644361"
"2020-07-23T12:00:00.000Z","","18146399002"
"2020-07-24T00:00:00.000Z","8894","18325004060"
"2020-07-24T12:00:00.000Z","","16552768325"
"2020-07-25T00:00:00.000Z","9953","16210355629"
"2020-07-25T12:00:00.000Z","","16610070933"
"2020-07-26T00:00:00.000Z","11765","21468086899"
"2020-07-26T12:00:00.000Z","","20507998997"
"2020-07-27T00:00:00.000Z","23391","23791663123"
"2020-07-27T12:00:00.000Z","","35359749590"
"2020-07-28T00:00:00.000Z","15040","36639611378"
"2020-07-28T12:00:00.000Z","","28766551142"
"2020-07-29T00:00:00.000Z","12207","25414859986"
"2020-07-29T12:00:00.000Z","","24617249715"
"2020-07-30T00:00:00.000Z","9041","24726623372"
"2020-07-30T12:00:00.000Z","","22857247901"
"2020-07-31T00:00:00.000Z","10350","20670767121"
"2020-07-31T12:00:00.000Z","","23160469766"
"2020-08-01T00:00:00.000Z","12305","26977389040"
"2020-08-01T12:00:00.000Z","","26075670303"
"2020-08-02T00:00:00.000Z","15082","30376479358"
"2020-08-02T12:00:00.000Z","","27410067336"
"2020-08-03T00:00:00.000Z","9261","20205154847"
"2020-08-03T12:00:00.000Z","","20271713443"
"2020-08-04T00:00:00.000Z","9036","23419964169"
"2020-08-04T12:00:00.000Z","","21250197042"
"2020-08-05T00:00:00.000Z","10532","21554791124"
"2020-08-05T12:00:00.000Z","","24411254471"
"2020-08-06T00:00:00.000Z","10123","24676685692"
"2020-08-06T12:00:00.000Z","","23400720491"
"2020-08-07T00:00:00.000Z","10811","23394325057"
"2020-08-07T12:00:00.000Z","","23132312867"
"2020-08-08T00:00:00.000Z","7842","21932869591"
"2020-08-08T12:00:00.000Z","","17572057837"
"2020-08-09T00:00:00.000Z","7366","18266988338"
"2020-08-09T12:00:00.000Z","","17489608833"
"2020-08-10T00:00:00.000Z","12160","24302004067"
"2020-08-10T12:00:00.000Z","","26118699108"
"2020-08-11T00:00:00.000Z","11887","23509778933"
"2020-08-11T12:00:00.000Z","","27039782640"
"2020-08-12T00:00:00.000Z","8531","27637429932"
"2020-08-12T12:00:00.000Z","","25064548486"
"2020-08-13T00:00:00.000Z","9986","25547428625"
"2020-08-13T12:00:00.000Z","","27522199497"
"2020-08-14T00:00:00.000Z","8620","27485039406"
"2020-08-14T12:00:00.000Z","","24237958589"
"2020-08-15T00:00:00.000Z","9859","23970037986"
"2020-08-15T12:00:00.000Z","","23354924400"
"2020-08-16T00:00:00.000Z","7854","21465468636"
"2020-08-16T12:00:00.000Z","","20593934924"
"2020-08-17T00:00:00.000Z","12808","20596778580"
"2020-08-17T12:00:00.000Z","","28227687027"
"2020-08-18T00:00:00.000Z","10279","29970916165"
"2020-08-18T12:00:00.000Z","","26043227672"
"2020-08-19T00:00:00.000Z","10144","27963028340"
"2020-08-19T12:00:00.000Z","","24502851117"
"2020-08-20T00:00:00.000Z","7484","21994615824"
"2020-08-20T12:00:00.000Z","","20196793938"
"2020-08-21T00:00:00.000Z","8018","21739340192"
"2020-08-21T12:00:00.000Z","","23777319859"
"2020-08-22T00:00:00.000Z","6075","24856248066"
"2020-08-22T12:00:00.000Z","","20224191306"
"2020-08-23T00:00:00.000Z","5663","18259824869"
"2020-08-23T12:00:00.000Z","","18482062658"
"2020-08-24T00:00:00.000Z","6170","20778152977"
"2020-08-24T12:00:00.000Z","","20681511755"
"2020-08-25T00:00:00.000Z","9011","21887050085"
"2020-08-25T12:00:00.000Z","","26301509932"
"2020-08-26T00:00:00.000Z","7314","26502463108"
"2020-08-26T12:00:00.000Z","","22466660958"
"2020-08-27T00:00:00.000Z","7248","22048044506"
"2020-08-27T12:00:00.000Z","","23240415076"
"2020-08-28T00:00:00.000Z","5412","23669650982"
"2020-08-28T12:00:00.000Z","","19807127588"
"2020-08-29T00:00:00.000Z","4435","19111044008"
"2020-08-29T12:00:00.000Z","","17485597759"
"2020-08-30T00:00:00.000Z","4821","18987259179"
"2020-08-30T12:00:00.000Z","","19760127945"
"2020-08-31T00:00:00.000Z","5732","21207947643"
"2020-08-31T12:00:00.000Z","","22285928250"
"2020-09-01T00:00:00.000Z","6939","27429298951"
"2020-09-01T12:00:00.000Z","","27311555343"
"2020-09-02T00:00:00.000Z","5912","29267928020"
"2020-09-02T12:00:00.000Z","","28037405299"
"2020-09-03T00:00:00.000Z","8579","25233481101"
"2020-09-03T12:00:00.000Z","","31927261555"
"2020-09-04T00:00:00.000Z","7106","36010478710"
"2020-09-04T12:00:00.000Z","","29965130374"
"2020-09-05T00:00:00.000Z","7169","33156705015"
"2020-09-05T12:00:00.000Z","","44916565292"
"2020-09-06T00:00:00.000Z","4811","49116629482"
"2020-09-06T12:00:00.000Z","","37071460174"
"2020-09-07T00:00:00.000Z","6173","34167906591"
"2020-09-07T12:00:00.000Z","","33703098409"
"2020-09-08T00:00:00.000Z","5701","33156852323"
"2020-09-08T12:00:00.000Z","","33430927462"
"2020-09-09T00:00:00.000Z","5086","30754397072"
"2020-09-09T12:00:00.000Z","","24128292755"
"2020-09-10T00:00:00.000Z","5529","43679651597"
"2020-09-10T12:00:00.000Z","","54406443211"
"2020-09-11T00:00:00.000Z","4362","31047245397"
"2020-09-11T12:00:00.000Z","","45201121775"
"2020-09-12T00:00:00.000Z","3821","74954793838"
"2020-09-12T12:00:00.000Z","","36750077324"
"2020-09-13T00:00:00.000Z","5116","27574093494"
"2020-09-13T12:00:00.000Z","","36506852789"
"2020-09-14T00:00:00.000Z","4327","27819342225"
"2020-09-14T12:00:00.000Z","","35453581940"
"2020-09-15T00:00:00.000Z","4277","30725658801"
"2020-09-15T12:00:00.000Z","","32509451925"
"2020-09-16T00:00:00.000Z","6923","40013116231"
"2020-09-16T12:00:00.000Z","","30758859422"
"2020-09-17T00:00:00.000Z","5566","38462035459"
"2020-09-17T12:00:00.000Z","","38151810523"
"2020-09-18T00:00:00.000Z","5266","27950845204"
"2020-09-18T12:00:00.000Z","","26304668433"
"2020-09-19T00:00:00.000Z","4686","26386974775"
"2020-09-19T12:00:00.000Z","","22764204008"
"2020-09-20T00:00:00.000Z","4982","23293269923"
"2020-09-20T12:00:00.000Z","","24699523788"
"2020-09-21T00:00:00.000Z","7447","28300534241"
"2020-09-21T12:00:00.000Z","","28884999244"
"2020-09-22T00:00:00.000Z","5109","28353492570"
"2020-09-22T12:00:00.000Z","","23621787804"
"2020-09-23T00:00:00.000Z","6061","23454446684"
"2020-09-23T12:00:00.000Z","","23788661867"
"2020-09-24T00:00:00.000Z","5738","52654825291"
"2020-09-24T12:00:00.000Z","","47144380902"
"2020-09-25T00:00:00.000Z","4542","47756688245"
"2020-09-25T12:00:00.000Z","","39348590957"
"2020-09-26T00:00:00.000Z","3828","39376643189"
"2020-09-26T12:00:00.000Z","","46852525493"
"2020-09-27T00:00:00.000Z","4620","52460897880"
"2020-09-27T12:00:00.000Z","","53745972818"
"2020-09-28T00:00:00.000Z","4596","45601658996"
"2020-09-28T12:00:00.000Z","","47762394731"
"2020-09-29T00:00:00.000Z","4969","58862214222"
"2020-09-29T12:00:00.000Z","","46582396602"
"2020-09-30T00:00:00.000Z","4338","51475450270"
"2020-09-30T12:00:00.000Z","","44171073700"
"2020-10-01T00:00:00.000Z","6257","35003714253"
"2020-10-01T12:00:00.000Z","","40023134100"
"2020-10-02T00:00:00.000Z","5927","51765646244"
"2020-10-02T12:00:00.000Z","","48661453918"
"2020-10-03T00:00:00.000Z","3691","49266474870"
"2020-10-03T12:00:00.000Z","","44660271563"
"2020-10-04T00:00:00.000Z","4194","56666177699"
"2020-10-04T12:00:00.000Z","","71251776995"
"2020-10-05T00:00:00.000Z","4831","58301212774"
"2020-10-05T12:00:00.000Z","","47537578009"
"2020-10-06T00:00:00.000Z","5151","49344394922"
"2020-10-06T12:00:00.000Z","","42623695307"
"2020-10-07T00:00:00.000Z","4338","49570307017"
"2020-10-07T12:00:00.000Z","","37799458436"
"2020-10-08T00:00:00.000Z","7035","57101064908"
"2020-10-08T12:00:00.000Z","","63314794397"
"2020-10-09T00:00:00.000Z","5866","38630474219"
"2020-10-09T12:00:00.000Z","","22799117613"
"2020-10-10T00:00:00.000Z","6052","26153114035"
"2020-10-10T12:00:00.000Z","","22877978588"
"2020-10-11T00:00:00.000Z","5302","21053412492"
"2020-10-11T12:00:00.000Z","","19968627060"
"2020-10-12T00:00:00.000Z","6969","22258538968"
"2020-10-12T12:00:00.000Z","","26163972642"
"2020-10-13T00:00:00.000Z","5730","28486303895"
"2020-10-13T12:00:00.000Z","","24241420251"
"2020-10-14T00:00:00.000Z","4991","23126408222"
"2020-10-14T12:00:00.000Z","","24103426719"
"2020-10-15T00:00:00.000Z","5092","25735368003"
"2020-10-15T12:00:00.000Z","","24487233058"
"2020-10-16T00:00:00.000Z","4493","29665553138"
"2020-10-16T12:00:00.000Z","","25635480772"
"2020-10-17T00:00:00.000Z","3539","21166911942"
"2020-10-17T12:00:00.000Z","","19130430174"
"2020-10-18T00:00:00.000Z","3917","19935772532"
"2020-10-18T12:00:00.000Z","","18283314340"
"2020-10-19T00:00:00.000Z","6705","20132113260"
"2020-10-19T12:00:00.000Z","","23860769928"
"2020-10-20T00:00:00.000Z","8087","29199011781"
"2020-10-20T12:00:00.000Z","","30915821592"
"2020-10-21T00:00:00.000Z","13885","36965383923"
"2020-10-21T12:00:00.000Z","","43414712626"
"2020-10-22T00:00:00.000Z","9755","42251977202"
"2020-10-22T12:00:00.000Z","","34729759598"
"2020-10-23T00:00:00.000Z","6015","35533761875"
"2020-10-23T12:00:00.000Z","","28974975003"
"2020-10-24T00:00:00.000Z","5715","26680249995"
"2020-10-24T12:00:00.000Z","","24542317940"
"2020-10-25T00:00:00.000Z","6200","28044230404"
"2020-10-25T12:00:00.000Z","","24406920575"
"2020-10-26T00:00:00.000Z","7235","24243784895"
"2020-10-26T12:00:00.000Z","","29461458313"
"2020-10-27T00:00:00.000Z","9880","33646013200"
"2020-10-27T12:00:00.000Z","","33749878156"
"2020-10-28T00:00:00.000Z","9160","37819525616"
"2020-10-28T12:00:00.000Z","","35867318895"
"2020-10-29T00:00:00.000Z","6858","32991884530"
"2020-10-29T12:00:00.000Z","","56499499598"
"2020-10-30T00:00:00.000Z","7450","34140280129"
"2020-10-30T12:00:00.000Z","","30581485201"
"2020-10-31T00:00:00.000Z","7002","32824738246"
"2020-10-31T12:00:00.000Z","","30306464719"
"2020-11-01T00:00:00.000Z","5874","26378975610"
"2020-11-01T12:00:00.000Z","","24453857900"
"2020-11-02T00:00:00.000Z","6753","29308927159"
"2020-11-02T12:00:00.000Z","","30771455468"
"2020-11-03T00:00:00.000Z","7597","30916793773"
"2020-11-03T12:00:00.000Z","","29869951617"
"2020-11-04T00:00:00.000Z","7826","32413047376"
"2020-11-04T12:00:00.000Z","","35116364962"
"2020-11-05T00:00:00.000Z","13736","33737597901"
"2020-11-05T12:00:00.000Z","","40856321439"
"2020-11-06T00:00:00.000Z","10355","75799260251"
"2020-11-06T12:00:00.000Z","","39837841971"
"2020-11-07T00:00:00.000Z","9296","33205564513"
"2020-11-07T12:00:00.000Z","","35024953706"
"2020-11-08T00:00:00.000Z","6742","35177807914"
"2020-11-08T12:00:00.000Z","","26632075029"
"2020-11-09T00:00:00.000Z","7297","29844382569"
"2020-11-09T12:00:00.000Z","","34149115566"
"2020-11-10T00:00:00.000Z","6096","35091512987"
"2020-11-10T12:00:00.000Z","","25574938143"
"2020-11-11T00:00:00.000Z","7975","28442779175"
"2020-11-11T12:00:00.000Z","","29772374934"
"2020-11-12T00:00:00.000Z","8756","33722651546"
"2020-11-12T12:00:00.000Z","","34175758344"
"2020-11-13T00:00:00.000Z","7441","35803771744"
"2020-11-13T12:00:00.000Z","","31599492172"
"2020-11-14T00:00:00.000Z","6455","30711651232"
"2020-11-14T12:00:00.000Z","","27481710135"
"2020-11-15T00:00:00.000Z","5205","25964398121"
"2020-11-15T12:00:00.000Z","","23653867583"
"2020-11-16T00:00:00.000Z","8068","27787415341"
"2020-11-16T12:00:00.000Z","","31709091395"
"2020-11-17T00:00:00.000Z","13135","34390742333"
"2020-11-17T12:00:00.000Z","","39006849170"
"2020-11-18T00:00:00.000Z","14732","53287656455"
"2020-11-18T12:00:00.000Z","","49064800278"
"2020-11-19T00:00:00.000Z","9668","42263471840"
"2020-11-19T12:00:00.000Z","","36985055355"
"2020-11-20T00:00:00.000Z","10945","37431726815"
"2020-11-20T12:00:00.000Z","","36992873940"
"2020-11-21T00:00:00.000Z","9723","39481762643"
"2020-11-21T12:00:00.000Z","","39650210707"
"2020-11-22T00:00:00.000Z","8791","42783855472"
"2020-11-22T12:00:00.000Z","","41280434226"
"2020-11-23T00:00:00.000Z","9514","43122113506"
"2020-11-23T12:00:00.000Z","","42741112308"
"2020-11-24T00:00:00.000Z","12942","53180473863"
"2020-11-24T12:00:00.000Z","","51469565009"
"2020-11-25T00:00:00.000Z","10715","49093987228"
"2020-11-25T12:00:00.000Z","","43710357371"
"2020-11-26T00:00:00.000Z","15316","58296667163"
"2020-11-26T12:00:00.000Z","","61396835737"
"2020-11-27T00:00:00.000Z","8530","48621953379"
"2020-11-27T12:00:00.000Z","","38886494645"
"2020-11-28T00:00:00.000Z","7646","33791021665"
"2020-11-28T12:00:00.000Z","","32601040734"
"2020-11-29T00:00:00.000Z","8207","35823813928"
"2020-11-29T12:00:00.000Z","","31133957704"
"2020-11-30T00:00:00.000Z","12623","36079177273"
"2020-11-30T12:00:00.000Z","","47728480399"
"2020-12-01T00:00:00.000Z","12065","52949733091"
"2020-12-01T12:00:00.000Z","","49633658712"
"2020-12-02T00:00:00.000Z","9578","50005133530"
"2020-12-02T12:00:00.000Z","","37387697139"
"2020-12-03T00:00:00.000Z","8923","36521545676"
"2020-12-03T12:00:00.000Z","","31930317405"
"2020-12-04T00:00:00.000Z","8408","33614986064"
"2020-12-04T12:00:00.000Z","","33872388058"
"2020-12-05T00:00:00.000Z","6731","34408684562"
"2020-12-05T12:00:00.000Z","","27242455064"
"2020-12-06T00:00:00.000Z","7362","26444088190"
"2020-12-06T12:00:00.000Z","","25293775714"
"2020-12-07T00:00:00.000Z","6549","26486362314"
"2020-12-07T12:00:00.000Z","","26896357742"
"2020-12-08T00:00:00.000Z","8477","30174658056"
"2020-12-08T12:00:00.000Z","","31692288756"
"2020-12-09T00:00:00.000Z","9071","38799956416"
"2020-12-09T12:00:00.000Z","","34420373071"
"2020-12-10T00:00:00.000Z","7129","26960505765"
"2020-12-10T12:00:00.000Z","","25547132265"
"2020-12-11T00:00:00.000Z","8699","27988139339"
"2020-12-11T12:00:00.000Z","","27919640985"
"2020-12-12T00:00:00.000Z","7234","22535016882"
"2020-12-12T12:00:00.000Z","","21752580802"
"2020-12-13T00:00:00.000Z","7418","24672890154"
"2020-12-13T12:00:00.000Z","","25450468637"
"2020-12-14T00:00:00.000Z","6103","23779605222"
"2020-12-14T12:00:00.000Z","","22473997681"
"2020-12-15T00:00:00.000Z","6395","25354679621"
"2020-12-15T12:00:00.000Z","","26741982541"
"2020-12-16T00:00:00.000Z","12690","26949022567"
"2020-12-16T12:00:00.000Z","","44409011479"
"2020-12-17T00:00:00.000Z","15434","68353822969"
"2020-12-17T12:00:00.000Z","","71378606374"
"2020-12-18T00:00:00.000Z","9417","56867050191"
"2020-12-18T12:00:00.000Z","","40387896275"
"2020-12-19T00:00:00.000Z","8835","35025394172"
"2020-12-19T12:00:00.000Z","","38487546580"
"2020-12-20T00:00:00.000Z","9107","42014946109"
"2020-12-20T12:00:00.000Z","","37844228422"
"2020-12-21T00:00:00.000Z","9575","46789822166"
"2020-12-21T12:00:00.000Z","","45852713981"
"2020-12-22T00:00:00.000Z","8318","48981727657"
"2020-12-22T12:00:00.000Z","","42760354424"
"2020-12-23T00:00:00.000Z","8594","47334403134"
"2020-12-23T12:00:00.000Z","","51146161904"
"2020-12-24T00:00:00.000Z","7920","50963687493"
"2020-12-24T12:00:00.000Z","","41080759713"
"2020-12-25T00:00:00.000Z","7298","41135832249"
"2020-12-25T12:00:00.000Z","","42068395846"
"2020-12-26T00:00:00.000Z","12007","42520360593"
"2020-12-26T12:00:00.000Z","","48332647295"
"2020-12-27T00:00:00.000Z","13306","63251570096"
"2020-12-27T12:00:00.000Z","","66479895605"
"2020-12-28T00:00:00.000Z","11714","63042164938"
"2020-12-28T12:00:00.000Z","","49056742893"
"2020-12-29T00:00:00.000Z","10633","46048726105"
"2020-12-29T12:00:00.000Z","","45265946774"
"2020-12-30T00:00:00.000Z","11907","52195737073"
"2020-12-30T12:00:00.000Z","","51287442704"
"2020-12-31T00:00:00.000Z","11232","47596177504"
"2020-12-31T12:00:00.000Z","","46754964848"
"2021-01-01T00:00:00.000Z","9024","45538150557"
"2021-01-01T12:00:00.000Z","","40730301359"
"2021-01-02T00:00:00.000Z","18652","40217296589"
"2021-01-02T12:00:00.000Z","","67865420765"
"2021-01-03T00:00:00.000Z","16374","87200857590"
"2021-01-03T12:00:00.000Z","","78665235202"
"2021-01-04T00:00:00.000Z","13514","98294598666"
"2021-01-04T12:00:00.000Z","","81163475344"
"2021-01-05T00:00:00.000Z","12374","67901740206"
"2021-01-05T12:00:00.000Z","","67547324782"
"2021-01-06T00:00:00.000Z","13699","70830178036"
"2021-01-06T12:00:00.000Z","","75289433811"
"2021-01-07T00:00:00.000Z","18067","78865062899"
"2021-01-07T12:00:00.000Z","","84762141031"
"2021-01-08T00:00:00.000Z","15766","97579535740"
"2021-01-08T12:00:00.000Z","","88107519480"
"2021-01-09T00:00:00.000Z","12304","78060563310"
"2021-01-09T12:00:00.000Z","","61984162837"
"2021-01-10T00:00:00.000Z","14364","67007941754"
"2021-01-10T12:00:00.000Z","","79980747690"
"2021-01-11T00:00:00.000Z","20593","102098218246"
"2021-01-11T12:00:00.000Z","","123320567399"
"2021-01-12T00:00:00.000Z","14230","107606748944"
"2021-01-12T12:00:00.000Z","","74773277909"
"2021-01-13T00:00:00.000Z","13191","76272994560"
"2021-01-13T12:00:00.000Z","","69364315979"
"2021-01-14T00:00:00.000Z","14216","64487897092"
"2021-01-14T12:00:00.000Z","","63615990033"
"2021-01-15T00:00:00.000Z","12950","63255540995"
"2021-01-15T12:00:00.000Z","","67760757881"
"2021-01-16T00:00:00.000Z","10420","73880396976"
"2021-01-16T12:00:00.000Z","","57706187875"
"2021-01-17T00:00:00.000Z","10010","60450908125"
"2021-01-17T12:00:00.000Z","","52359854336"
"2021-01-18T00:00:00.000Z","10325","50857229192"
"2021-01-18T12:00:00.000Z","","49511702429"
"2021-01-19T00:00:00.000Z","10902","58032406697"
"2021-01-19T12:00:00.000Z","","57244195486"
"2021-01-20T00:00:00.000Z","10617","62029618259"
"2021-01-20T12:00:00.000Z","","66834573161"
"2021-01-21T00:00:00.000Z","12844","68069145637"
"2021-01-21T12:00:00.000Z","","75643067688"
"2021-01-22T00:00:00.000Z","12509","92065071716"
"2021-01-22T12:00:00.000Z","","77207272511"
"2021-01-23T00:00:00.000Z","9133","58155899780"
"2021-01-23T12:00:00.000Z","","48354737975"
"2021-01-24T00:00:00.000Z","9165","48237278547"
"2021-01-24T12:00:00.000Z","","48643830599"
"2021-01-25T00:00:00.000Z","9828","58369327730"
"2021-01-25T12:00:00.000Z","","59897054838"
"2021-01-26T00:00:00.000Z","9317","62534203826"
"2021-01-26T12:00:00.000Z","","60255421470"
"2021-01-27T00:00:00.000Z","11232","57648085609"
"2021-01-27T12:00:00.000Z","","62576762015"
"2021-01-28T00:00:00.000Z","11100","78072761225"
"2021-01-28T12:00:00.000Z","","76517157706"
"2021-01-29T00:00:00.000Z","26658","108069233690"
"2021-01-29T12:00:00.000Z","","117894572511"
"2021-01-30T00:00:00.000Z","15797","90728657832"
"2021-01-30T12:00:00.000Z","","65141828798"
"2021-01-31T00:00:00.000Z","12750","55162723834"
"2021-01-31T12:00:00.000Z","","52754542671"
"2021-02-01T00:00:00.000Z","14101","65238136205"
"2021-02-01T12:00:00.000Z","","61267941951"
"2021-02-02T00:00:00.000Z","12688","63586996357"
"2021-02-02T12:00:00.000Z","","63088585433"
"2021-02-03T00:00:00.000Z","12644","62717570195"
"2021-02-03T12:00:00.000Z","","61166818159"
"2021-02-04T00:00:00.000Z","14042","71824368127"
"2021-02-04T12:00:00.000Z","","68838074392"
"2021-02-05T00:00:00.000Z","11780","62524360042"
"2021-02-05T12:00:00.000Z","","58598066402"
"2021-02-06T00:00:00.000Z","13914","75416561477"
"2021-02-06T12:00:00.000Z","","71326033653"
"2021-02-07T00:00:00.000Z","13362","66986725945"
"2021-02-07T12:00:00.000Z","","65500641143"
"2021-02-08T00:00:00.000Z","23988","65178250055"
"2021-02-08T12:00:00.000Z","","101467222687"
"2021-02-09T00:00:00.000Z","20969","126492821886"
"2021-02-09T12:00:00.000Z","","91809846886"
"2021-02-10T00:00:00.000Z","16665","86889148143"
"2021-02-10T12:00:00.000Z","","87301089896"
"2021-02-11T00:00:00.000Z","15629","85392132746"
"2021-02-11T12:00:00.000Z","","81388911810"
"2021-02-12T00:00:00.000Z","15322","87966337322"
"2021-02-12T12:00:00.000Z","","76555041196"
"2021-02-13T00:00:00.000Z","12659","76233976328"
"2021-02-13T12:00:00.000Z","","70250456155"
"2021-02-14T00:00:00.000Z","13732","76365326925"
"2021-02-14T12:00:00.000Z","","71248675228"
"2021-02-15T00:00:00.000Z","12157","81534144351"
"2021-02-15T12:00:00.000Z","","77069903166"
"2021-02-16T00:00:00.000Z","13322","72349111800"
"2021-02-16T12:00:00.000Z","","77049582886"
"2021-02-17T00:00:00.000Z","15286","89401162836"
"2021-02-17T12:00:00.000Z","","80820545404"
"2021-02-18T00:00:00.000Z","13676","54870020716"
"2021-02-18T12:00:00.000Z","","52054723579"
"2021-02-19T00:00:00.000Z","15942","54201969624"
"2021-02-19T12:00:00.000Z","","63495496918"
"2021-02-20T00:00:00.000Z","15299","62512623357"
"2021-02-20T12:00:00.000Z","","68145460026"
"2021-02-21T00:00:00.000Z","14768","64539331019"
"2021-02-21T12:00:00.000Z","","51897585191"
"2021-02-22T00:00:00.000Z","15606","60096374526"
"2021-02-22T12:00:00.000Z","","92052420332"
"2021-02-23T00:00:00.000Z","17623","107325188700"
"2021-02-23T12:00:00.000Z","","106102492824"
"2021-02-24T00:00:00.000Z","14530","82313766807"
"2021-02-24T12:00:00.000Z","","63695521388"
"2021-02-25T00:00:00.000Z","14446","54794043347"
"2021-02-25T12:00:00.000Z","","54506565949"
"2021-02-26T00:00:00.000Z","12640","67719627706"
"2021-02-26T12:00:00.000Z","","63374708481"
"2021-02-27T00:00:00.000Z","11936","54284638538"
"2021-02-27T12:00:00.000Z","","45910946382"
"2021-02-28T00:00:00.000Z","15113","47302454358"
"2021-02-28T12:00:00.000Z","","53443887451"
"2021-03-01T00:00:00.000Z","13829","54181353396"
"2021-03-01T12:00:00.000Z","","53891300112"
"2021-03-02T00:00:00.000Z","11704","49687572635"
"2021-03-02T12:00:00.000Z","","47530897720"
"2021-03-03T00:00:00.000Z","11428","52690548558"
"2021-03-03T12:00:00.000Z","","53220811975"
"2021-03-04T00:00:00.000Z","11346","54911983711"
"2021-03-04T12:00:00.000Z","","52343816680"
"2021-03-05T00:00:00.000Z","10684","48938335168"
"2021-03-05T12:00:00.000Z","","48625928883"
"2021-03-06T00:00:00.000Z","10153","41270255926"
"2021-03-06T12:00:00.000Z","","34363564661"
"2021-03-07T00:00:00.000Z","11116","39351111397"
"2021-03-07T12:00:00.000Z","","43137459378"
"2021-03-08T00:00:00.000Z","10908","45765446910"
"2021-03-08T12:00:00.000Z","","48597428048"
"2021-03-09T00:00:00.000Z","12511","53428844808"
"2021-03-09T12:00:00.000Z","","50912227385"
"2021-03-10T00:00:00.000Z","13626","49322105479"
"2021-03-10T12:00:00.000Z","","57295577614"
"2021-03-11T00:00:00.000Z","11442","55881467570"
"2021-03-11T12:00:00.000Z","","56772343595"
"2021-03-12T00:00:00.000Z","12261","55153217613"
"2021-03-12T12:00:00.000Z","","55689944702"
"2021-03-13T00:00:00.000Z","15504","62601247861"
"2021-03-13T12:00:00.000Z","","60669829814"
"2021-03-14T00:00:00.000Z","12840","52325960243"
"2021-03-14T12:00:00.000Z","","43901225564"
"2021-03-15T00:00:00.000Z","13562","58182920527"
"2021-03-15T12:00:00.000Z","","66419369890"
"2021-03-16T00:00:00.000Z","11505","61805584190"
"2021-03-16T12:00:00.000Z","","59749798599"
"2021-03-17T00:00:00.000Z","10822","50961640719"
"2021-03-17T12:00:00.000Z","","60258313191"
"2021-03-18T00:00:00.000Z","11470","58625896778"
"2021-03-18T12:00:00.000Z","","55746041000"
"2021-03-19T00:00:00.000Z","11352","55612250404"
"2021-03-19T12:00:00.000Z","","49063873785"
"2021-03-20T00:00:00.000Z","11040","46533551450"
"2021-03-20T12:00:00.000Z","","50361731222"
"2021-03-21T00:00:00.000Z","10875","57389834721"
"2021-03-21T12:00:00.000Z","","51943414539"
"2021-03-22T00:00:00.000Z","13080","47643617657"
"2021-03-22T12:00:00.000Z","","56521454974"
"2021-03-23T00:00:00.000Z","11924","61999615726"
"2021-03-23T12:00:00.000Z","","56435023914"
"2021-03-24T00:00:00.000Z","15487","57906063120"
"2021-03-24T12:00:00.000Z","","70567223787"
"2021-03-25T00:00:00.000Z","15017","76555713016"
"2021-03-25T12:00:00.000Z","","67999812841"
"2021-03-26T00:00:00.000Z","11508","63642648151"
"2021-03-26T12:00:00.000Z","","56652197978"
"2021-03-27T00:00:00.000Z","11567","47345614273"
"2021-03-27T12:00:00.000Z","","47266542233"
"2021-03-28T00:00:00.000Z","11023","50636325310"
"2021-03-28T12:00:00.000Z","","47686580918"
"2021-03-29T00:00:00.000Z","11912","54229414602"
"2021-03-29T12:00:00.000Z","","57625587027"
"2021-03-30T00:00:00.000Z","11918","57997194705"
"2021-03-30T12:00:00.000Z","","54414116432"
"2021-03-31T00:00:00.000Z","12523","55332876261"
"2021-03-31T12:00:00.000Z","","65520826225"
"2021-04-01T00:00:00.000Z","1781","68036522609"
"2021-04-01T12:00:00.000Z","",""
"2021-04-02T00:00:00.000Z","",""
"2021-04-02T12:00:00.000Z","",""
"2021-04-03T00:00:00.000Z","",""
"2021-04-03T12:00:00.000Z","",""
"2021-04-04T00:00:00.000Z","",""
"2021-04-04T12:00:00.000Z","",""
"2021-04-05T00:00:00.000Z","",""
"2021-04-05T12:00:00.000Z","",""
"2021-04-06T00:00:00.000Z","",""
"2021-04-06T12:00:00.000Z","",""
"2021-04-07T00:00:00.000Z","",""
"2021-04-07T12:00:00.000Z","",""
"2021-04-08T00:00:00.000Z","",""
"2021-04-08T12:00:00.000Z","",""