"Date","Active Addresses 24h"
"2019-03-31T12:00:00.000Z","625989"
"2019-04-01T00:00:00.000Z","670691"
"2019-04-01T12:00:00.000Z","690268"
"2019-04-02T00:00:00.000Z","809575"
"2019-04-02T12:00:00.000Z","887944"
"2019-04-03T00:00:00.000Z","832877"
"2019-04-03T12:00:00.000Z","856240"
"2019-04-04T00:00:00.000Z","852366"
"2019-04-04T12:00:00.000Z","806481"
"2019-04-05T00:00:00.000Z","862138"
"2019-04-05T12:00:00.000Z","883939"
"2019-04-06T00:00:00.000Z","766583"
"2019-04-06T12:00:00.000Z","677557"
"2019-04-07T00:00:00.000Z","666142"
"2019-04-07T12:00:00.000Z","621948"
"2019-04-08T00:00:00.000Z","674194"
"2019-04-08T12:00:00.000Z","776692"
"2019-04-09T00:00:00.000Z","802060"
"2019-04-09T12:00:00.000Z","777629"
"2019-04-10T00:00:00.000Z","767838"
"2019-04-10T12:00:00.000Z","779785"
"2019-04-11T00:00:00.000Z","820106"
"2019-04-11T12:00:00.000Z","813455"
"2019-04-12T00:00:00.000Z","811659"
"2019-04-12T12:00:00.000Z","772987"
"2019-04-13T00:00:00.000Z","683448"
"2019-04-13T12:00:00.000Z","595877"
"2019-04-14T00:00:00.000Z","590747"
"2019-04-14T12:00:00.000Z","594277"
"2019-04-15T00:00:00.000Z","673605"
"2019-04-15T12:00:00.000Z","775830"
"2019-04-16T00:00:00.000Z","775598"
"2019-04-16T12:00:00.000Z","772128"
"2019-04-17T00:00:00.000Z","772665"
"2019-04-17T12:00:00.000Z","748397"
"2019-04-18T00:00:00.000Z","751061"
"2019-04-18T12:00:00.000Z","744224"
"2019-04-19T00:00:00.000Z","768266"
"2019-04-19T12:00:00.000Z","791198"
"2019-04-20T00:00:00.000Z","750679"
"2019-04-20T12:00:00.000Z","689007"
"2019-04-21T00:00:00.000Z","798658"
"2019-04-21T12:00:00.000Z","683519"
"2019-04-22T00:00:00.000Z","559137"
"2019-04-22T12:00:00.000Z","645245"
"2019-04-23T00:00:00.000Z","720111"
"2019-04-23T12:00:00.000Z","715616"
"2019-04-24T00:00:00.000Z","828658"
"2019-04-24T12:00:00.000Z","880292"
"2019-04-25T00:00:00.000Z","780986"
"2019-04-25T12:00:00.000Z","754030"
"2019-04-26T00:00:00.000Z","771156"
"2019-04-26T12:00:00.000Z","769124"
"2019-04-27T00:00:00.000Z","707123"
"2019-04-27T12:00:00.000Z","614110"
"2019-04-28T00:00:00.000Z","596572"
"2019-04-28T12:00:00.000Z","594411"
"2019-04-29T00:00:00.000Z","667690"
"2019-04-29T12:00:00.000Z","793495"
"2019-04-30T00:00:00.000Z","790505"
"2019-04-30T12:00:00.000Z","837464"
"2019-05-01T00:00:00.000Z","881115"
"2019-05-01T12:00:00.000Z","765635"
"2019-05-02T00:00:00.000Z","734491"
"2019-05-02T12:00:00.000Z","790985"
"2019-05-03T00:00:00.000Z","833330"
"2019-05-03T12:00:00.000Z","803539"
"2019-05-04T00:00:00.000Z","751916"
"2019-05-04T12:00:00.000Z","660300"
"2019-05-05T00:00:00.000Z","643487"
"2019-05-05T12:00:00.000Z","617850"
"2019-05-06T00:00:00.000Z","677590"
"2019-05-06T12:00:00.000Z","769134"
"2019-05-07T00:00:00.000Z","804475"
"2019-05-07T12:00:00.000Z","759345"
"2019-05-08T00:00:00.000Z","797723"
"2019-05-08T12:00:00.000Z","839339"
"2019-05-09T00:00:00.000Z","823051"
"2019-05-09T12:00:00.000Z","826118"
"2019-05-10T00:00:00.000Z","796435"
"2019-05-10T12:00:00.000Z","784390"
"2019-05-11T00:00:00.000Z","797178"
"2019-05-11T12:00:00.000Z","775128"
"2019-05-12T00:00:00.000Z","782088"
"2019-05-12T12:00:00.000Z","824723"
"2019-05-13T00:00:00.000Z","831203"
"2019-05-13T12:00:00.000Z","876031"
"2019-05-14T00:00:00.000Z","936073"
"2019-05-14T12:00:00.000Z","902405"
"2019-05-15T00:00:00.000Z","834507"
"2019-05-15T12:00:00.000Z","877510"
"2019-05-16T00:00:00.000Z","935673"
"2019-05-16T12:00:00.000Z","882376"
"2019-05-17T00:00:00.000Z","950997"
"2019-05-17T12:00:00.000Z","907034"
"2019-05-18T00:00:00.000Z","844407"
"2019-05-18T12:00:00.000Z","855040"
"2019-05-19T00:00:00.000Z","788728"
"2019-05-19T12:00:00.000Z","748636"
"2019-05-20T00:00:00.000Z","818846"
"2019-05-20T12:00:00.000Z","833749"
"2019-05-21T00:00:00.000Z","826974"
"2019-05-21T12:00:00.000Z","885566"
"2019-05-22T00:00:00.000Z","910780"
"2019-05-22T12:00:00.000Z","872882"
"2019-05-23T00:00:00.000Z","864467"
"2019-05-23T12:00:00.000Z","833126"
"2019-05-24T00:00:00.000Z","806826"
"2019-05-24T12:00:00.000Z","860959"
"2019-05-25T00:00:00.000Z","855050"
"2019-05-25T12:00:00.000Z","712818"
"2019-05-26T00:00:00.000Z","665865"
"2019-05-26T12:00:00.000Z","663754"
"2019-05-27T00:00:00.000Z","799894"
"2019-05-27T12:00:00.000Z","880071"
"2019-05-28T00:00:00.000Z","906956"
"2019-05-28T12:00:00.000Z","952562"
"2019-05-29T00:00:00.000Z","940248"
"2019-05-29T12:00:00.000Z","894478"
"2019-05-30T00:00:00.000Z","860646"
"2019-05-30T12:00:00.000Z","854103"
"2019-05-31T00:00:00.000Z","854511"
"2019-05-31T12:00:00.000Z","769533"
"2019-06-01T00:00:00.000Z","830626"
"2019-06-01T12:00:00.000Z","851553"
"2019-06-02T00:00:00.000Z","733787"
"2019-06-02T12:00:00.000Z","692282"
"2019-06-03T00:00:00.000Z","710985"
"2019-06-03T12:00:00.000Z","731834"
"2019-06-04T00:00:00.000Z","801309"
"2019-06-04T12:00:00.000Z","907733"
"2019-06-05T00:00:00.000Z","931008"
"2019-06-05T12:00:00.000Z","873805"
"2019-06-06T00:00:00.000Z","811956"
"2019-06-06T12:00:00.000Z","819004"
"2019-06-07T00:00:00.000Z","829147"
"2019-06-07T12:00:00.000Z","859450"
"2019-06-08T00:00:00.000Z","769687"
"2019-06-08T12:00:00.000Z","632804"
"2019-06-09T00:00:00.000Z","624729"
"2019-06-09T12:00:00.000Z","576564"
"2019-06-10T00:00:00.000Z","701110"
"2019-06-10T12:00:00.000Z","801684"
"2019-06-11T00:00:00.000Z","796196"
"2019-06-11T12:00:00.000Z","839867"
"2019-06-12T00:00:00.000Z","853581"
"2019-06-12T12:00:00.000Z","796283"
"2019-06-13T00:00:00.000Z","863139"
"2019-06-13T12:00:00.000Z","896256"
"2019-06-14T00:00:00.000Z","899646"
"2019-06-14T12:00:00.000Z","1033172"
"2019-06-15T00:00:00.000Z","1103145"
"2019-06-15T12:00:00.000Z","862362"
"2019-06-16T00:00:00.000Z","717004"
"2019-06-16T12:00:00.000Z","697145"
"2019-06-17T00:00:00.000Z","766939"
"2019-06-17T12:00:00.000Z","797795"
"2019-06-18T00:00:00.000Z","844062"
"2019-06-18T12:00:00.000Z","951764"
"2019-06-19T00:00:00.000Z","936031"
"2019-06-19T12:00:00.000Z","903323"
"2019-06-20T00:00:00.000Z","886091"
"2019-06-20T12:00:00.000Z","827050"
"2019-06-21T00:00:00.000Z","857930"
"2019-06-21T12:00:00.000Z","840332"
"2019-06-22T00:00:00.000Z","847158"
"2019-06-22T12:00:00.000Z","846364"
"2019-06-23T00:00:00.000Z","939339"
"2019-06-23T12:00:00.000Z","895201"
"2019-06-24T00:00:00.000Z","842953"
"2019-06-24T12:00:00.000Z","967474"
"2019-06-25T00:00:00.000Z","983734"
"2019-06-25T12:00:00.000Z","914856"
"2019-06-26T00:00:00.000Z","960358"
"2019-06-26T12:00:00.000Z","1038144"
"2019-06-27T00:00:00.000Z","973173"
"2019-06-27T12:00:00.000Z","891781"
"2019-06-28T00:00:00.000Z","930452"
"2019-06-28T12:00:00.000Z","1008327"
"2019-06-29T00:00:00.000Z","1024740"
"2019-06-29T12:00:00.000Z","853806"
"2019-06-30T00:00:00.000Z","704432"
"2019-06-30T12:00:00.000Z","672890"
"2019-07-01T00:00:00.000Z","779502"
"2019-07-01T12:00:00.000Z","834149"
"2019-07-02T00:00:00.000Z","832780"
"2019-07-02T12:00:00.000Z","896405"
"2019-07-03T00:00:00.000Z","918721"
"2019-07-03T12:00:00.000Z","894240"
"2019-07-04T00:00:00.000Z","880824"
"2019-07-04T12:00:00.000Z","822518"
"2019-07-05T00:00:00.000Z","822059"
"2019-07-05T12:00:00.000Z","820594"
"2019-07-06T00:00:00.000Z","778511"
"2019-07-06T12:00:00.000Z","679473"
"2019-07-07T00:00:00.000Z","618254"
"2019-07-07T12:00:00.000Z","604477"
"2019-07-08T00:00:00.000Z","701400"
"2019-07-08T12:00:00.000Z","830679"
"2019-07-09T00:00:00.000Z","848186"
"2019-07-09T12:00:00.000Z","819118"
"2019-07-10T00:00:00.000Z","790136"
"2019-07-10T12:00:00.000Z","798543"
"2019-07-11T00:00:00.000Z","843712"
"2019-07-11T12:00:00.000Z","777727"
"2019-07-12T00:00:00.000Z","875125"
"2019-07-12T12:00:00.000Z","907418"
"2019-07-13T00:00:00.000Z","762364"
"2019-07-13T12:00:00.000Z","656478"
"2019-07-14T00:00:00.000Z","591528"
"2019-07-14T12:00:00.000Z","592150"
"2019-07-15T00:00:00.000Z","674292"
"2019-07-15T12:00:00.000Z","757344"
"2019-07-16T00:00:00.000Z","781315"
"2019-07-16T12:00:00.000Z","786249"
"2019-07-17T00:00:00.000Z","776900"
"2019-07-17T12:00:00.000Z","740581"
"2019-07-18T00:00:00.000Z","757277"
"2019-07-18T12:00:00.000Z","740085"
"2019-07-19T00:00:00.000Z","735792"
"2019-07-19T12:00:00.000Z","741209"
"2019-07-20T00:00:00.000Z","793955"
"2019-07-20T12:00:00.000Z","720022"
"2019-07-21T00:00:00.000Z","581021"
"2019-07-21T12:00:00.000Z","542570"
"2019-07-22T00:00:00.000Z","642215"
"2019-07-22T12:00:00.000Z","706051"
"2019-07-23T00:00:00.000Z","700846"
"2019-07-23T12:00:00.000Z","711486"
"2019-07-24T00:00:00.000Z","693165"
"2019-07-24T12:00:00.000Z","718539"
"2019-07-25T00:00:00.000Z","801838"
"2019-07-25T12:00:00.000Z","777176"
"2019-07-26T00:00:00.000Z","759937"
"2019-07-26T12:00:00.000Z","754344"
"2019-07-27T00:00:00.000Z","678170"
"2019-07-27T12:00:00.000Z","586307"
"2019-07-28T00:00:00.000Z","537627"
"2019-07-28T12:00:00.000Z","530887"
"2019-07-29T00:00:00.000Z","605844"
"2019-07-29T12:00:00.000Z","725299"
"2019-07-30T00:00:00.000Z","761079"
"2019-07-30T12:00:00.000Z","744145"
"2019-07-31T00:00:00.000Z","756802"
"2019-07-31T12:00:00.000Z","777298"
"2019-08-01T00:00:00.000Z","796158"
"2019-08-01T12:00:00.000Z","760299"
"2019-08-02T00:00:00.000Z","787758"
"2019-08-02T12:00:00.000Z","775896"
"2019-08-03T00:00:00.000Z","708990"
"2019-08-03T12:00:00.000Z","625788"
"2019-08-04T00:00:00.000Z","604378"
"2019-08-04T12:00:00.000Z","583109"
"2019-08-05T00:00:00.000Z","685000"
"2019-08-05T12:00:00.000Z","795987"
"2019-08-06T00:00:00.000Z","829333"
"2019-08-06T12:00:00.000Z","858691"
"2019-08-07T00:00:00.000Z","851178"
"2019-08-07T12:00:00.000Z","809614"
"2019-08-08T00:00:00.000Z","784484"
"2019-08-08T12:00:00.000Z","820884"
"2019-08-09T00:00:00.000Z","809098"
"2019-08-09T12:00:00.000Z","749844"
"2019-08-10T00:00:00.000Z","701046"
"2019-08-10T12:00:00.000Z","613430"
"2019-08-11T00:00:00.000Z","575107"
"2019-08-11T12:00:00.000Z","547333"
"2019-08-12T00:00:00.000Z","583210"
"2019-08-12T12:00:00.000Z","644685"
"2019-08-13T00:00:00.000Z","827299"
"2019-08-13T12:00:00.000Z","874356"
"2019-08-14T00:00:00.000Z","746591"
"2019-08-14T12:00:00.000Z","761117"
"2019-08-15T00:00:00.000Z","749901"
"2019-08-15T12:00:00.000Z","713764"
"2019-08-16T00:00:00.000Z","701932"
"2019-08-16T12:00:00.000Z","693293"
"2019-08-17T00:00:00.000Z","656101"
"2019-08-17T12:00:00.000Z","572552"
"2019-08-18T00:00:00.000Z","550723"
"2019-08-18T12:00:00.000Z","534688"
"2019-08-19T00:00:00.000Z","578408"
"2019-08-19T12:00:00.000Z","700853"
"2019-08-20T00:00:00.000Z","747023"
"2019-08-20T12:00:00.000Z","751199"
"2019-08-21T00:00:00.000Z","764543"
"2019-08-21T12:00:00.000Z","770014"
"2019-08-22T00:00:00.000Z","824837"
"2019-08-22T12:00:00.000Z","826540"
"2019-08-23T00:00:00.000Z","810881"
"2019-08-23T12:00:00.000Z","790336"
"2019-08-24T00:00:00.000Z","740446"
"2019-08-24T12:00:00.000Z","701300"
"2019-08-25T00:00:00.000Z","631645"
"2019-08-25T12:00:00.000Z","521426"
"2019-08-26T00:00:00.000Z","600432"
"2019-08-26T12:00:00.000Z","747744"
"2019-08-27T00:00:00.000Z","757808"
"2019-08-27T12:00:00.000Z","728445"
"2019-08-28T00:00:00.000Z","711959"
"2019-08-28T12:00:00.000Z","712995"
"2019-08-29T00:00:00.000Z","751205"
"2019-08-29T12:00:00.000Z","735849"
"2019-08-30T00:00:00.000Z","745340"
"2019-08-30T12:00:00.000Z","729223"
"2019-08-31T00:00:00.000Z","671905"
"2019-08-31T12:00:00.000Z","605859"
"2019-09-01T00:00:00.000Z","567586"
"2019-09-01T12:00:00.000Z","566106"
"2019-09-02T00:00:00.000Z","643350"
"2019-09-02T12:00:00.000Z","725204"
"2019-09-03T00:00:00.000Z","793755"
"2019-09-03T12:00:00.000Z","799885"
"2019-09-04T00:00:00.000Z","753466"
"2019-09-04T12:00:00.000Z","747331"
"2019-09-05T00:00:00.000Z","780433"
"2019-09-05T12:00:00.000Z","736089"
"2019-09-06T00:00:00.000Z","771740"
"2019-09-06T12:00:00.000Z","789918"
"2019-09-07T00:00:00.000Z","701210"
"2019-09-07T12:00:00.000Z","617447"
"2019-09-08T00:00:00.000Z","593522"
"2019-09-08T12:00:00.000Z","568184"
"2019-09-09T00:00:00.000Z","613763"
"2019-09-09T12:00:00.000Z","765859"
"2019-09-10T00:00:00.000Z","840741"
"2019-09-10T12:00:00.000Z","807319"
"2019-09-11T00:00:00.000Z","814193"
"2019-09-11T12:00:00.000Z","795972"
"2019-09-12T00:00:00.000Z","774411"
"2019-09-12T12:00:00.000Z","749272"
"2019-09-13T00:00:00.000Z","726899"
"2019-09-13T12:00:00.000Z","761741"
"2019-09-14T00:00:00.000Z","763389"
"2019-09-14T12:00:00.000Z","659000"
"2019-09-15T00:00:00.000Z","599838"
"2019-09-15T12:00:00.000Z","562237"
"2019-09-16T00:00:00.000Z","640152"
"2019-09-16T12:00:00.000Z","773304"
"2019-09-17T00:00:00.000Z","796039"
"2019-09-17T12:00:00.000Z","783195"
"2019-09-18T00:00:00.000Z","787215"
"2019-09-18T12:00:00.000Z","859200"
"2019-09-19T00:00:00.000Z","850176"
"2019-09-19T12:00:00.000Z","731759"
"2019-09-20T00:00:00.000Z","709444"
"2019-09-20T12:00:00.000Z","731508"
"2019-09-21T00:00:00.000Z","735220"
"2019-09-21T12:00:00.000Z","644730"
"2019-09-22T00:00:00.000Z","600033"
"2019-09-22T12:00:00.000Z","596346"
"2019-09-23T00:00:00.000Z","634889"
"2019-09-23T12:00:00.000Z","724610"
"2019-09-24T00:00:00.000Z","790687"
"2019-09-24T12:00:00.000Z","836550"
"2019-09-25T00:00:00.000Z","841518"
"2019-09-25T12:00:00.000Z","799467"
"2019-09-26T00:00:00.000Z","761751"
"2019-09-26T12:00:00.000Z","747716"
"2019-09-27T00:00:00.000Z","725876"
"2019-09-27T12:00:00.000Z","701100"
"2019-09-28T00:00:00.000Z","687515"
"2019-09-28T12:00:00.000Z","629982"
"2019-09-29T00:00:00.000Z","590147"
"2019-09-29T12:00:00.000Z","560917"
"2019-09-30T00:00:00.000Z","646462"
"2019-09-30T12:00:00.000Z","740481"
"2019-10-01T00:00:00.000Z","759456"
"2019-10-01T12:00:00.000Z","772741"
"2019-10-02T00:00:00.000Z","734076"
"2019-10-02T12:00:00.000Z","714454"
"2019-10-03T00:00:00.000Z","677220"
"2019-10-03T12:00:00.000Z","704752"
"2019-10-04T00:00:00.000Z","745727"
"2019-10-04T12:00:00.000Z","712821"
"2019-10-05T00:00:00.000Z","705910"
"2019-10-05T12:00:00.000Z","633818"
"2019-10-06T00:00:00.000Z","577309"
"2019-10-06T12:00:00.000Z","563665"
"2019-10-07T00:00:00.000Z","630830"
"2019-10-07T12:00:00.000Z","736372"
"2019-10-08T00:00:00.000Z","752086"
"2019-10-08T12:00:00.000Z","719575"
"2019-10-09T00:00:00.000Z","677496"
"2019-10-09T12:00:00.000Z","700146"
"2019-10-10T00:00:00.000Z","727165"
"2019-10-10T12:00:00.000Z","733532"
"2019-10-11T00:00:00.000Z","744245"
"2019-10-11T12:00:00.000Z","726807"
"2019-10-12T00:00:00.000Z","681866"
"2019-10-12T12:00:00.000Z","590440"
"2019-10-13T00:00:00.000Z","569327"
"2019-10-13T12:00:00.000Z","541139"
"2019-10-14T00:00:00.000Z","609856"
"2019-10-14T12:00:00.000Z","693480"
"2019-10-15T00:00:00.000Z","684217"
"2019-10-15T12:00:00.000Z","707907"
"2019-10-16T00:00:00.000Z","743920"
"2019-10-16T12:00:00.000Z","737762"
"2019-10-17T00:00:00.000Z","741518"
"2019-10-17T12:00:00.000Z","727624"
"2019-10-18T00:00:00.000Z","709509"
"2019-10-18T12:00:00.000Z","675689"
"2019-10-19T00:00:00.000Z","682844"
"2019-10-19T12:00:00.000Z","632131"
"2019-10-20T00:00:00.000Z","570729"
"2019-10-20T12:00:00.000Z","568263"
"2019-10-21T00:00:00.000Z","651849"
"2019-10-21T12:00:00.000Z","736594"
"2019-10-22T00:00:00.000Z","736280"
"2019-10-22T12:00:00.000Z","725915"
"2019-10-23T00:00:00.000Z","719983"
"2019-10-23T12:00:00.000Z","744132"
"2019-10-24T00:00:00.000Z","773747"
"2019-10-24T12:00:00.000Z","713982"
"2019-10-25T00:00:00.000Z","720296"
"2019-10-25T12:00:00.000Z","789555"
"2019-10-26T00:00:00.000Z","822685"
"2019-10-26T12:00:00.000Z","767834"
"2019-10-27T00:00:00.000Z","634864"
"2019-10-27T12:00:00.000Z","591956"
"2019-10-28T00:00:00.000Z","668143"
"2019-10-28T12:00:00.000Z","752671"
"2019-10-29T00:00:00.000Z","759492"
"2019-10-29T12:00:00.000Z","727819"
"2019-10-30T00:00:00.000Z","728776"
"2019-10-30T12:00:00.000Z","725857"
"2019-10-31T00:00:00.000Z","725376"
"2019-10-31T12:00:00.000Z","703140"
"2019-11-01T00:00:00.000Z","770204"
"2019-11-01T12:00:00.000Z","795056"
"2019-11-02T00:00:00.000Z","708125"
"2019-11-02T12:00:00.000Z","630464"
"2019-11-03T00:00:00.000Z","626466"
"2019-11-03T12:00:00.000Z","626688"
"2019-11-04T00:00:00.000Z","664972"
"2019-11-04T12:00:00.000Z","743530"
"2019-11-05T00:00:00.000Z","778925"
"2019-11-05T12:00:00.000Z","792813"
"2019-11-06T00:00:00.000Z","830003"
"2019-11-06T12:00:00.000Z","837371"
"2019-11-07T00:00:00.000Z","814836"
"2019-11-07T12:00:00.000Z","786057"
"2019-11-08T00:00:00.000Z","772353"
"2019-11-08T12:00:00.000Z","723609"
"2019-11-09T00:00:00.000Z","718462"
"2019-11-09T12:00:00.000Z","728796"
"2019-11-10T00:00:00.000Z","649327"
"2019-11-10T12:00:00.000Z","585408"
"2019-11-11T00:00:00.000Z","636150"
"2019-11-11T12:00:00.000Z","698265"
"2019-11-12T00:00:00.000Z","726127"
"2019-11-12T12:00:00.000Z","678956"
"2019-11-13T00:00:00.000Z","696204"
"2019-11-13T12:00:00.000Z","761857"
"2019-11-14T00:00:00.000Z","744067"
"2019-11-14T12:00:00.000Z","748602"
"2019-11-15T00:00:00.000Z","765145"
"2019-11-15T12:00:00.000Z","764276"
"2019-11-16T00:00:00.000Z","746893"
"2019-11-16T12:00:00.000Z","681651"
"2019-11-17T00:00:00.000Z","613987"
"2019-11-17T12:00:00.000Z","596023"
"2019-11-18T00:00:00.000Z","655063"
"2019-11-18T12:00:00.000Z","687897"
"2019-11-19T00:00:00.000Z","783429"
"2019-11-19T12:00:00.000Z","831638"
"2019-11-20T00:00:00.000Z","744401"
"2019-11-20T12:00:00.000Z","701263"
"2019-11-21T00:00:00.000Z","711728"
"2019-11-21T12:00:00.000Z","793358"
"2019-11-22T00:00:00.000Z","820882"
"2019-11-22T12:00:00.000Z","808623"
"2019-11-23T00:00:00.000Z","781581"
"2019-11-23T12:00:00.000Z","673391"
"2019-11-24T00:00:00.000Z","612688"
"2019-11-24T12:00:00.000Z","559891"
"2019-11-25T00:00:00.000Z","614797"
"2019-11-25T12:00:00.000Z","665246"
"2019-11-26T00:00:00.000Z","717067"
"2019-11-26T12:00:00.000Z","785864"
"2019-11-27T00:00:00.000Z","827247"
"2019-11-27T12:00:00.000Z","827230"
"2019-11-28T00:00:00.000Z","754525"
"2019-11-28T12:00:00.000Z","703999"
"2019-11-29T00:00:00.000Z","704683"
"2019-11-29T12:00:00.000Z","735145"
"2019-11-30T00:00:00.000Z","743938"
"2019-11-30T12:00:00.000Z","677655"
"2019-12-01T00:00:00.000Z","624634"
"2019-12-01T12:00:00.000Z","607737"
"2019-12-02T00:00:00.000Z","666331"
"2019-12-02T12:00:00.000Z","736975"
"2019-12-03T00:00:00.000Z","764094"
"2019-12-03T12:00:00.000Z","753761"
"2019-12-04T00:00:00.000Z","722377"
"2019-12-04T12:00:00.000Z","758380"
"2019-12-05T00:00:00.000Z","754913"
"2019-12-05T12:00:00.000Z","730613"
"2019-12-06T00:00:00.000Z","724011"
"2019-12-06T12:00:00.000Z","743973"
"2019-12-07T00:00:00.000Z","757200"
"2019-12-07T12:00:00.000Z","658981"
"2019-12-08T00:00:00.000Z","608456"
"2019-12-08T12:00:00.000Z","587616"
"2019-12-09T00:00:00.000Z","679466"
"2019-12-09T12:00:00.000Z","784039"
"2019-12-10T00:00:00.000Z","799717"
"2019-12-10T12:00:00.000Z","803308"
"2019-12-11T00:00:00.000Z","780589"
"2019-12-11T12:00:00.000Z","793452"
"2019-12-12T00:00:00.000Z","808698"
"2019-12-12T12:00:00.000Z","723512"
"2019-12-13T00:00:00.000Z","702696"
"2019-12-13T12:00:00.000Z","729492"
"2019-12-14T00:00:00.000Z","710029"
"2019-12-14T12:00:00.000Z","630775"
"2019-12-15T00:00:00.000Z","605165"
"2019-12-15T12:00:00.000Z","645551"
"2019-12-16T00:00:00.000Z","737814"
"2019-12-16T12:00:00.000Z","793624"
"2019-12-17T00:00:00.000Z","910219"
"2019-12-17T12:00:00.000Z","891039"
"2019-12-18T00:00:00.000Z","761147"
"2019-12-18T12:00:00.000Z","743776"
"2019-12-19T00:00:00.000Z","751939"
"2019-12-19T12:00:00.000Z","728850"
"2019-12-20T00:00:00.000Z","725649"
"2019-12-20T12:00:00.000Z","711789"
"2019-12-21T00:00:00.000Z","678480"
"2019-12-21T12:00:00.000Z","621621"
"2019-12-22T00:00:00.000Z","585277"
"2019-12-22T12:00:00.000Z","586702"
"2019-12-23T00:00:00.000Z","663193"
"2019-12-23T12:00:00.000Z","706457"
"2019-12-24T00:00:00.000Z","713200"
"2019-12-24T12:00:00.000Z","668279"
"2019-12-25T00:00:00.000Z","589566"
"2019-12-25T12:00:00.000Z","543219"
"2019-12-26T00:00:00.000Z","585905"
"2019-12-26T12:00:00.000Z","639366"
"2019-12-27T00:00:00.000Z","680541"
"2019-12-27T12:00:00.000Z","706117"
"2019-12-28T00:00:00.000Z","675240"
"2019-12-28T12:00:00.000Z","630092"
"2019-12-29T00:00:00.000Z","607026"
"2019-12-29T12:00:00.000Z","587294"
"2019-12-30T00:00:00.000Z","643444"
"2019-12-30T12:00:00.000Z","730529"
"2019-12-31T00:00:00.000Z","747608"
"2019-12-31T12:00:00.000Z","669843"
"2020-01-01T00:00:00.000Z","591717"
"2020-01-01T12:00:00.000Z","522172"
"2020-01-02T00:00:00.000Z","581275"
"2020-01-02T12:00:00.000Z","678391"
"2020-01-03T00:00:00.000Z","701335"
"2020-01-03T12:00:00.000Z","712212"
"2020-01-04T00:00:00.000Z","676333"
"2020-01-04T12:00:00.000Z","615784"
"2020-01-05T00:00:00.000Z","615381"
"2020-01-05T12:00:00.000Z","596338"
"2020-01-06T00:00:00.000Z","639866"
"2020-01-06T12:00:00.000Z","724306"
"2020-01-07T00:00:00.000Z","775854"
"2020-01-07T12:00:00.000Z","771659"
"2020-01-08T00:00:00.000Z","742566"
"2020-01-08T12:00:00.000Z","745785"
"2020-01-09T00:00:00.000Z","776641"
"2020-01-09T12:00:00.000Z","780308"
"2020-01-10T00:00:00.000Z","777898"
"2020-01-10T12:00:00.000Z","784630"
"2020-01-11T00:00:00.000Z","726608"
"2020-01-11T12:00:00.000Z","655709"
"2020-01-12T00:00:00.000Z","619897"
"2020-01-12T12:00:00.000Z","590375"
"2020-01-13T00:00:00.000Z","656541"
"2020-01-13T12:00:00.000Z","682405"
"2020-01-14T00:00:00.000Z","773388"
"2020-01-14T12:00:00.000Z","852445"
"2020-01-15T00:00:00.000Z","799661"
"2020-01-15T12:00:00.000Z","769965"
"2020-01-16T00:00:00.000Z","756069"
"2020-01-16T12:00:00.000Z","741785"
"2020-01-17T00:00:00.000Z","721761"
"2020-01-17T12:00:00.000Z","757459"
"2020-01-18T00:00:00.000Z","735621"
"2020-01-18T12:00:00.000Z","634569"
"2020-01-19T00:00:00.000Z","635892"
"2020-01-19T12:00:00.000Z","636704"
"2020-01-20T00:00:00.000Z","664383"
"2020-01-20T12:00:00.000Z","736443"
"2020-01-21T00:00:00.000Z","737682"
"2020-01-21T12:00:00.000Z","757026"
"2020-01-22T00:00:00.000Z","778833"
"2020-01-22T12:00:00.000Z","783832"
"2020-01-23T00:00:00.000Z","782023"
"2020-01-23T12:00:00.000Z","768896"
"2020-01-24T00:00:00.000Z","739386"
"2020-01-24T12:00:00.000Z","733019"
"2020-01-25T00:00:00.000Z","700472"
"2020-01-25T12:00:00.000Z","650861"
"2020-01-26T00:00:00.000Z","632156"
"2020-01-26T12:00:00.000Z","573743"
"2020-01-27T00:00:00.000Z","612181"
"2020-01-27T12:00:00.000Z","702917"
"2020-01-28T00:00:00.000Z","800878"
"2020-01-28T12:00:00.000Z","823225"
"2020-01-29T00:00:00.000Z","801077"
"2020-01-29T12:00:00.000Z","776157"
"2020-01-30T00:00:00.000Z","744841"
"2020-01-30T12:00:00.000Z","763790"
"2020-01-31T00:00:00.000Z","759401"
"2020-01-31T12:00:00.000Z","772896"
"2020-02-01T00:00:00.000Z","757577"
"2020-02-01T12:00:00.000Z","720057"
"2020-02-02T00:00:00.000Z","752989"
"2020-02-02T12:00:00.000Z","727240"
"2020-02-03T00:00:00.000Z","709501"
"2020-02-03T12:00:00.000Z","865005"
"2020-02-04T00:00:00.000Z","897062"
"2020-02-04T12:00:00.000Z","768229"
"2020-02-05T00:00:00.000Z","773736"
"2020-02-05T12:00:00.000Z","837540"
"2020-02-06T00:00:00.000Z","829026"
"2020-02-06T12:00:00.000Z","749137"
"2020-02-07T00:00:00.000Z","842823"
"2020-02-07T12:00:00.000Z","868589"
"2020-02-08T00:00:00.000Z","773186"
"2020-02-08T12:00:00.000Z","723080"
"2020-02-09T00:00:00.000Z","685317"
"2020-02-09T12:00:00.000Z","686025"
"2020-02-10T00:00:00.000Z","704735"
"2020-02-10T12:00:00.000Z","708221"
"2020-02-11T00:00:00.000Z","812237"
"2020-02-11T12:00:00.000Z","892366"
"2020-02-12T00:00:00.000Z","803752"
"2020-02-12T12:00:00.000Z","813661"
"2020-02-13T00:00:00.000Z","855191"
"2020-02-13T12:00:00.000Z","829739"
"2020-02-14T00:00:00.000Z","810108"
"2020-02-14T12:00:00.000Z","729020"
"2020-02-15T00:00:00.000Z","740870"
"2020-02-15T12:00:00.000Z","755096"
"2020-02-16T00:00:00.000Z","673794"
"2020-02-16T12:00:00.000Z","640006"
"2020-02-17T00:00:00.000Z","684493"
"2020-02-17T12:00:00.000Z","776166"
"2020-02-18T00:00:00.000Z","785250"
"2020-02-18T12:00:00.000Z","784412"
"2020-02-19T00:00:00.000Z","802207"
"2020-02-19T12:00:00.000Z","791499"
"2020-02-20T00:00:00.000Z","776264"
"2020-02-20T12:00:00.000Z","766666"
"2020-02-21T00:00:00.000Z","787921"
"2020-02-21T12:00:00.000Z","770778"
"2020-02-22T00:00:00.000Z","739643"
"2020-02-22T12:00:00.000Z","677145"
"2020-02-23T00:00:00.000Z","633482"
"2020-02-23T12:00:00.000Z","608578"
"2020-02-24T00:00:00.000Z","642473"
"2020-02-24T12:00:00.000Z","759276"
"2020-02-25T00:00:00.000Z","788856"
"2020-02-25T12:00:00.000Z","736786"
"2020-02-26T00:00:00.000Z","744069"
"2020-02-26T12:00:00.000Z","773383"
"2020-02-27T00:00:00.000Z","797280"
"2020-02-27T12:00:00.000Z","779056"
"2020-02-28T00:00:00.000Z","763738"
"2020-02-28T12:00:00.000Z","797704"
"2020-02-29T00:00:00.000Z","765403"
"2020-02-29T12:00:00.000Z","673535"
"2020-03-01T00:00:00.000Z","674106"
"2020-03-01T12:00:00.000Z","671888"
"2020-03-02T00:00:00.000Z","738282"
"2020-03-02T12:00:00.000Z","822604"
"2020-03-03T00:00:00.000Z","835628"
"2020-03-03T12:00:00.000Z","838610"
"2020-03-04T00:00:00.000Z","876998"
"2020-03-04T12:00:00.000Z","875557"
"2020-03-05T00:00:00.000Z","813464"
"2020-03-05T12:00:00.000Z","790412"
"2020-03-06T00:00:00.000Z","786945"
"2020-03-06T12:00:00.000Z","806391"
"2020-03-07T00:00:00.000Z","786625"
"2020-03-07T12:00:00.000Z","680458"
"2020-03-08T00:00:00.000Z","651398"
"2020-03-08T12:00:00.000Z","643992"
"2020-03-09T00:00:00.000Z","728356"
"2020-03-09T12:00:00.000Z","812722"
"2020-03-10T00:00:00.000Z","817262"
"2020-03-10T12:00:00.000Z","815210"
"2020-03-11T00:00:00.000Z","782805"
"2020-03-11T12:00:00.000Z","717217"
"2020-03-12T00:00:00.000Z","831585"
"2020-03-12T12:00:00.000Z","917470"
"2020-03-13T00:00:00.000Z","810504"
"2020-03-13T12:00:00.000Z","781826"
"2020-03-14T00:00:00.000Z","816888"
"2020-03-14T12:00:00.000Z","765694"
"2020-03-15T00:00:00.000Z","640993"
"2020-03-15T12:00:00.000Z","643413"
"2020-03-16T00:00:00.000Z","678616"
"2020-03-16T12:00:00.000Z","729761"
"2020-03-17T00:00:00.000Z","723968"
"2020-03-17T12:00:00.000Z","759831"
"2020-03-18T00:00:00.000Z","713815"
"2020-03-18T12:00:00.000Z","629270"
"2020-03-19T00:00:00.000Z","722355"
"2020-03-19T12:00:00.000Z","713011"
"2020-03-20T00:00:00.000Z","698404"
"2020-03-20T12:00:00.000Z","735363"
"2020-03-21T00:00:00.000Z","684967"
"2020-03-21T12:00:00.000Z","659070"
"2020-03-22T00:00:00.000Z","596105"
"2020-03-22T12:00:00.000Z","553440"
"2020-03-23T00:00:00.000Z","566854"
"2020-03-23T12:00:00.000Z","681612"
"2020-03-24T00:00:00.000Z","749017"
"2020-03-24T12:00:00.000Z","732069"
"2020-03-25T00:00:00.000Z","645246"
"2020-03-25T12:00:00.000Z","591888"
"2020-03-26T00:00:00.000Z","720283"
"2020-03-26T12:00:00.000Z","882426"
"2020-03-27T00:00:00.000Z","935835"
"2020-03-27T12:00:00.000Z","839423"
"2020-03-28T00:00:00.000Z","651928"
"2020-03-28T12:00:00.000Z","625440"
"2020-03-29T00:00:00.000Z","615790"
"2020-03-29T12:00:00.000Z","579539"
"2020-03-30T00:00:00.000Z","678488"
"2020-03-30T12:00:00.000Z","777776"
"2020-03-31T00:00:00.000Z","790644"
"2020-03-31T12:00:00.000Z","821830"
"2020-04-01T00:00:00.000Z","807224"
"2020-04-01T12:00:00.000Z","808470"
"2020-04-02T00:00:00.000Z","813998"
"2020-04-02T12:00:00.000Z","803868"
"2020-04-03T00:00:00.000Z","788362"
"2020-04-03T12:00:00.000Z","754394"
"2020-04-04T00:00:00.000Z","703214"
"2020-04-04T12:00:00.000Z","655946"
"2020-04-05T00:00:00.000Z","618779"
"2020-04-05T12:00:00.000Z","596653"
"2020-04-06T00:00:00.000Z","652495"
"2020-04-06T12:00:00.000Z","771478"
"2020-04-07T00:00:00.000Z","979010"
"2020-04-07T12:00:00.000Z","945744"
"2020-04-08T00:00:00.000Z","773317"
"2020-04-08T12:00:00.000Z","776638"
"2020-04-09T00:00:00.000Z","734991"
"2020-04-09T12:00:00.000Z","724015"
"2020-04-10T00:00:00.000Z","730436"
"2020-04-10T12:00:00.000Z","739574"
"2020-04-11T00:00:00.000Z","699942"
"2020-04-11T12:00:00.000Z","632960"
"2020-04-12T00:00:00.000Z","616353"
"2020-04-12T12:00:00.000Z","606012"
"2020-04-13T00:00:00.000Z","656590"
"2020-04-13T12:00:00.000Z","778329"
"2020-04-14T00:00:00.000Z","817073"
"2020-04-14T12:00:00.000Z","826328"
"2020-04-15T00:00:00.000Z","931746"
"2020-04-15T12:00:00.000Z","934893"
"2020-04-16T00:00:00.000Z","848604"
"2020-04-16T12:00:00.000Z","869814"
"2020-04-17T00:00:00.000Z","916713"
"2020-04-17T12:00:00.000Z","849151"
"2020-04-18T00:00:00.000Z","874357"
"2020-04-18T12:00:00.000Z","865591"
"2020-04-19T00:00:00.000Z","680846"
"2020-04-19T12:00:00.000Z","710284"
"2020-04-20T00:00:00.000Z","798858"
"2020-04-20T12:00:00.000Z","851024"
"2020-04-21T00:00:00.000Z","829481"
"2020-04-21T12:00:00.000Z","816134"
"2020-04-22T00:00:00.000Z","841304"
"2020-04-22T12:00:00.000Z","748475"
"2020-04-23T00:00:00.000Z","826577"
"2020-04-23T12:00:00.000Z","942805"
"2020-04-24T00:00:00.000Z","897566"
"2020-04-24T12:00:00.000Z","895123"
"2020-04-25T00:00:00.000Z","835716"
"2020-04-25T12:00:00.000Z","826118"
"2020-04-26T00:00:00.000Z","774701"
"2020-04-26T12:00:00.000Z","706085"
"2020-04-27T00:00:00.000Z","789601"
"2020-04-27T12:00:00.000Z","874529"
"2020-04-28T00:00:00.000Z","916432"
"2020-04-28T12:00:00.000Z","932434"
"2020-04-29T00:00:00.000Z","871932"
"2020-04-29T12:00:00.000Z","910176"
"2020-04-30T00:00:00.000Z","888437"
"2020-04-30T12:00:00.000Z","949648"
"2020-05-01T00:00:00.000Z","962539"
"2020-05-01T12:00:00.000Z","944673"
"2020-05-02T00:00:00.000Z","1038837"
"2020-05-02T12:00:00.000Z","989270"
"2020-05-03T00:00:00.000Z","959201"
"2020-05-03T12:00:00.000Z","906313"
"2020-05-04T00:00:00.000Z","790978"
"2020-05-04T12:00:00.000Z","893445"
"2020-05-05T00:00:00.000Z","942383"
"2020-05-05T12:00:00.000Z","971845"
"2020-05-06T00:00:00.000Z","982608"
"2020-05-06T12:00:00.000Z","974467"
"2020-05-07T00:00:00.000Z","906996"
"2020-05-07T12:00:00.000Z","1011691"
"2020-05-08T00:00:00.000Z","1057141"
"2020-05-08T12:00:00.000Z","952933"
"2020-05-09T00:00:00.000Z","945925"
"2020-05-09T12:00:00.000Z","913700"
"2020-05-10T00:00:00.000Z","818687"
"2020-05-10T12:00:00.000Z","872999"
"2020-05-11T00:00:00.000Z","972796"
"2020-05-11T12:00:00.000Z","990654"
"2020-05-12T00:00:00.000Z","958511"
"2020-05-12T12:00:00.000Z","958682"
"2020-05-13T00:00:00.000Z","894522"
"2020-05-13T12:00:00.000Z","854766"
"2020-05-14T00:00:00.000Z","804393"
"2020-05-14T12:00:00.000Z","881299"
"2020-05-15T00:00:00.000Z","915284"
"2020-05-15T12:00:00.000Z","896259"
"2020-05-16T00:00:00.000Z","914535"
"2020-05-16T12:00:00.000Z","879033"
"2020-05-17T00:00:00.000Z","778972"
"2020-05-17T12:00:00.000Z","769752"
"2020-05-18T00:00:00.000Z","914788"
"2020-05-18T12:00:00.000Z","964206"
"2020-05-19T00:00:00.000Z","898405"
"2020-05-19T12:00:00.000Z","890228"
"2020-05-20T00:00:00.000Z","880562"
"2020-05-20T12:00:00.000Z","876746"
"2020-05-21T00:00:00.000Z","878929"
"2020-05-21T12:00:00.000Z","922404"
"2020-05-22T00:00:00.000Z","852110"
"2020-05-22T12:00:00.000Z","797311"
"2020-05-23T00:00:00.000Z","798564"
"2020-05-23T12:00:00.000Z","849490"
"2020-05-24T00:00:00.000Z","878897"
"2020-05-24T12:00:00.000Z","808253"
"2020-05-25T00:00:00.000Z","790553"
"2020-05-25T12:00:00.000Z","822991"
"2020-05-26T00:00:00.000Z","812220"
"2020-05-26T12:00:00.000Z","869811"
"2020-05-27T00:00:00.000Z","857226"
"2020-05-27T12:00:00.000Z","906224"
"2020-05-28T00:00:00.000Z","929737"
"2020-05-28T12:00:00.000Z","866832"
"2020-05-29T00:00:00.000Z","871781"
"2020-05-29T12:00:00.000Z","851434"
"2020-05-30T00:00:00.000Z","887605"
"2020-05-30T12:00:00.000Z","904554"
"2020-05-31T00:00:00.000Z","794647"
"2020-05-31T12:00:00.000Z","793690"
"2020-06-01T00:00:00.000Z","826060"
"2020-06-01T12:00:00.000Z","880913"
"2020-06-02T00:00:00.000Z","921061"
"2020-06-02T12:00:00.000Z","896079"
"2020-06-03T00:00:00.000Z","933053"
"2020-06-03T12:00:00.000Z","954701"
"2020-06-04T00:00:00.000Z","901350"
"2020-06-04T12:00:00.000Z","902332"
"2020-06-05T00:00:00.000Z","877446"
"2020-06-05T12:00:00.000Z","913739"
"2020-06-06T00:00:00.000Z","848594"
"2020-06-06T12:00:00.000Z","776318"
"2020-06-07T00:00:00.000Z","734541"
"2020-06-07T12:00:00.000Z","687156"
"2020-06-08T00:00:00.000Z","775961"
"2020-06-08T12:00:00.000Z","967901"
"2020-06-09T00:00:00.000Z","997842"
"2020-06-09T12:00:00.000Z","928326"
"2020-06-10T00:00:00.000Z","871210"
"2020-06-10T12:00:00.000Z","907706"
"2020-06-11T00:00:00.000Z","962127"
"2020-06-11T12:00:00.000Z","1040250"
"2020-06-12T00:00:00.000Z","1018775"
"2020-06-12T12:00:00.000Z","918560"
"2020-06-13T00:00:00.000Z","902110"
"2020-06-13T12:00:00.000Z","809577"
"2020-06-14T00:00:00.000Z","703694"
"2020-06-14T12:00:00.000Z","688467"
"2020-06-15T00:00:00.000Z","786805"
"2020-06-15T12:00:00.000Z","866389"
"2020-06-16T00:00:00.000Z","926607"
"2020-06-16T12:00:00.000Z","984152"
"2020-06-17T00:00:00.000Z","885829"
"2020-06-17T12:00:00.000Z","924732"
"2020-06-18T00:00:00.000Z","938635"
"2020-06-18T12:00:00.000Z","848169"
"2020-06-19T00:00:00.000Z","897999"
"2020-06-19T12:00:00.000Z","952293"
"2020-06-20T00:00:00.000Z","829217"
"2020-06-20T12:00:00.000Z","769123"
"2020-06-21T00:00:00.000Z","707527"
"2020-06-21T12:00:00.000Z","713560"
"2020-06-22T00:00:00.000Z","783425"
"2020-06-22T12:00:00.000Z","837555"
"2020-06-23T00:00:00.000Z","937773"
"2020-06-23T12:00:00.000Z","1035739"
"2020-06-24T00:00:00.000Z","952624"
"2020-06-24T12:00:00.000Z","927349"
"2020-06-25T00:00:00.000Z","881193"
"2020-06-25T12:00:00.000Z","890832"
"2020-06-26T00:00:00.000Z","929115"
"2020-06-26T12:00:00.000Z","934319"
"2020-06-27T00:00:00.000Z","826824"
"2020-06-27T12:00:00.000Z","773658"
"2020-06-28T00:00:00.000Z","728458"
"2020-06-28T12:00:00.000Z","687117"
"2020-06-29T00:00:00.000Z","777404"
"2020-06-29T12:00:00.000Z","942496"
"2020-06-30T00:00:00.000Z","1029837"
"2020-06-30T12:00:00.000Z","930949"
"2020-07-01T00:00:00.000Z","1001751"
"2020-07-01T12:00:00.000Z","1083565"
"2020-07-02T00:00:00.000Z","979194"
"2020-07-02T12:00:00.000Z","959784"
"2020-07-03T00:00:00.000Z","889326"
"2020-07-03T12:00:00.000Z","945296"
"2020-07-04T00:00:00.000Z","909603"
"2020-07-04T12:00:00.000Z","805242"
"2020-07-05T00:00:00.000Z","730293"
"2020-07-05T12:00:00.000Z","765092"
"2020-07-06T00:00:00.000Z","883027"
"2020-07-06T12:00:00.000Z","993237"
"2020-07-07T00:00:00.000Z","1001265"
"2020-07-07T12:00:00.000Z","970605"
"2020-07-08T00:00:00.000Z","949430"
"2020-07-08T12:00:00.000Z","1016237"
"2020-07-09T00:00:00.000Z","1074538"
"2020-07-09T12:00:00.000Z","1041612"
"2020-07-10T00:00:00.000Z","958967"
"2020-07-10T12:00:00.000Z","983995"
"2020-07-11T00:00:00.000Z","924179"
"2020-07-11T12:00:00.000Z","879032"
"2020-07-12T00:00:00.000Z","797143"
"2020-07-12T12:00:00.000Z","744446"
"2020-07-13T00:00:00.000Z","796575"
"2020-07-13T12:00:00.000Z","907523"
"2020-07-14T00:00:00.000Z","943842"
"2020-07-14T12:00:00.000Z","1003321"
"2020-07-15T00:00:00.000Z","1081909"
"2020-07-15T12:00:00.000Z","966110"
"2020-07-16T00:00:00.000Z","926846"
"2020-07-16T12:00:00.000Z","969565"
"2020-07-17T00:00:00.000Z","886527"
"2020-07-17T12:00:00.000Z","854379"
"2020-07-18T00:00:00.000Z","851124"
"2020-07-18T12:00:00.000Z","890800"
"2020-07-19T00:00:00.000Z","856735"
"2020-07-19T12:00:00.000Z","874309"
"2020-07-20T00:00:00.000Z","928130"
"2020-07-20T12:00:00.000Z","939138"
"2020-07-21T00:00:00.000Z","925401"
"2020-07-21T12:00:00.000Z","923967"
"2020-07-22T00:00:00.000Z","946391"
"2020-07-22T12:00:00.000Z","1019897"
"2020-07-23T00:00:00.000Z","971038"
"2020-07-23T12:00:00.000Z","983792"
"2020-07-24T00:00:00.000Z","1006812"
"2020-07-24T12:00:00.000Z","1081721"
"2020-07-25T00:00:00.000Z","1095474"
"2020-07-25T12:00:00.000Z","973818"
"2020-07-26T00:00:00.000Z","952488"
"2020-07-26T12:00:00.000Z","998139"
"2020-07-27T00:00:00.000Z","976802"
"2020-07-27T12:00:00.000Z","1021659"
"2020-07-28T00:00:00.000Z","1036377"
"2020-07-28T12:00:00.000Z","1055938"
"2020-07-29T00:00:00.000Z","1120568"
"2020-07-29T12:00:00.000Z","1044217"
"2020-07-30T00:00:00.000Z","939068"
"2020-07-30T12:00:00.000Z","968142"
"2020-07-31T00:00:00.000Z","953204"
"2020-07-31T12:00:00.000Z","1061453"
"2020-08-01T00:00:00.000Z","1001388"
"2020-08-01T12:00:00.000Z","958510"
"2020-08-02T00:00:00.000Z","940237"
"2020-08-02T12:00:00.000Z","952146"
"2020-08-03T00:00:00.000Z","945579"
"2020-08-03T12:00:00.000Z","1080026"
"2020-08-04T00:00:00.000Z","1096450"
"2020-08-04T12:00:00.000Z","995796"
"2020-08-05T00:00:00.000Z","951408"
"2020-08-05T12:00:00.000Z","955268"
"2020-08-06T00:00:00.000Z","1033389"
"2020-08-06T12:00:00.000Z","1126576"
"2020-08-07T00:00:00.000Z","1086234"
"2020-08-07T12:00:00.000Z","1051828"
"2020-08-08T00:00:00.000Z","992657"
"2020-08-08T12:00:00.000Z","950893"
"2020-08-09T00:00:00.000Z","917275"
"2020-08-09T12:00:00.000Z","905673"
"2020-08-10T00:00:00.000Z","915031"
"2020-08-10T12:00:00.000Z","972715"
"2020-08-11T00:00:00.000Z","1054343"
"2020-08-11T12:00:00.000Z","1086942"
"2020-08-12T00:00:00.000Z","1061643"
"2020-08-12T12:00:00.000Z","1057502"
"2020-08-13T00:00:00.000Z","943244"
"2020-08-13T12:00:00.000Z","946685"
"2020-08-14T00:00:00.000Z","1005572"
"2020-08-14T12:00:00.000Z","1089017"
"2020-08-15T00:00:00.000Z","1033926"
"2020-08-15T12:00:00.000Z","975742"
"2020-08-16T00:00:00.000Z","956097"
"2020-08-16T12:00:00.000Z","886146"
"2020-08-17T00:00:00.000Z","881863"
"2020-08-17T12:00:00.000Z","882285"
"2020-08-18T00:00:00.000Z","915834"
"2020-08-18T12:00:00.000Z","1017001"
"2020-08-19T00:00:00.000Z","921924"
"2020-08-19T12:00:00.000Z","979275"
"2020-08-20T00:00:00.000Z","1061277"
"2020-08-20T12:00:00.000Z","997646"
"2020-08-21T00:00:00.000Z","1034118"
"2020-08-21T12:00:00.000Z","1090646"
"2020-08-22T00:00:00.000Z","978297"
"2020-08-22T12:00:00.000Z","955076"
"2020-08-23T00:00:00.000Z","930272"
"2020-08-23T12:00:00.000Z","914511"
"2020-08-24T00:00:00.000Z","862758"
"2020-08-24T12:00:00.000Z","933468"
"2020-08-25T00:00:00.000Z","982731"
"2020-08-25T12:00:00.000Z","953512"
"2020-08-26T00:00:00.000Z","1041948"
"2020-08-26T12:00:00.000Z","1032471"
"2020-08-27T00:00:00.000Z","893792"
"2020-08-27T12:00:00.000Z","954571"
"2020-08-28T00:00:00.000Z","992931"
"2020-08-28T12:00:00.000Z","1080168"
"2020-08-29T00:00:00.000Z","1055516"
"2020-08-29T12:00:00.000Z","974884"
"2020-08-30T00:00:00.000Z","856757"
"2020-08-30T12:00:00.000Z","829979"
"2020-08-31T00:00:00.000Z","885288"
"2020-08-31T12:00:00.000Z","924454"
"2020-09-01T00:00:00.000Z","989822"
"2020-09-01T12:00:00.000Z","1082542"
"2020-09-02T00:00:00.000Z","1041354"
"2020-09-02T12:00:00.000Z","1027535"
"2020-09-03T00:00:00.000Z","980803"
"2020-09-03T12:00:00.000Z","980457"
"2020-09-04T00:00:00.000Z","1039385"
"2020-09-04T12:00:00.000Z","1008089"
"2020-09-05T00:00:00.000Z","946855"
"2020-09-05T12:00:00.000Z","980203"
"2020-09-06T00:00:00.000Z","997415"
"2020-09-06T12:00:00.000Z","992017"
"2020-09-07T00:00:00.000Z","977620"
"2020-09-07T12:00:00.000Z","1088282"
"2020-09-08T00:00:00.000Z","998301"
"2020-09-08T12:00:00.000Z","980357"
"2020-09-09T00:00:00.000Z","1051890"
"2020-09-09T12:00:00.000Z","965170"
"2020-09-10T00:00:00.000Z","948813"
"2020-09-10T12:00:00.000Z","1097739"
"2020-09-11T00:00:00.000Z","1048205"
"2020-09-11T12:00:00.000Z","961916"
"2020-09-12T00:00:00.000Z","961158"
"2020-09-12T12:00:00.000Z","900119"
"2020-09-13T00:00:00.000Z","763179"
"2020-09-13T12:00:00.000Z","791793"
"2020-09-14T00:00:00.000Z","900386"
"2020-09-14T12:00:00.000Z","1023202"
"2020-09-15T00:00:00.000Z","988912"
"2020-09-15T12:00:00.000Z","969283"
"2020-09-16T00:00:00.000Z","1064408"
"2020-09-16T12:00:00.000Z","1068300"
"2020-09-17T00:00:00.000Z","1029374"
"2020-09-17T12:00:00.000Z","1108822"
"2020-09-18T00:00:00.000Z","1072452"
"2020-09-18T12:00:00.000Z","972241"
"2020-09-19T00:00:00.000Z","924148"
"2020-09-19T12:00:00.000Z","901629"
"2020-09-20T00:00:00.000Z","773112"
"2020-09-20T12:00:00.000Z","806836"
"2020-09-21T00:00:00.000Z","961174"
"2020-09-21T12:00:00.000Z","945412"
"2020-09-22T00:00:00.000Z","909787"
"2020-09-22T12:00:00.000Z","970779"
"2020-09-23T00:00:00.000Z","946691"
"2020-09-23T12:00:00.000Z","1016914"
"2020-09-24T00:00:00.000Z","1021425"
"2020-09-24T12:00:00.000Z","945652"
"2020-09-25T00:00:00.000Z","1052937"
"2020-09-25T12:00:00.000Z","1148175"
"2020-09-26T00:00:00.000Z","1000001"
"2020-09-26T12:00:00.000Z","951434"
"2020-09-27T00:00:00.000Z","867546"
"2020-09-27T12:00:00.000Z","786824"
"2020-09-28T00:00:00.000Z","865642"
"2020-09-28T12:00:00.000Z","872096"
"2020-09-29T00:00:00.000Z","892519"
"2020-09-29T12:00:00.000Z","1004386"
"2020-09-30T00:00:00.000Z","1031867"
"2020-09-30T12:00:00.000Z","1118935"
"2020-10-01T00:00:00.000Z","999355"
"2020-10-01T12:00:00.000Z","931042"
"2020-10-02T00:00:00.000Z","950947"
"2020-10-02T12:00:00.000Z","988352"
"2020-10-03T00:00:00.000Z","1061841"
"2020-10-03T12:00:00.000Z","1013419"
"2020-10-04T00:00:00.000Z","935743"
"2020-10-04T12:00:00.000Z","917216"
"2020-10-05T00:00:00.000Z","880531"
"2020-10-05T12:00:00.000Z","945310"
"2020-10-06T00:00:00.000Z","1021962"
"2020-10-06T12:00:00.000Z","978442"
"2020-10-07T00:00:00.000Z","954364"
"2020-10-07T12:00:00.000Z","1065078"
"2020-10-08T00:00:00.000Z","1045993"
"2020-10-08T12:00:00.000Z","1039058"
"2020-10-09T00:00:00.000Z","958445"
"2020-10-09T12:00:00.000Z","1007263"
"2020-10-10T00:00:00.000Z","943256"
"2020-10-10T12:00:00.000Z","914140"
"2020-10-11T00:00:00.000Z","851110"
"2020-10-11T12:00:00.000Z","794451"
"2020-10-12T00:00:00.000Z","851045"
"2020-10-12T12:00:00.000Z","940779"
"2020-10-13T00:00:00.000Z","986685"
"2020-10-13T12:00:00.000Z","1058048"
"2020-10-14T00:00:00.000Z","989462"
"2020-10-14T12:00:00.000Z","938251"
"2020-10-15T00:00:00.000Z","999374"
"2020-10-15T12:00:00.000Z","1040538"
"2020-10-16T00:00:00.000Z","1016149"
"2020-10-16T12:00:00.000Z","988351"
"2020-10-17T00:00:00.000Z","933625"
"2020-10-17T12:00:00.000Z","847038"
"2020-10-18T00:00:00.000Z","767326"
"2020-10-18T12:00:00.000Z","730445"
"2020-10-19T00:00:00.000Z","865298"
"2020-10-19T12:00:00.000Z","932635"
"2020-10-20T00:00:00.000Z","971110"
"2020-10-20T12:00:00.000Z","1012550"
"2020-10-21T00:00:00.000Z","976194"
"2020-10-21T12:00:00.000Z","1010645"
"2020-10-22T00:00:00.000Z","1022585"
"2020-10-22T12:00:00.000Z","1048148"
"2020-10-23T00:00:00.000Z","958341"
"2020-10-23T12:00:00.000Z","986601"
"2020-10-24T00:00:00.000Z","1100507"
"2020-10-24T12:00:00.000Z","1097105"
"2020-10-25T00:00:00.000Z","910968"
"2020-10-25T12:00:00.000Z","853445"
"2020-10-26T00:00:00.000Z","833631"
"2020-10-26T12:00:00.000Z","824533"
"2020-10-27T00:00:00.000Z","780658"
"2020-10-27T12:00:00.000Z","827578"
"2020-10-28T00:00:00.000Z","870789"
"2020-10-28T12:00:00.000Z","818954"
"2020-10-29T00:00:00.000Z","899666"
"2020-10-29T12:00:00.000Z","890326"
"2020-10-30T00:00:00.000Z","915057"
"2020-10-30T12:00:00.000Z","897889"
"2020-10-31T00:00:00.000Z","801731"
"2020-10-31T12:00:00.000Z","882396"
"2020-11-01T00:00:00.000Z","889186"
"2020-11-01T12:00:00.000Z","891917"
"2020-11-02T00:00:00.000Z","841406"
"2020-11-02T12:00:00.000Z","778653"
"2020-11-03T00:00:00.000Z","898274"
"2020-11-03T12:00:00.000Z","1033214"
"2020-11-04T00:00:00.000Z","1081390"
"2020-11-04T12:00:00.000Z","1169322"
"2020-11-05T00:00:00.000Z","1090483"
"2020-11-05T12:00:00.000Z","1069914"
"2020-11-06T00:00:00.000Z","1064228"
"2020-11-06T12:00:00.000Z","1084929"
"2020-11-07T00:00:00.000Z","1092428"
"2020-11-07T12:00:00.000Z","1053464"
"2020-11-08T00:00:00.000Z","996876"
"2020-11-08T12:00:00.000Z","926627"
"2020-11-09T00:00:00.000Z","981039"
"2020-11-09T12:00:00.000Z","1201532"
"2020-11-10T00:00:00.000Z","1085067"
"2020-11-10T12:00:00.000Z","1023184"
"2020-11-11T00:00:00.000Z","1024782"
"2020-11-11T12:00:00.000Z","1017131"
"2020-11-12T00:00:00.000Z","979878"
"2020-11-12T12:00:00.000Z","1050345"
"2020-11-13T00:00:00.000Z","1089000"
"2020-11-13T12:00:00.000Z","1001911"
"2020-11-14T00:00:00.000Z","997129"
"2020-11-14T12:00:00.000Z","916249"
"2020-11-15T00:00:00.000Z","816683"
"2020-11-15T12:00:00.000Z","859876"
"2020-11-16T00:00:00.000Z","932991"
"2020-11-16T12:00:00.000Z","1036970"
"2020-11-17T00:00:00.000Z","1073326"
"2020-11-17T12:00:00.000Z","1134745"
"2020-11-18T00:00:00.000Z","1159954"
"2020-11-18T12:00:00.000Z","1187950"
"2020-11-19T00:00:00.000Z","1059993"
"2020-11-19T12:00:00.000Z","1058693"
"2020-11-20T00:00:00.000Z","1164975"
"2020-11-20T12:00:00.000Z","1182433"
"2020-11-21T00:00:00.000Z","1079458"
"2020-11-21T12:00:00.000Z","1018157"
"2020-11-22T00:00:00.000Z","906629"
"2020-11-22T12:00:00.000Z","866490"
"2020-11-23T00:00:00.000Z","936002"
"2020-11-23T12:00:00.000Z","1002388"
"2020-11-24T00:00:00.000Z","1047007"
"2020-11-24T12:00:00.000Z","1057102"
"2020-11-25T00:00:00.000Z","1061018"
"2020-11-25T12:00:00.000Z","1129801"
"2020-11-26T00:00:00.000Z","1086262"
"2020-11-26T12:00:00.000Z","1119973"
"2020-11-27T00:00:00.000Z","1140257"
"2020-11-27T12:00:00.000Z","1098350"
"2020-11-28T00:00:00.000Z","1083224"
"2020-11-28T12:00:00.000Z","1043285"
"2020-11-29T00:00:00.000Z","926127"
"2020-11-29T12:00:00.000Z","884138"
"2020-11-30T00:00:00.000Z","927671"
"2020-11-30T12:00:00.000Z","889644"
"2020-12-01T00:00:00.000Z","1037898"
"2020-12-01T12:00:00.000Z","1170496"
"2020-12-02T00:00:00.000Z","993435"
"2020-12-02T12:00:00.000Z","1018310"
"2020-12-03T00:00:00.000Z","1123752"
"2020-12-03T12:00:00.000Z","1169690"
"2020-12-04T00:00:00.000Z","1100595"
"2020-12-04T12:00:00.000Z","1073955"
"2020-12-05T00:00:00.000Z","1114536"
"2020-12-05T12:00:00.000Z","1074621"
"2020-12-06T00:00:00.000Z","928070"
"2020-12-06T12:00:00.000Z","911081"
"2020-12-07T00:00:00.000Z","1000678"
"2020-12-07T12:00:00.000Z","1014448"
"2020-12-08T00:00:00.000Z","1014068"
"2020-12-08T12:00:00.000Z","1060862"
"2020-12-09T00:00:00.000Z","997163"
"2020-12-09T12:00:00.000Z","1058492"
"2020-12-10T00:00:00.000Z","974994"
"2020-12-10T12:00:00.000Z","993054"
"2020-12-11T00:00:00.000Z","1104624"
"2020-12-11T12:00:00.000Z","1075124"
"2020-12-12T00:00:00.000Z","999816"
"2020-12-12T12:00:00.000Z","963500"
"2020-12-13T00:00:00.000Z","923815"
"2020-12-13T12:00:00.000Z","943877"
"2020-12-14T00:00:00.000Z","908395"
"2020-12-14T12:00:00.000Z","978889"
"2020-12-15T00:00:00.000Z","1042936"
"2020-12-15T12:00:00.000Z","1047013"
"2020-12-16T00:00:00.000Z","1087899"
"2020-12-16T12:00:00.000Z","1093062"
"2020-12-17T00:00:00.000Z","1017890"
"2020-12-17T12:00:00.000Z","1068922"
"2020-12-18T00:00:00.000Z","1132538"
"2020-12-18T12:00:00.000Z","1193446"
"2020-12-19T00:00:00.000Z","1165674"
"2020-12-19T12:00:00.000Z","1165913"
"2020-12-20T00:00:00.000Z","1185304"
"2020-12-20T12:00:00.000Z","1078259"
"2020-12-21T00:00:00.000Z","1053210"
"2020-12-21T12:00:00.000Z","1125453"
"2020-12-22T00:00:00.000Z","1121901"
"2020-12-22T12:00:00.000Z","1099364"
"2020-12-23T00:00:00.000Z","1046855"
"2020-12-23T12:00:00.000Z","1131844"
"2020-12-24T00:00:00.000Z","1102982"
"2020-12-24T12:00:00.000Z","972144"
"2020-12-25T00:00:00.000Z","958178"
"2020-12-25T12:00:00.000Z","1025889"
"2020-12-26T00:00:00.000Z","879044"
"2020-12-26T12:00:00.000Z","949573"
"2020-12-27T00:00:00.000Z","1036419"
"2020-12-27T12:00:00.000Z","1060073"
"2020-12-28T00:00:00.000Z","1099410"
"2020-12-28T12:00:00.000Z","1144976"
"2020-12-29T00:00:00.000Z","1076321"
"2020-12-29T12:00:00.000Z","1150748"
"2020-12-30T00:00:00.000Z","1216701"
"2020-12-30T12:00:00.000Z","1215762"
"2020-12-31T00:00:00.000Z","1210106"
"2020-12-31T12:00:00.000Z","1203679"
"2021-01-01T00:00:00.000Z","1048711"
"2021-01-01T12:00:00.000Z","996196"
"2021-01-02T00:00:00.000Z","1029278"
"2021-01-02T12:00:00.000Z","1138638"
"2021-01-03T00:00:00.000Z","1136974"
"2021-01-03T12:00:00.000Z","1188464"
"2021-01-04T00:00:00.000Z","1256110"
"2021-01-04T12:00:00.000Z","1274847"
"2021-01-05T00:00:00.000Z","1207573"
"2021-01-05T12:00:00.000Z","1234409"
"2021-01-06T00:00:00.000Z","1288557"
"2021-01-06T12:00:00.000Z","1343930"
"2021-01-07T00:00:00.000Z","1263915"
"2021-01-07T12:00:00.000Z","1291322"
"2021-01-08T00:00:00.000Z","1210622"
"2021-01-08T12:00:00.000Z","1235794"
"2021-01-09T00:00:00.000Z","1205807"
"2021-01-09T12:00:00.000Z","1099492"
"2021-01-10T00:00:00.000Z","1121596"
"2021-01-10T12:00:00.000Z","1179142"
"2021-01-11T00:00:00.000Z","1211992"
"2021-01-11T12:00:00.000Z","1206931"
"2021-01-12T00:00:00.000Z","1219957"
"2021-01-12T12:00:00.000Z","1209837"
"2021-01-13T00:00:00.000Z","1109867"
"2021-01-13T12:00:00.000Z","1164136"
"2021-01-14T00:00:00.000Z","1167140"
"2021-01-14T12:00:00.000Z","1166588"
"2021-01-15T00:00:00.000Z","1138551"
"2021-01-15T12:00:00.000Z","1204511"
"2021-01-16T00:00:00.000Z","1189566"
"2021-01-16T12:00:00.000Z","1114579"
"2021-01-17T00:00:00.000Z","978785"
"2021-01-17T12:00:00.000Z","1008691"
"2021-01-18T00:00:00.000Z","1086042"
"2021-01-18T12:00:00.000Z","1082382"
"2021-01-19T00:00:00.000Z","1075730"
"2021-01-19T12:00:00.000Z","1101158"
"2021-01-20T00:00:00.000Z","1094222"
"2021-01-20T12:00:00.000Z","1092201"
"2021-01-21T00:00:00.000Z","1028311"
"2021-01-21T12:00:00.000Z","1071969"
"2021-01-22T00:00:00.000Z","1152678"
"2021-01-22T12:00:00.000Z","1098284"
"2021-01-23T00:00:00.000Z","1019795"
"2021-01-23T12:00:00.000Z","1135766"
"2021-01-24T00:00:00.000Z","1119017"
"2021-01-24T12:00:00.000Z","999640"
"2021-01-25T00:00:00.000Z","1035036"
"2021-01-25T12:00:00.000Z","1118502"
"2021-01-26T00:00:00.000Z","1178354"
"2021-01-26T12:00:00.000Z","1180060"
"2021-01-27T00:00:00.000Z","1028576"
"2021-01-27T12:00:00.000Z","1102173"
"2021-01-28T00:00:00.000Z","1114277"
"2021-01-28T12:00:00.000Z","1097518"
"2021-01-29T00:00:00.000Z","1196379"
"2021-01-29T12:00:00.000Z","1213507"
"2021-01-30T00:00:00.000Z","1217198"
"2021-01-30T12:00:00.000Z","1085214"
"2021-01-31T00:00:00.000Z","1006201"
"2021-01-31T12:00:00.000Z","1076392"
"2021-02-01T00:00:00.000Z","1015341"
"2021-02-01T12:00:00.000Z","981063"
"2021-02-02T00:00:00.000Z","1062593"
"2021-02-02T12:00:00.000Z","1211759"
"2021-02-03T00:00:00.000Z","1186366"
"2021-02-03T12:00:00.000Z","1189220"
"2021-02-04T00:00:00.000Z","1197037"
"2021-02-04T12:00:00.000Z","1229557"
"2021-02-05T00:00:00.000Z","1198833"
"2021-02-05T12:00:00.000Z","1256486"
"2021-02-06T00:00:00.000Z","1198592"
"2021-02-06T12:00:00.000Z","1159389"
"2021-02-07T00:00:00.000Z","1155730"
"2021-02-07T12:00:00.000Z","1151235"
"2021-02-08T00:00:00.000Z","1146093"
"2021-02-08T12:00:00.000Z","1243517"
"2021-02-09T00:00:00.000Z","1215823"
"2021-02-09T12:00:00.000Z","1179907"
"2021-02-10T00:00:00.000Z","1228202"
"2021-02-10T12:00:00.000Z","1185265"
"2021-02-11T00:00:00.000Z","1048564"
"2021-02-11T12:00:00.000Z","1063768"
"2021-02-12T00:00:00.000Z","1101762"
"2021-02-12T12:00:00.000Z","1149360"
"2021-02-13T00:00:00.000Z","1171550"
"2021-02-13T12:00:00.000Z","1220396"
"2021-02-14T00:00:00.000Z","1207194"
"2021-02-14T12:00:00.000Z","1114662"
"2021-02-15T00:00:00.000Z","1050658"
"2021-02-15T12:00:00.000Z","1142381"
"2021-02-16T00:00:00.000Z","1008402"
"2021-02-16T12:00:00.000Z","991953"
"2021-02-17T00:00:00.000Z","1086943"
"2021-02-17T12:00:00.000Z","1138588"
"2021-02-18T00:00:00.000Z","1186783"
"2021-02-18T12:00:00.000Z","1138763"
"2021-02-19T00:00:00.000Z","1134074"
"2021-02-19T12:00:00.000Z","1246507"
"2021-02-20T00:00:00.000Z","1203314"
"2021-02-20T12:00:00.000Z","1189480"
"2021-02-21T00:00:00.000Z","1067028"
"2021-02-21T12:00:00.000Z","1041994"
"2021-02-22T00:00:00.000Z","1135207"
"2021-02-22T12:00:00.000Z","1094542"
"2021-02-23T00:00:00.000Z","980343"
"2021-02-23T12:00:00.000Z","1058649"
"2021-02-24T00:00:00.000Z","1211291"
"2021-02-24T12:00:00.000Z","1236736"
"2021-02-25T00:00:00.000Z","1203781"
"2021-02-25T12:00:00.000Z","1215099"
"2021-02-26T00:00:00.000Z","1068815"
"2021-02-26T12:00:00.000Z","1120912"
"2021-02-27T00:00:00.000Z","1243640"
"2021-02-27T12:00:00.000Z","1200759"
"2021-02-28T00:00:00.000Z","1027587"
"2021-02-28T12:00:00.000Z","1029355"
"2021-03-01T00:00:00.000Z","1038053"
"2021-03-01T12:00:00.000Z","1085604"
"2021-03-02T00:00:00.000Z","1134636"
"2021-03-02T12:00:00.000Z","1130633"
"2021-03-03T00:00:00.000Z","1150391"
"2021-03-03T12:00:00.000Z","1182145"
"2021-03-04T00:00:00.000Z","1104099"
"2021-03-04T12:00:00.000Z","1042705"
"2021-03-05T00:00:00.000Z","1074315"
"2021-03-05T12:00:00.000Z","1164414"
"2021-03-06T00:00:00.000Z","1132558"
"2021-03-06T12:00:00.000Z","1128235"
"2021-03-07T00:00:00.000Z","1017188"
"2021-03-07T12:00:00.000Z","1046348"
"2021-03-08T00:00:00.000Z","1152445"
"2021-03-08T12:00:00.000Z","1170140"
"2021-03-09T00:00:00.000Z","1118853"
"2021-03-09T12:00:00.000Z","1087024"
"2021-03-10T00:00:00.000Z","1101046"
"2021-03-10T12:00:00.000Z","1178312"
"2021-03-11T00:00:00.000Z","1068132"
"2021-03-11T12:00:00.000Z","1082305"
"2021-03-12T00:00:00.000Z","1175139"
"2021-03-12T12:00:00.000Z","1184501"
"2021-03-13T00:00:00.000Z","1138830"
"2021-03-13T12:00:00.000Z","1110680"
"2021-03-14T00:00:00.000Z","1104673"
"2021-03-14T12:00:00.000Z","1162445"
"2021-03-15T00:00:00.000Z","1135467"
"2021-03-15T12:00:00.000Z","1165698"
"2021-03-16T00:00:00.000Z","1147286"
"2021-03-16T12:00:00.000Z","1161563"
"2021-03-17T00:00:00.000Z","1114308"
"2021-03-17T12:00:00.000Z","1122035"
"2021-03-18T00:00:00.000Z","1131488"
"2021-03-18T12:00:00.000Z","1210093"
"2021-03-19T00:00:00.000Z","1151665"
"2021-03-19T12:00:00.000Z","1162157"
"2021-03-20T00:00:00.000Z","1139217"
"2021-03-20T12:00:00.000Z","1136349"
"2021-03-21T00:00:00.000Z","1120639"
"2021-03-21T12:00:00.000Z","1101144"
"2021-03-22T00:00:00.000Z","1139375"
"2021-03-22T12:00:00.000Z","1145948"
"2021-03-23T00:00:00.000Z","1198202"
"2021-03-23T12:00:00.000Z","1237248"
"2021-03-24T00:00:00.000Z","1213116"
"2021-03-24T12:00:00.000Z","1157957"
"2021-03-25T00:00:00.000Z","1151660"
"2021-03-25T12:00:00.000Z","1207006"
"2021-03-26T00:00:00.000Z","1089218"
"2021-03-26T12:00:00.000Z","1094372"
"2021-03-27T00:00:00.000Z","1172149"
"2021-03-27T12:00:00.000Z","1149819"
"2021-03-28T00:00:00.000Z","1062966"
"2021-03-28T12:00:00.000Z","1070219"
"2021-03-29T00:00:00.000Z","1042407"
"2021-03-29T12:00:00.000Z","1116535"
"2021-03-30T00:00:00.000Z","1142894"
"2021-03-30T12:00:00.000Z","1150664"
"2021-03-31T00:00:00.000Z","1163147"
"2021-03-31T12:00:00.000Z","1245157"
"2021-04-01T00:00:00.000Z","1244088"
"2021-04-01T12:00:00.000Z",""
"2021-04-02T00:00:00.000Z",""
"2021-04-02T12:00:00.000Z",""
"2021-04-03T00:00:00.000Z",""
"2021-04-03T12:00:00.000Z",""
"2021-04-04T00:00:00.000Z",""
"2021-04-04T12:00:00.000Z",""
"2021-04-05T00:00:00.000Z",""
"2021-04-05T12:00:00.000Z",""
"2021-04-06T00:00:00.000Z",""
"2021-04-06T12:00:00.000Z",""
"2021-04-07T00:00:00.000Z",""
"2021-04-07T12:00:00.000Z",""
"2021-04-08T00:00:00.000Z",""
"2021-04-08T12:00:00.000Z",""