"Date","Supply on Exchanges"
"2019-04-01T00:00:00.000Z","1510518.6415984244"
"2019-04-02T00:00:00.000Z","1528869.1882698254"
"2019-04-03T00:00:00.000Z","1533125.8260380046"
"2019-04-04T00:00:00.000Z","1530533.0020089042"
"2019-04-05T00:00:00.000Z","1531982.1688678837"
"2019-04-06T00:00:00.000Z","1529896.6217223739"
"2019-04-07T00:00:00.000Z","1533734.334346955"
"2019-04-08T00:00:00.000Z","1540592.8408182233"
"2019-04-09T00:00:00.000Z","1545992.5927333042"
"2019-04-10T00:00:00.000Z","1535597.3448553553"
"2019-04-11T00:00:00.000Z","1533945.075726818"
"2019-04-12T00:00:00.000Z","1531354.8059548195"
"2019-04-13T00:00:00.000Z","1528826.1827977493"
"2019-04-14T00:00:00.000Z","1527286.412474489"
"2019-04-15T00:00:00.000Z","1525709.2543703995"
"2019-04-16T00:00:00.000Z","1520917.4808146097"
"2019-04-17T00:00:00.000Z","1520457.0593550834"
"2019-04-18T00:00:00.000Z","1517653.371568942"
"2019-04-19T00:00:00.000Z","1517112.3391032843"
"2019-04-20T00:00:00.000Z","1513816.7389031448"
"2019-04-21T00:00:00.000Z","1516668.1637415083"
"2019-04-22T00:00:00.000Z","1521423.5089184474"
"2019-04-23T00:00:00.000Z","1514443.2463890805"
"2019-04-24T00:00:00.000Z","1508483.172445332"
"2019-04-25T00:00:00.000Z","1505415.6739993312"
"2019-04-26T00:00:00.000Z","1491109.3651783417"
"2019-04-27T00:00:00.000Z","1488387.2741501504"
"2019-04-28T00:00:00.000Z","1481223.4216745407"
"2019-04-29T00:00:00.000Z","1472823.5575640232"
"2019-04-30T00:00:00.000Z","1467081.3349690333"
"2019-05-01T00:00:00.000Z","1471717.8785927305"
"2019-05-02T00:00:00.000Z","1466261.0977583006"
"2019-05-03T00:00:00.000Z","1463755.8224251305"
"2019-05-04T00:00:00.000Z","1461434.4148805102"
"2019-05-05T00:00:00.000Z","1456319.2497248"
"2019-05-06T00:00:00.000Z","1452755.56812601"
"2019-05-07T00:00:00.000Z","1445458.1983867402"
"2019-05-08T00:00:00.000Z","1440729.57048151"
"2019-05-09T00:00:00.000Z","1447866.84406829"
"2019-05-10T00:00:00.000Z","1478033.7653025307"
"2019-05-11T00:00:00.000Z","1484494.270449091"
"2019-05-12T00:00:00.000Z","1491800.9615178695"
"2019-05-13T00:00:00.000Z","1495588.3844671892"
"2019-05-14T00:00:00.000Z","1501242.4889326154"
"2019-05-15T00:00:00.000Z","1521729.7535637247"
"2019-05-16T00:00:00.000Z","1514658.7756236226"
"2019-05-17T00:00:00.000Z","1508885.8788772123"
"2019-05-18T00:00:00.000Z","1506340.4347810925"
"2019-05-19T00:00:00.000Z","1511808.7533355628"
"2019-05-20T00:00:00.000Z","1512697.3331162727"
"2019-05-21T00:00:00.000Z","1514529.5716789926"
"2019-05-22T00:00:00.000Z","1524386.8902941693"
"2019-05-23T00:00:00.000Z","1525692.982631659"
"2019-05-24T00:00:00.000Z","1522348.7951917085"
"2019-05-25T00:00:00.000Z","1523137.1063878678"
"2019-05-26T00:00:00.000Z","1527071.7287360278"
"2019-05-27T00:00:00.000Z","1536933.2472039766"
"2019-05-28T00:00:00.000Z","1543637.8535967076"
"2019-05-29T00:00:00.000Z","1544786.1815089595"
"2019-05-30T00:00:00.000Z","1548036.1208759"
"2019-05-31T00:00:00.000Z","1547007.9323474003"
"2019-06-01T00:00:00.000Z","1549243.8572214993"
"2019-06-02T00:00:00.000Z","1553796.0892689994"
"2019-06-03T00:00:00.000Z","1584173.6577689655"
"2019-06-04T00:00:00.000Z","1596834.0286434582"
"2019-06-05T00:00:00.000Z","1656772.8571701187"
"2019-06-06T00:00:00.000Z","1652032.4901758588"
"2019-06-07T00:00:00.000Z","1650553.781941869"
"2019-06-08T00:00:00.000Z","1650302.3129135289"
"2019-06-09T00:00:00.000Z","1650468.4839187788"
"2019-06-10T00:00:00.000Z","1652576.6888177586"
"2019-06-11T00:00:00.000Z","1655273.4264629784"
"2019-06-12T00:00:00.000Z","1660656.6022971326"
"2019-06-13T00:00:00.000Z","1663343.8347229136"
"2019-06-14T00:00:00.000Z","1657999.7228071396"
"2019-06-15T00:00:00.000Z","1659475.0896798503"
"2019-06-16T00:00:00.000Z","1665398.1036569008"
"2019-06-17T00:00:00.000Z","1670740.5256323253"
"2019-06-18T00:00:00.000Z","1674118.939027813"
"2019-06-19T00:00:00.000Z","1677137.6105377523"
"2019-06-20T00:00:00.000Z","1676562.8861397726"
"2019-06-21T00:00:00.000Z","1673481.7874077123"
"2019-06-22T00:00:00.000Z","1682701.5046960714"
"2019-06-23T00:00:00.000Z","1683151.7301793024"
"2019-06-24T00:00:00.000Z","1685291.300443411"
"2019-06-25T00:00:00.000Z","1693886.51278321"
"2019-06-26T00:00:00.000Z","1697838.5273778904"
"2019-06-27T00:00:00.000Z","1714597.233467395"
"2019-06-28T00:00:00.000Z","1720436.5778859626"
"2019-06-29T00:00:00.000Z","1727715.9490433512"
"2019-06-30T00:00:00.000Z","1751077.620600892"
"2019-07-01T00:00:00.000Z","1758684.4919364916"
"2019-07-02T00:00:00.000Z","1763523.3213914118"
"2019-07-03T00:00:00.000Z","1763450.451672752"
"2019-07-04T00:00:00.000Z","1768504.4160859706"
"2019-07-05T00:00:00.000Z","1761954.8619931804"
"2019-07-06T00:00:00.000Z","1763175.39611608"
"2019-07-07T00:00:00.000Z","1762438.9204945103"
"2019-07-08T00:00:00.000Z","1773452.7746325883"
"2019-07-09T00:00:00.000Z","1778872.2392446073"
"2019-07-10T00:00:00.000Z","1794664.6373081105"
"2019-07-11T00:00:00.000Z","1808953.6400409886"
"2019-07-12T00:00:00.000Z","1776526.127981198"
"2019-07-13T00:00:00.000Z","1774533.7040036079"
"2019-07-14T00:00:00.000Z","1779168.2665715474"
"2019-07-15T00:00:00.000Z","1781158.3688941074"
"2019-07-16T00:00:00.000Z","1779559.272866477"
"2019-07-17T00:00:00.000Z","1794958.0170460977"
"2019-07-18T00:00:00.000Z","1795358.6479303562"
"2019-07-19T00:00:00.000Z","1796896.6288902268"
"2019-07-20T00:00:00.000Z","1797668.6871924568"
"2019-07-21T00:00:00.000Z","1799712.5010909669"
"2019-07-22T00:00:00.000Z","1799607.3100326438"
"2019-07-23T00:00:00.000Z","1803584.2073396738"
"2019-07-24T00:00:00.000Z","1804702.4202846931"
"2019-07-25T00:00:00.000Z","1803113.1394036608"
"2019-07-26T00:00:00.000Z","1798855.3961459904"
"2019-07-27T00:00:00.000Z","1799240.2152370303"
"2019-07-28T00:00:00.000Z","1800475.1151560403"
"2019-07-29T00:00:00.000Z","1802559.5645617635"
"2019-07-30T00:00:00.000Z","1805664.6127087334"
"2019-07-31T00:00:00.000Z","1803413.2748822435"
"2019-08-01T00:00:00.000Z","1805954.1367854236"
"2019-08-02T00:00:00.000Z","1811881.299877404"
"2019-08-03T00:00:00.000Z","1813702.789886284"
"2019-08-04T00:00:00.000Z","1815441.387126434"
"2019-08-05T00:00:00.000Z","1820776.7766341327"
"2019-08-06T00:00:00.000Z","1821696.3887062727"
"2019-08-07T00:00:00.000Z","1824748.5179684046"
"2019-08-08T00:00:00.000Z","1827743.3737255237"
"2019-08-09T00:00:00.000Z","1828963.4027667237"
"2019-08-10T00:00:00.000Z","1831095.2675543139"
"2019-08-11T00:00:00.000Z","1833486.9049998934"
"2019-08-12T00:00:00.000Z","1836048.218552734"
"2019-08-13T00:00:00.000Z","1840553.6598446437"
"2019-08-14T00:00:00.000Z","1841818.019978454"
"2019-08-15T00:00:00.000Z","1838207.9478070338"
"2019-08-16T00:00:00.000Z","1831711.288733744"
"2019-08-17T00:00:00.000Z","1834596.920216064"
"2019-08-18T00:00:00.000Z","1836158.235480284"
"2019-08-19T00:00:00.000Z","1837419.408915294"
"2019-08-20T00:00:00.000Z","1846865.4928386065"
"2019-08-21T00:00:00.000Z","1846160.5454166355"
"2019-08-22T00:00:00.000Z","1843618.0955819772"
"2019-08-23T00:00:00.000Z","1844529.3673393868"
"2019-08-24T00:00:00.000Z","1843913.992029297"
"2019-08-25T00:00:00.000Z","1843826.480677427"
"2019-08-26T00:00:00.000Z","1847432.9294984166"
"2019-08-27T00:00:00.000Z","1846756.6995726468"
"2019-08-28T00:00:00.000Z","1846271.9332057168"
"2019-08-29T00:00:00.000Z","1842217.817728926"
"2019-08-30T00:00:00.000Z","1837183.6794449561"
"2019-08-31T00:00:00.000Z","1837696.5278264575"
"2019-09-01T00:00:00.000Z","1839556.0001867695"
"2019-09-02T00:00:00.000Z","1844001.2601862194"
"2019-09-03T00:00:00.000Z","1847854.5471550294"
"2019-09-04T00:00:00.000Z","1823873.887266199"
"2019-09-05T00:00:00.000Z","1831481.0915210193"
"2019-09-06T00:00:00.000Z","1835516.1377529295"
"2019-09-07T00:00:00.000Z","1834631.6335265595"
"2019-09-08T00:00:00.000Z","1836690.1869008294"
"2019-09-09T00:00:00.000Z","1841158.3181128197"
"2019-09-10T00:00:00.000Z","1838914.17198999"
"2019-09-11T00:00:00.000Z","1839400.4934151098"
"2019-09-12T00:00:00.000Z","1843711.5263990597"
"2019-09-13T00:00:00.000Z","1845408.7997689897"
"2019-09-14T00:00:00.000Z","1846243.0247684394"
"2019-09-15T00:00:00.000Z","1848299.1739788994"
"2019-09-16T00:00:00.000Z","1848314.0763684695"
"2019-09-17T00:00:00.000Z","1853226.9259012507"
"2019-09-18T00:00:00.000Z","1854066.1478746196"
"2019-09-19T00:00:00.000Z","1855779.6091205897"
"2019-09-20T00:00:00.000Z","1860689.0881123699"
"2019-09-21T00:00:00.000Z","1865394.9349139896"
"2019-09-22T00:00:00.000Z","1865858.9363218704"
"2019-09-23T00:00:00.000Z","1865897.1375889303"
"2019-09-24T00:00:00.000Z","1876626.8731399304"
"2019-09-25T00:00:00.000Z","1886850.78588937"
"2019-09-26T00:00:00.000Z","1887952.98073313"
"2019-09-27T00:00:00.000Z","1886344.9366187595"
"2019-09-28T00:00:00.000Z","1886731.9314984595"
"2019-09-29T00:00:00.000Z","1885070.1782624295"
"2019-09-30T00:00:00.000Z","1885885.40099373"
"2019-10-01T00:00:00.000Z","1888642.161029261"
"2019-10-02T00:00:00.000Z","1888717.5263511208"
"2019-10-03T00:00:00.000Z","1886349.4811205508"
"2019-10-04T00:00:00.000Z","1888273.5243357406"
"2019-10-05T00:00:00.000Z","1890698.1657786705"
"2019-10-06T00:00:00.000Z","1891678.6956821305"
"2019-10-07T00:00:00.000Z","1891342.6486707907"
"2019-10-08T00:00:00.000Z","1895911.0904131408"
"2019-10-09T00:00:00.000Z","1898325.749767991"
"2019-10-10T00:00:00.000Z","1901672.545010221"
"2019-10-11T00:00:00.000Z","1889681.2558436103"
"2019-10-12T00:00:00.000Z","1888777.9839774503"
"2019-10-13T00:00:00.000Z","1891356.9852749"
"2019-10-14T00:00:00.000Z","1888381.3779898975"
"2019-10-15T00:00:00.000Z","1894983.0619463068"
"2019-10-16T00:00:00.000Z","1894453.5534755688"
"2019-10-17T00:00:00.000Z","1893119.8057685485"
"2019-10-18T00:00:00.000Z","1886487.1214153883"
"2019-10-19T00:00:00.000Z","1885764.6199975382"
"2019-10-20T00:00:00.000Z","1886716.8132974382"
"2019-10-21T00:00:00.000Z","1886723.701322288"
"2019-10-22T00:00:00.000Z","1880961.9180187185"
"2019-10-23T00:00:00.000Z","1881385.8842429784"
"2019-10-24T00:00:00.000Z","1880960.5157053187"
"2019-10-25T00:00:00.000Z","1900020.9206203483"
"2019-10-26T00:00:00.000Z","1913401.9232670877"
"2019-10-27T00:00:00.000Z","1916914.1872292778"
"2019-10-28T00:00:00.000Z","1867310.5407742972"
"2019-10-29T00:00:00.000Z","1867227.0305901968"
"2019-10-30T00:00:00.000Z","1871074.5915656176"
"2019-10-31T00:00:00.000Z","1874650.7509196475"
"2019-11-01T00:00:00.000Z","1876638.7139926478"
"2019-11-02T00:00:00.000Z","1879014.2211645776"
"2019-11-03T00:00:00.000Z","1879695.3072480483"
"2019-11-04T00:00:00.000Z","1878971.1083207082"
"2019-11-05T00:00:00.000Z","1884303.2048887175"
"2019-11-06T00:00:00.000Z","1901341.9837730778"
"2019-11-07T00:00:00.000Z","1903567.3454160478"
"2019-11-08T00:00:00.000Z","1895083.0964811177"
"2019-11-09T00:00:00.000Z","1895536.4720677978"
"2019-11-10T00:00:00.000Z","1896509.2176760377"
"2019-11-11T00:00:00.000Z","1899916.7942377378"
"2019-11-12T00:00:00.000Z","1894070.2731085478"
"2019-11-13T00:00:00.000Z","1909878.0879659578"
"2019-11-14T00:00:00.000Z","1893352.3539302675"
"2019-11-15T00:00:00.000Z","1894723.312824957"
"2019-11-16T00:00:00.000Z","1896614.336278757"
"2019-11-17T00:00:00.000Z","1897796.4366421571"
"2019-11-18T00:00:00.000Z","1909039.4466366472"
"2019-11-19T00:00:00.000Z","1903737.510760307"
"2019-11-20T00:00:00.000Z","1900075.311046127"
"2019-11-21T00:00:00.000Z","1901982.4182955662"
"2019-11-22T00:00:00.000Z","1910512.525356806"
"2019-11-23T00:00:00.000Z","1909153.9574505761"
"2019-11-24T00:00:00.000Z","1911802.241138846"
"2019-11-25T00:00:00.000Z","1919730.8241997457"
"2019-11-26T00:00:00.000Z","1926952.5115388758"
"2019-11-27T00:00:00.000Z","1927754.1052392956"
"2019-11-28T00:00:00.000Z","1924839.7388237554"
"2019-11-29T00:00:00.000Z","1922010.1356469358"
"2019-11-30T00:00:00.000Z","1919337.075627986"
"2019-12-01T00:00:00.000Z","1911308.5662331365"
"2019-12-02T00:00:00.000Z","1915355.0663653463"
"2019-12-03T00:00:00.000Z","1914731.134006037"
"2019-12-04T00:00:00.000Z","1917997.519316387"
"2019-12-05T00:00:00.000Z","1908093.357504138"
"2019-12-06T00:00:00.000Z","1906536.6818087182"
"2019-12-07T00:00:00.000Z","1909147.7856136682"
"2019-12-08T00:00:00.000Z","1910737.3152045782"
"2019-12-09T00:00:00.000Z","1913795.368526518"
"2019-12-10T00:00:00.000Z","1908914.5339202282"
"2019-12-11T00:00:00.000Z","1911447.836955258"
"2019-12-12T00:00:00.000Z","1913504.068179538"
"2019-12-13T00:00:00.000Z","1911843.966905198"
"2019-12-14T00:00:00.000Z","1912910.8051015378"
"2019-12-15T00:00:00.000Z","1913715.1417358378"
"2019-12-16T00:00:00.000Z","1916650.4482556377"
"2019-12-17T00:00:00.000Z","1922155.057157638"
"2019-12-18T00:00:00.000Z","1929664.9211351378"
"2019-12-19T00:00:00.000Z","1931680.981693578"
"2019-12-20T00:00:00.000Z","1942752.969117138"
"2019-12-21T00:00:00.000Z","1944689.2923393382"
"2019-12-22T00:00:00.000Z","1947374.0075591982"
"2019-12-23T00:00:00.000Z","1954401.0986061683"
"2019-12-24T00:00:00.000Z","1947867.6926753584"
"2019-12-25T00:00:00.000Z","1948573.5896847786"
"2019-12-26T00:00:00.000Z","1953742.9838741487"
"2019-12-27T00:00:00.000Z","1957070.3279474687"
"2019-12-28T00:00:00.000Z","1961442.8032428594"
"2019-12-29T00:00:00.000Z","1963450.7709497593"
"2019-12-30T00:00:00.000Z","1965478.0780566891"
"2019-12-31T00:00:00.000Z","1958147.1701771994"
"2020-01-01T00:00:00.000Z","1961506.9920873593"
"2020-01-02T00:00:00.000Z","1963915.6671112494"
"2020-01-03T00:00:00.000Z","1966312.1238360293"
"2020-01-04T00:00:00.000Z","1971883.0942651103"
"2020-01-05T00:00:00.000Z","1972941.5993273403"
"2020-01-06T00:00:00.000Z","1974258.1087423502"
"2020-01-07T00:00:00.000Z","1977841.2412826405"
"2020-01-08T00:00:00.000Z","1977460.0566303504"
"2020-01-09T00:00:00.000Z","1982239.3724228207"
"2020-01-10T00:00:00.000Z","1987749.307661881"
"2020-01-11T00:00:00.000Z","1986758.0363164411"
"2020-01-12T00:00:00.000Z","1986839.301598461"
"2020-01-13T00:00:00.000Z","1988793.9967471708"
"2020-01-14T00:00:00.000Z","2004754.982265109"
"2020-01-15T00:00:00.000Z","2010319.3286745686"
"2020-01-16T00:00:00.000Z","2003915.9930331283"
"2020-01-17T00:00:00.000Z","2004142.9779863684"
"2020-01-18T00:00:00.000Z","1989534.9084351189"
"2020-01-19T00:00:00.000Z","1992254.0680839687"
"2020-01-20T00:00:00.000Z","1989971.429294539"
"2020-01-21T00:00:00.000Z","1993146.3499845087"
"2020-01-22T00:00:00.000Z","1989997.1334133286"
"2020-01-23T00:00:00.000Z","1996510.9330511775"
"2020-01-24T00:00:00.000Z","1995123.9613840175"
"2020-01-25T00:00:00.000Z","1994504.4053061972"
"2020-01-26T00:00:00.000Z","1994414.1110666473"
"2020-01-27T00:00:00.000Z","1997803.7657723674"
"2020-01-28T00:00:00.000Z","2001931.2926464675"
"2020-01-29T00:00:00.000Z","2007196.6198831773"
"2020-01-30T00:00:00.000Z","2006835.7679155872"
"2020-01-31T00:00:00.000Z","1998318.8633324574"
"2020-02-01T00:00:00.000Z","2002067.338144087"
"2020-02-02T00:00:00.000Z","2001940.2378289269"
"2020-02-03T00:00:00.000Z","2005647.7764884005"
"2020-02-04T00:00:00.000Z","2009812.9509652716"
"2020-02-05T00:00:00.000Z","2011485.9375198914"
"2020-02-06T00:00:00.000Z","2012010.1300976817"
"2020-02-07T00:00:00.000Z","2011311.7265294115"
"2020-02-08T00:00:00.000Z","2002232.5242293512"
"2020-02-09T00:00:00.000Z","2009710.1713694816"
"2020-02-10T00:00:00.000Z","2003034.7635141015"
"2020-02-11T00:00:00.000Z","2008600.2165628015"
"2020-02-12T00:00:00.000Z","2016526.1027775514"
"2020-02-13T00:00:00.000Z","2009391.134098151"
"2020-02-14T00:00:00.000Z","2009830.0104082313"
"2020-02-15T00:00:00.000Z","2011964.2802615913"
"2020-02-16T00:00:00.000Z","2015195.5294088514"
"2020-02-17T00:00:00.000Z","2014415.9852239415"
"2020-02-18T00:00:00.000Z","2016735.5555308713"
"2020-02-19T00:00:00.000Z","2015376.086896501"
"2020-02-20T00:00:00.000Z","2013967.4849698113"
"2020-02-21T00:00:00.000Z","2004416.5955948918"
"2020-02-22T00:00:00.000Z","2007085.4705271216"
"2020-02-23T00:00:00.000Z","1988379.5823576814"
"2020-02-24T00:00:00.000Z","1988041.2395760114"
"2020-02-25T00:00:00.000Z","1987208.2870909513"
"2020-02-26T00:00:00.000Z","1988039.653313341"
"2020-02-27T00:00:00.000Z","1990508.1518107313"
"2020-02-28T00:00:00.000Z","1990219.3986427712"
"2020-02-29T00:00:00.000Z","1989733.7098751513"
"2020-03-01T00:00:00.000Z","1989582.4876912811"
"2020-03-02T00:00:00.000Z","1993292.8317398513"
"2020-03-03T00:00:00.000Z","1989950.3942495615"
"2020-03-04T00:00:00.000Z","1978843.077142213"
"2020-03-05T00:00:00.000Z","1973844.0197039028"
"2020-03-06T00:00:00.000Z","1961120.6921137224"
"2020-03-07T00:00:00.000Z","1962853.4577800725"
"2020-03-08T00:00:00.000Z","1965453.7031132826"
"2020-03-09T00:00:00.000Z","1986301.8156623729"
"2020-03-10T00:00:00.000Z","1992132.9224967328"
"2020-03-11T00:00:00.000Z","1990103.6830365832"
"2020-03-12T00:00:00.000Z","2007943.7025319797"
"2020-03-13T00:00:00.000Z","2034375.6106201909"
"2020-03-14T00:00:00.000Z","2026668.3720597806"
"2020-03-15T00:00:00.000Z","2033424.5761453514"
"2020-03-16T00:00:00.000Z","2017570.5050253915"
"2020-03-17T00:00:00.000Z","2024981.7643483123"
"2020-03-18T00:00:00.000Z","2016404.6661713924"
"2020-03-19T00:00:00.000Z","1989514.453624772"
"2020-03-20T00:00:00.000Z","1990108.9942612732"
"2020-03-21T00:00:00.000Z","1982518.1269605432"
"2020-03-22T00:00:00.000Z","1984848.9016782932"
"2020-03-23T00:00:00.000Z","1976994.8251032834"
"2020-03-24T00:00:00.000Z","1959849.9984105518"
"2020-03-25T00:00:00.000Z","1954327.8348912923"
"2020-03-26T00:00:00.000Z","1952595.9887489618"
"2020-03-27T00:00:00.000Z","1942367.0951972113"
"2020-03-28T00:00:00.000Z","1941537.5868461113"
"2020-03-29T00:00:00.000Z","1946894.6559874015"
"2020-03-30T00:00:00.000Z","1951432.5116402518"
"2020-03-31T00:00:00.000Z","1947910.9618221216"
"2020-04-01T00:00:00.000Z","1943358.2801477541"
"2020-04-02T00:00:00.000Z","1946816.828015654"
"2020-04-03T00:00:00.000Z","1942873.2338209238"
"2020-04-04T00:00:00.000Z","1940901.9023800844"
"2020-04-05T00:00:00.000Z","1938535.4402966944"
"2020-04-06T00:00:00.000Z","1943920.344478595"
"2020-04-07T00:00:00.000Z","1948736.2143253954"
"2020-04-08T00:00:00.000Z","1944654.9852728655"
"2020-04-09T00:00:00.000Z","1938921.6302009353"
"2020-04-10T00:00:00.000Z","1932637.1829906055"
"2020-04-11T00:00:00.000Z","1927515.1238608055"
"2020-04-12T00:00:00.000Z","1924716.4598831555"
"2020-04-13T00:00:00.000Z","1915782.583741806"
"2020-04-14T00:00:00.000Z","1916541.210434966"
"2020-04-15T00:00:00.000Z","1919800.927324687"
"2020-04-16T00:00:00.000Z","1927434.2612993864"
"2020-04-17T00:00:00.000Z","1916183.1674289769"
"2020-04-18T00:00:00.000Z","1916938.878434176"
"2020-04-19T00:00:00.000Z","1920340.557146576"
"2020-04-20T00:00:00.000Z","1918438.785309406"
"2020-04-21T00:00:00.000Z","1919269.213641936"
"2020-04-22T00:00:00.000Z","1908538.7142386462"
"2020-04-23T00:00:00.000Z","1917560.237970886"
"2020-04-24T00:00:00.000Z","1911741.6442005453"
"2020-04-25T00:00:00.000Z","1913637.247872285"
"2020-04-26T00:00:00.000Z","1907811.653694675"
"2020-04-27T00:00:00.000Z","1910702.3288568647"
"2020-04-28T00:00:00.000Z","1906251.3570487748"
"2020-04-29T00:00:00.000Z","1910644.4091930059"
"2020-04-30T00:00:00.000Z","1927828.0981565064"
"2020-05-01T00:00:00.000Z","1926190.0788812458"
"2020-05-02T00:00:00.000Z","1927988.5858753554"
"2020-05-03T00:00:00.000Z","1929428.984057695"
"2020-05-04T00:00:00.000Z","1930187.2998522248"
"2020-05-05T00:00:00.000Z","1927330.551196275"
"2020-05-06T00:00:00.000Z","1922771.4069462346"
"2020-05-07T00:00:00.000Z","1914916.0563331146"
"2020-05-08T00:00:00.000Z","1921448.5789383042"
"2020-05-09T00:00:00.000Z","1924699.2488466133"
"2020-05-10T00:00:00.000Z","1928531.6915115034"
"2020-05-11T00:00:00.000Z","1920282.8454351532"
"2020-05-12T00:00:00.000Z","1900056.5675246143"
"2020-05-13T00:00:00.000Z","1884732.746421435"
"2020-05-14T00:00:00.000Z","1884714.451490815"
"2020-05-15T00:00:00.000Z","1885184.108415445"
"2020-05-16T00:00:00.000Z","1882331.869464155"
"2020-05-17T00:00:00.000Z","1882405.9649929653"
"2020-05-18T00:00:00.000Z","1882840.0801599051"
"2020-05-19T00:00:00.000Z","1880940.3216201449"
"2020-05-20T00:00:00.000Z","1882323.320959765"
"2020-05-21T00:00:00.000Z","1888349.476046985"
"2020-05-22T00:00:00.000Z","1889232.5060128856"
"2020-05-23T00:00:00.000Z","1890738.861161796"
"2020-05-24T00:00:00.000Z","1889752.7807859357"
"2020-05-25T00:00:00.000Z","1883399.2289484672"
"2020-05-26T00:00:00.000Z","1882443.2291378372"
"2020-05-27T00:00:00.000Z","1880277.662410097"
"2020-05-28T00:00:00.000Z","1880718.0267429363"
"2020-05-29T00:00:00.000Z","1881937.073998136"
"2020-05-30T00:00:00.000Z","1883789.331983226"
"2020-05-31T00:00:00.000Z","1887255.6586856458"
"2020-06-01T00:00:00.000Z","1887567.2138783156"
"2020-06-02T00:00:00.000Z","1890465.1327773058"
"2020-06-03T00:00:00.000Z","1890550.3700762654"
"2020-06-04T00:00:00.000Z","1890760.814491915"
"2020-06-05T00:00:00.000Z","1888643.506949595"
"2020-06-06T00:00:00.000Z","1888917.929557435"
"2020-06-07T00:00:00.000Z","1889372.5268288748"
"2020-06-08T00:00:00.000Z","1890514.878195555"
"2020-06-09T00:00:00.000Z","1887773.355923275"
"2020-06-10T00:00:00.000Z","1884119.9666031147"
"2020-06-11T00:00:00.000Z","1892105.7844371435"
"2020-06-12T00:00:00.000Z","1888285.5136850832"
"2020-06-13T00:00:00.000Z","1889203.1059386833"
"2020-06-14T00:00:00.000Z","1889909.929280213"
"2020-06-15T00:00:00.000Z","1882681.0140225934"
"2020-06-16T00:00:00.000Z","1883784.5820029736"
"2020-06-17T00:00:00.000Z","1887881.5211399833"
"2020-06-18T00:00:00.000Z","1811693.0361562134"
"2020-06-19T00:00:00.000Z","1853177.8616932735"
"2020-06-20T00:00:00.000Z","1853560.9574024137"
"2020-06-21T00:00:00.000Z","1858217.4980778631"
"2020-06-22T00:00:00.000Z","1859258.309322523"
"2020-06-23T00:00:00.000Z","1851575.9459869831"
"2020-06-24T00:00:00.000Z","1860770.2521512038"
"2020-06-25T00:00:00.000Z","1859173.127535014"
"2020-06-26T00:00:00.000Z","1864845.7945309936"
"2020-06-27T00:00:00.000Z","1865573.0058492636"
"2020-06-28T00:00:00.000Z","1868213.4683930639"
"2020-06-29T00:00:00.000Z","1865833.364046414"
"2020-06-30T00:00:00.000Z","1858059.9843082638"
"2020-07-01T00:00:00.000Z","1864141.9376596431"
"2020-07-02T00:00:00.000Z","1864582.175196343"
"2020-07-03T00:00:00.000Z","1863244.030930343"
"2020-07-04T00:00:00.000Z","1865173.566666183"
"2020-07-05T00:00:00.000Z","1864710.5506126028"
"2020-07-06T00:00:00.000Z","1868408.7747470536"
"2020-07-07T00:00:00.000Z","1869206.1083282535"
"2020-07-08T00:00:00.000Z","1876394.7672782233"
"2020-07-09T00:00:00.000Z","1884444.7596317928"
"2020-07-10T00:00:00.000Z","1885621.2832298228"
"2020-07-11T00:00:00.000Z","1890494.1980152025"
"2020-07-12T00:00:00.000Z","1889781.2184978228"
"2020-07-13T00:00:00.000Z","1885859.1475080333"
"2020-07-14T00:00:00.000Z","1888402.1628901435"
"2020-07-15T00:00:00.000Z","1891182.3608646034"
"2020-07-16T00:00:00.000Z","1889071.6234865435"
"2020-07-17T00:00:00.000Z","1889394.7596692536"
"2020-07-18T00:00:00.000Z","1890311.5151845836"
"2020-07-19T00:00:00.000Z","1890054.1906679235"
"2020-07-20T00:00:00.000Z","1887161.6489676435"
"2020-07-21T00:00:00.000Z","1884005.9414276036"
"2020-07-22T00:00:00.000Z","1890045.2279876738"
"2020-07-23T00:00:00.000Z","1890775.649379884"
"2020-07-24T00:00:00.000Z","1888953.0560954337"
"2020-07-25T00:00:00.000Z","1888807.9450962837"
"2020-07-26T00:00:00.000Z","1896175.817416053"
"2020-07-27T00:00:00.000Z","1908451.1425429531"
"2020-07-28T00:00:00.000Z","1921725.948593603"
"2020-07-29T00:00:00.000Z","1918255.874001533"
"2020-07-30T00:00:00.000Z","1924478.7634018725"
"2020-07-31T00:00:00.000Z","1922810.9386703128"
"2020-08-01T00:00:00.000Z","1931742.6032174726"
"2020-08-02T00:00:00.000Z","1935131.2678290524"
"2020-08-03T00:00:00.000Z","1859373.5254039224"
"2020-08-04T00:00:00.000Z","1863946.2682964522"
"2020-08-05T00:00:00.000Z","1854655.4649429724"
"2020-08-06T00:00:00.000Z","1860255.1021932424"
"2020-08-07T00:00:00.000Z","1850138.6847213332"
"2020-08-08T00:00:00.000Z","1848158.7782237926"
"2020-08-09T00:00:00.000Z","1850411.8262369926"
"2020-08-10T00:00:00.000Z","1844512.8372555026"
"2020-08-11T00:00:00.000Z","1845186.1180068129"
"2020-08-12T00:00:00.000Z","1840145.1255680323"
"2020-08-13T00:00:00.000Z","1841375.6371621322"
"2020-08-14T00:00:00.000Z","1839493.2473221119"
"2020-08-15T00:00:00.000Z","1839908.143609732"
"2020-08-16T00:00:00.000Z","1847852.016089572"
"2020-08-17T00:00:00.000Z","1848010.0366191922"
"2020-08-18T00:00:00.000Z","1852229.840545312"
"2020-08-19T00:00:00.000Z","1851186.4977148522"
"2020-08-20T00:00:00.000Z","1847751.898703602"
"2020-08-21T00:00:00.000Z","1849658.0345365417"
"2020-08-22T00:00:00.000Z","1846447.3901730615"
"2020-08-23T00:00:00.000Z","1846250.5947617318"
"2020-08-24T00:00:00.000Z","1848029.4773075217"
"2020-08-25T00:00:00.000Z","1852557.348098022"
"2020-08-26T00:00:00.000Z","1843625.6420454923"
"2020-08-27T00:00:00.000Z","1849286.7020316427"
"2020-08-28T00:00:00.000Z","1845973.1741183326"
"2020-08-29T00:00:00.000Z","1849261.095217412"
"2020-08-30T00:00:00.000Z","1857339.6178849423"
"2020-08-31T00:00:00.000Z","1848965.1743247826"
"2020-09-01T00:00:00.000Z","1853241.752474523"
"2020-09-02T00:00:00.000Z","1855652.5778066132"
"2020-09-03T00:00:00.000Z","1854725.6666169835"
"2020-09-04T00:00:00.000Z","1865370.732827574"
"2020-09-05T00:00:00.000Z","1874102.2652141843"
"2020-09-06T00:00:00.000Z","1875644.8710604936"
"2020-09-07T00:00:00.000Z","1872078.5568259424"
"2020-09-08T00:00:00.000Z","1874749.2866334924"
"2020-09-09T00:00:00.000Z","1874174.8374187127"
"2020-09-10T00:00:00.000Z","1865504.9137054721"
"2020-09-11T00:00:00.000Z","1860364.1910208724"
"2020-09-12T00:00:00.000Z","1858810.0592770823"
"2020-09-13T00:00:00.000Z","1853875.3474637223"
"2020-09-14T00:00:00.000Z","1846206.2384129823"
"2020-09-15T00:00:00.000Z","1849042.931776812"
"2020-09-16T00:00:00.000Z","1833169.1934467624"
"2020-09-17T00:00:00.000Z","1834708.3103457522"
"2020-09-18T00:00:00.000Z","1837568.055522962"
"2020-09-19T00:00:00.000Z","1819218.1256881014"
"2020-09-20T00:00:00.000Z","1822672.4949020017"
"2020-09-21T00:00:00.000Z","1825571.4013250116"
"2020-09-22T00:00:00.000Z","1852134.0329173505"
"2020-09-23T00:00:00.000Z","1844810.5866441207"
"2020-09-24T00:00:00.000Z","1846723.027111731"
"2020-09-25T00:00:00.000Z","1846686.6508812006"
"2020-09-26T00:00:00.000Z","1843340.7080896802"
"2020-09-27T00:00:00.000Z","1846718.7111398699"
"2020-09-28T00:00:00.000Z","1849247.40430649"
"2020-09-29T00:00:00.000Z","1849845.4774856202"
"2020-09-30T00:00:00.000Z","1851768.8495078904"
"2020-10-01T00:00:00.000Z","1857501.3042574408"
"2020-10-02T00:00:00.000Z","1887938.4759812816"
"2020-10-03T00:00:00.000Z","1888312.6422489018"
"2020-10-04T00:00:00.000Z","1889893.1335274214"
"2020-10-05T00:00:00.000Z","1886790.8041168011"
"2020-10-06T00:00:00.000Z","1895050.338759761"
"2020-10-07T00:00:00.000Z","1894662.5908035615"
"2020-10-08T00:00:00.000Z","1897064.6943314914"
"2020-10-09T00:00:00.000Z","1885084.1582181207"
"2020-10-10T00:00:00.000Z","1885960.9591270105"
"2020-10-11T00:00:00.000Z","1884160.7335489707"
"2020-10-12T00:00:00.000Z","1886897.9895310304"
"2020-10-13T00:00:00.000Z","1890292.9995092193"
"2020-10-14T00:00:00.000Z","1886728.2914075893"
"2020-10-15T00:00:00.000Z","1879795.7392559394"
"2020-10-16T00:00:00.000Z","1862176.5235289393"
"2020-10-17T00:00:00.000Z","1854989.8218729792"
"2020-10-18T00:00:00.000Z","1853219.9652448592"
"2020-10-19T00:00:00.000Z","1850504.210072729"
"2020-10-20T00:00:00.000Z","1850855.768678779"
"2020-10-21T00:00:00.000Z","1851825.817206049"
"2020-10-22T00:00:00.000Z","1853903.7882668593"
"2020-10-23T00:00:00.000Z","1844664.941561249"
"2020-10-24T00:00:00.000Z","1843858.2935722691"
"2020-10-25T00:00:00.000Z","1842245.8792326893"
"2020-10-26T00:00:00.000Z","1837248.0911660888"
"2020-10-27T00:00:00.000Z","1833935.909286839"
"2020-10-28T00:00:00.000Z","1835255.931797819"
"2020-10-29T00:00:00.000Z","1844400.5008104593"
"2020-10-30T00:00:00.000Z","1832826.9604817394"
"2020-10-31T00:00:00.000Z","1836456.8869025193"
"2020-11-01T00:00:00.000Z","1838830.0597814792"
"2020-11-02T00:00:00.000Z","1819649.142430528"
"2020-11-03T00:00:00.000Z","1803505.3467973983"
"2020-11-04T00:00:00.000Z","1794779.6159644776"
"2020-11-05T00:00:00.000Z","1803221.699735638"
"2020-11-06T00:00:00.000Z","1805583.593599378"
"2020-11-07T00:00:00.000Z","1812106.231375408"
"2020-11-08T00:00:00.000Z","1810608.6475188679"
"2020-11-09T00:00:00.000Z","1811081.6789587971"
"2020-11-10T00:00:00.000Z","1804665.4625715674"
"2020-11-11T00:00:00.000Z","1803435.8874727576"
"2020-11-12T00:00:00.000Z","1795581.279849047"
"2020-11-13T00:00:00.000Z","1799209.4717798573"
"2020-11-14T00:00:00.000Z","1799708.761040737"
"2020-11-15T00:00:00.000Z","1792102.6758822661"
"2020-11-16T00:00:00.000Z","1775961.242634396"
"2020-11-17T00:00:00.000Z","1786870.1240755757"
"2020-11-18T00:00:00.000Z","1794749.2810598144"
"2020-11-19T00:00:00.000Z","1795722.3657114545"
"2020-11-20T00:00:00.000Z","1808569.7239711944"
"2020-11-21T00:00:00.000Z","1815191.1123231745"
"2020-11-22T00:00:00.000Z","1815872.7594344846"
"2020-11-23T00:00:00.000Z","1819662.9934833348"
"2020-11-24T00:00:00.000Z","1820011.2485582354"
"2020-11-25T00:00:00.000Z","1829299.9516674855"
"2020-11-26T00:00:00.000Z","1848858.0783732755"
"2020-11-27T00:00:00.000Z","1854833.213127115"
"2020-11-28T00:00:00.000Z","1848657.823220855"
"2020-11-29T00:00:00.000Z","1843858.0519739653"
"2020-11-30T00:00:00.000Z","1850757.8919786254"
"2020-12-01T00:00:00.000Z","1865506.4642414656"
"2020-12-02T00:00:00.000Z","1866390.7645872256"
"2020-12-03T00:00:00.000Z","1868241.9055290055"
"2020-12-04T00:00:00.000Z","1861949.0620328856"
"2020-12-05T00:00:00.000Z","1864692.7169735255"
"2020-12-06T00:00:00.000Z","1862799.1005275354"
"2020-12-07T00:00:00.000Z","1860949.2415448956"
"2020-12-08T00:00:00.000Z","1859010.4708148954"
"2020-12-09T00:00:00.000Z","1851470.5083302853"
"2020-12-10T00:00:00.000Z","1850879.9940709043"
"2020-12-11T00:00:00.000Z","1857852.0959102644"
"2020-12-12T00:00:00.000Z","1867551.8777993948"
"2020-12-13T00:00:00.000Z","1874812.5282150444"
"2020-12-14T00:00:00.000Z","1879993.3775512744"
"2020-12-15T00:00:00.000Z","1883571.6393249147"
"2020-12-16T00:00:00.000Z","1890666.5723184748"
"2020-12-17T00:00:00.000Z","1884990.0182580242"
"2020-12-18T00:00:00.000Z","1890174.7549705042"
"2020-12-19T00:00:00.000Z","1892732.0516126042"
"2020-12-20T00:00:00.000Z","1888949.857835954"
"2020-12-21T00:00:00.000Z","1889212.3113448338"
"2020-12-22T00:00:00.000Z","1884292.7263098639"
"2020-12-23T00:00:00.000Z","1877752.8142285342"
"2020-12-24T00:00:00.000Z","1878049.2939152142"
"2020-12-25T00:00:00.000Z","1888879.0391905745"
"2020-12-26T00:00:00.000Z","1898757.1761604047"
"2020-12-27T00:00:00.000Z","1906691.1715151449"
"2020-12-28T00:00:00.000Z","1907557.961981535"
"2020-12-29T00:00:00.000Z","1902935.678996255"
"2020-12-30T00:00:00.000Z","1900956.5332276053"
"2020-12-31T00:00:00.000Z","1895675.9976361352"
"2021-01-01T00:00:00.000Z","1896692.8796458845"
"2021-01-02T00:00:00.000Z","1944148.5325314035"
"2021-01-03T00:00:00.000Z","1958333.0561944044"
"2021-01-04T00:00:00.000Z","1968420.8619824746"
"2021-01-05T00:00:00.000Z","1963330.0615534047"
"2021-01-06T00:00:00.000Z","1953882.1345089744"
"2021-01-07T00:00:00.000Z","1947145.0012925745"
"2021-01-08T00:00:00.000Z","1948869.2928426142"
"2021-01-09T00:00:00.000Z","1940659.7194925048"
"2021-01-10T00:00:00.000Z","1947090.672041585"
"2021-01-11T00:00:00.000Z","1958364.570500535"
"2021-01-12T00:00:00.000Z","1951472.8320215652"
"2021-01-13T00:00:00.000Z","1947891.4274041753"
"2021-01-14T00:00:00.000Z","1945909.9593630552"
"2021-01-15T00:00:00.000Z","1925432.5597876755"
"2021-01-16T00:00:00.000Z","1923985.5012522256"
"2021-01-17T00:00:00.000Z","1919301.3439504057"
"2021-01-18T00:00:00.000Z","1926848.6482449558"
"2021-01-19T00:00:00.000Z","1901268.7925941355"
"2021-01-20T00:00:00.000Z","1900080.7692650156"
"2021-01-21T00:00:00.000Z","1897743.0255712655"
"2021-01-22T00:00:00.000Z","1900542.3008882555"
"2021-01-23T00:00:00.000Z","1900021.3422023156"
"2021-01-24T00:00:00.000Z","1902197.7564007656"
"2021-01-25T00:00:00.000Z","1905650.0385551655"
"2021-01-26T00:00:00.000Z","1896427.2308675647"
"2021-01-27T00:00:00.000Z","1889012.2359880046"
"2021-01-28T00:00:00.000Z","1884032.8023488945"
"2021-01-29T00:00:00.000Z","1902867.0111504637"
"2021-01-30T00:00:00.000Z","1905935.7733285937"
"2021-01-31T00:00:00.000Z","1906409.7018694736"
"2021-02-01T00:00:00.000Z","1903883.0166527338"
"2021-02-02T00:00:00.000Z","1904033.1778335837"
"2021-02-03T00:00:00.000Z","1900136.6482288935"
"2021-02-04T00:00:00.000Z","1893646.104274124"
"2021-02-05T00:00:00.000Z","1895774.327319414"
"2021-02-06T00:00:00.000Z","1907903.200360874"
"2021-02-07T00:00:00.000Z","1897530.441779634"
"2021-02-08T00:00:00.000Z","1903443.6194849738"
"2021-02-09T00:00:00.000Z","1874626.717113393"
"2021-02-10T00:00:00.000Z","1877834.553281383"
"2021-02-11T00:00:00.000Z","1881849.121058083"
"2021-02-12T00:00:00.000Z","1878872.598559483"
"2021-02-13T00:00:00.000Z","1875542.920635203"
"2021-02-14T00:00:00.000Z","1878556.228397683"
"2021-02-15T00:00:00.000Z","1872307.840716933"
"2021-02-16T00:00:00.000Z","1869108.6067206431"
"2021-02-17T00:00:00.000Z","1869226.573916223"
"2021-02-18T00:00:00.000Z","1864776.4591813227"
"2021-02-19T00:00:00.000Z","1862546.749769823"
"2021-02-20T00:00:00.000Z","1855002.4221909032"
"2021-02-21T00:00:00.000Z","1884259.6197088528"
"2021-02-22T00:00:00.000Z","1881117.188388203"
"2021-02-23T00:00:00.000Z","1875828.5780345232"
"2021-02-24T00:00:00.000Z","1876004.076742083"
"2021-02-25T00:00:00.000Z","1876473.0326854931"
"2021-02-26T00:00:00.000Z","1880788.9924863828"
"2021-02-27T00:00:00.000Z","1879712.703121973"
"2021-02-28T00:00:00.000Z","1884239.5071154928"
"2021-03-01T00:00:00.000Z","1877199.455279613"
"2021-03-02T00:00:00.000Z","1874412.765214373"
"2021-03-03T00:00:00.000Z","1870874.3991508232"
"2021-03-04T00:00:00.000Z","1873766.7006606532"
"2021-03-05T00:00:00.000Z","1873631.5131556634"
"2021-03-06T00:00:00.000Z","1876966.8412710133"
"2021-03-07T00:00:00.000Z","1879674.972529673"
"2021-03-08T00:00:00.000Z","1884469.6630126927"
"2021-03-09T00:00:00.000Z","1894170.704210653"
"2021-03-10T00:00:00.000Z","1904866.8379324537"
"2021-03-11T00:00:00.000Z","1911023.1746229737"
"2021-03-12T00:00:00.000Z","1911575.0479540536"
"2021-03-13T00:00:00.000Z","1923359.4299246133"
"2021-03-14T00:00:00.000Z","1935451.6371941033"
"2021-03-15T00:00:00.000Z","1929692.4678724234"
"2021-03-16T00:00:00.000Z","1930084.3365497834"
"2021-03-17T00:00:00.000Z","1926424.3798659435"
"2021-03-18T00:00:00.000Z","1933779.9107533735"
"2021-03-19T00:00:00.000Z","1938441.1068564435"
"2021-03-20T00:00:00.000Z","1942979.0509520934"
"2021-03-21T00:00:00.000Z","1940427.4176450334"
"2021-03-22T00:00:00.000Z","1940562.8647102937"
"2021-03-23T00:00:00.000Z","1916290.7758003536"
"2021-03-24T00:00:00.000Z","1914514.3441223234"
"2021-03-25T00:00:00.000Z","1908639.559824213"
"2021-03-26T00:00:00.000Z","1897560.1761952427"
"2021-03-27T00:00:00.000Z","1899889.5558246926"
"2021-03-28T00:00:00.000Z","1901638.3039831326"
"2021-03-29T00:00:00.000Z","1910485.5744121727"
"2021-03-30T00:00:00.000Z","1919682.631495883"
"2021-03-31T00:00:00.000Z","1912089.6622654921"
"2021-04-01T00:00:00.000Z","1904181.301304492"
"2021-04-02T00:00:00.000Z",""
"2021-04-03T00:00:00.000Z",""
"2021-04-04T00:00:00.000Z",""
"2021-04-05T00:00:00.000Z",""
"2021-04-06T00:00:00.000Z",""
"2021-04-07T00:00:00.000Z",""
"2021-04-08T00:00:00.000Z",""
"2021-04-09T00:00:00.000Z",""
"2021-04-10T00:00:00.000Z",""
"2021-04-11T00:00:00.000Z",""
"2021-04-12T00:00:00.000Z",""
"2021-04-13T00:00:00.000Z",""
"2021-04-14T00:00:00.000Z",""
"2021-04-15T00:00:00.000Z",""
"2021-04-16T00:00:00.000Z",""