,datetime,bitcoin_price,lagprice,dret_bitcoin
1,2018-04-02 00:00:00+00:00,7083.8,6844.23,0.03500320708100117
2,2018-04-03 00:00:00+00:00,7456.11,7083.8,0.0525579491233518
3,2018-04-04 00:00:00+00:00,6853.84,7456.11,-0.08077536409736438
4,2018-04-05 00:00:00+00:00,6811.47,6853.84,-0.006181935965823522
5,2018-04-06 00:00:00+00:00,6636.32,6811.47,-0.025713979508094512
6,2018-04-07 00:00:00+00:00,6911.09,6636.32,0.041403970875425
7,2018-04-08 00:00:00+00:00,7023.52,6911.09,0.01626805612428724
8,2018-04-09 00:00:00+00:00,6770.73,7023.52,-0.035991924277285585
9,2018-04-10 00:00:00+00:00,6834.76,6770.73,0.009456882788118955
10,2018-04-11 00:00:00+00:00,6968.32,6834.76,0.019541286014432033
11,2018-04-12 00:00:00+00:00,7889.25,6968.32,0.13215954491182957
12,2018-04-13 00:00:00+00:00,7895.96,7889.25,0.000850524447824576
13,2018-04-14 00:00:00+00:00,7986.24,7895.96,0.011433695206156027
14,2018-04-15 00:00:00+00:00,8329.11,7986.24,0.04293259406178637
15,2018-04-16 00:00:00+00:00,8058.67,8329.11,-0.03246925541864623
16,2018-04-17 00:00:00+00:00,7902.09,8058.67,-0.01943000519936912
17,2018-04-18 00:00:00+00:00,8163.42,7902.09,0.033070997672767576
18,2018-04-19 00:00:00+00:00,8294.31,8163.42,0.01603372116098393
19,2018-04-20 00:00:00+00:00,8845.83,8294.31,0.06649377705921294
20,2018-04-21 00:00:00+00:00,8895.58,8845.83,0.005624118935136669
21,2018-04-22 00:00:00+00:00,8802.46,8895.58,-0.01046812012257782
22,2018-04-23 00:00:00+00:00,8930.88,8802.46,0.014589103500612339
23,2018-04-24 00:00:00+00:00,9697.5,8930.88,0.08583924540470826
24,2018-04-25 00:00:00+00:00,8845.74,9697.5,-0.08783294663573088
25,2018-04-26 00:00:00+00:00,9281.51,8845.74,0.0492632611856103
26,2018-04-27 00:00:00+00:00,8987.05,9281.51,-0.03172544122669705
27,2018-04-28 00:00:00+00:00,9348.48,8987.05,0.04021675633272323
28,2018-04-29 00:00:00+00:00,9419.08,9348.48,0.007552029848702716
29,2018-04-30 00:00:00+00:00,9240.55,9419.08,-0.01895408044097732
30,2018-05-01 00:00:00+00:00,9119.01,9240.55,-0.013152896743159127
31,2018-05-02 00:00:00+00:00,9235.92,9119.01,0.012820470643194803
32,2018-05-03 00:00:00+00:00,9743.86,9235.92,0.05499614548415323
33,2018-05-04 00:00:00+00:00,9700.76,9743.86,-0.004423298364303301
34,2018-05-05 00:00:00+00:00,9858.15,9700.76,0.016224501997781558
35,2018-05-06 00:00:00+00:00,9654.8,9858.15,-0.020627602542059146
36,2018-05-07 00:00:00+00:00,9373.01,9654.8,-0.029186518622861073
37,2018-05-08 00:00:00+00:00,9234.82,9373.01,-0.014743396198233066
38,2018-05-09 00:00:00+00:00,9325.18,9234.82,0.00978470614478686
39,2018-05-10 00:00:00+00:00,9043.94,9325.18,-0.030159203361221958
40,2018-05-11 00:00:00+00:00,8441.49,9043.94,-0.06661366616762171
41,2018-05-12 00:00:00+00:00,8504.89,8441.49,0.00751052243146644
42,2018-05-13 00:00:00+00:00,8723.94,8504.89,0.025755771091689736
43,2018-05-14 00:00:00+00:00,8769.89,8723.94,0.0052671155464158285
44,2018-05-15 00:00:00+00:00,8510.38,8769.89,-0.0295910210960457
45,2018-05-16 00:00:00+00:00,8368.83,8510.38,-0.016632629800314356
46,2018-05-17 00:00:00+00:00,8094.32,8368.83,-0.03280147882081488
47,2018-05-18 00:00:00+00:00,8250.97,8094.32,0.019353077219581093
48,2018-05-19 00:00:00+00:00,8247.18,8250.97,-0.00045933993215331706
49,2018-05-20 00:00:00+00:00,8513.25,8247.18,0.032261936807490524
50,2018-05-21 00:00:00+00:00,8418.99,8513.25,-0.011072152233283436
51,2018-05-22 00:00:00+00:00,8041.78,8418.99,-0.0448046618418599
52,2018-05-23 00:00:00+00:00,7557.82,8041.78,-0.06018070626154907
53,2018-05-24 00:00:00+00:00,7587.34,7557.82,0.003905888205858361
54,2018-05-25 00:00:00+00:00,7480.14,7587.34,-0.014128798762148502
55,2018-05-26 00:00:00+00:00,7355.88,7480.14,-0.01661198854566896
56,2018-05-27 00:00:00+00:00,7368.22,7355.88,0.0016775695090186552
57,2018-05-28 00:00:00+00:00,7135.99,7368.22,-0.031517788556802116
58,2018-05-29 00:00:00+00:00,7472.59,7135.99,0.047169348611755396
59,2018-05-30 00:00:00+00:00,7406.52,7472.59,-0.00884164660445705
60,2018-05-31 00:00:00+00:00,7494.17,7406.52,0.011834167733294399
61,2018-06-01 00:00:00+00:00,7541.45,7494.17,0.006308904121470389
62,2018-06-02 00:00:00+00:00,7643.45,7541.45,0.013525250449184175
63,2018-06-03 00:00:00+00:00,7720.25,7643.45,0.01004781872060394
64,2018-06-04 00:00:00+00:00,7514.47,7720.25,-0.026654577248146075
65,2018-06-05 00:00:00+00:00,7633.76,7514.47,0.015874705734403086
66,2018-06-06 00:00:00+00:00,7653.98,7633.76,0.00264876024396881
67,2018-06-07 00:00:00+00:00,7678.24,7653.98,0.0031695928131508337
68,2018-06-08 00:00:00+00:00,7624.92,7678.24,-0.006944299735355981
69,2018-06-09 00:00:00+00:00,7531.98,7624.92,-0.01218898034340039
70,2018-06-10 00:00:00+00:00,6786.02,7531.98,-0.09903903090555195
71,2018-06-11 00:00:00+00:00,6906.92,6786.02,0.017816039445801755
72,2018-06-12 00:00:00+00:00,6582.36,6906.92,-0.04699055440051433
73,2018-06-13 00:00:00+00:00,6349.9,6582.36,-0.035315601091401874
74,2018-06-14 00:00:00+00:00,6675.35,6349.9,0.051252775634262074
75,2018-06-15 00:00:00+00:00,6456.58,6675.35,-0.03277281341053284
76,2018-06-16 00:00:00+00:00,6550.16,6456.58,0.014493741268597296
77,2018-06-17 00:00:00+00:00,6499.27,6550.16,-0.007769275865016949
78,2018-06-18 00:00:00+00:00,6734.82,6499.27,0.03624253185357729
79,2018-06-19 00:00:00+00:00,6769.94,6734.82,0.00521469022186189
80,2018-06-20 00:00:00+00:00,6776.55,6769.94,0.0009763749752583601
81,2018-06-21 00:00:00+00:00,6729.74,6776.55,-0.006907644745482642
82,2018-06-22 00:00:00+00:00,6083.69,6729.74,-0.0959992510854803
83,2018-06-23 00:00:00+00:00,6162.48,6083.69,0.012951021501753042
84,2018-06-24 00:00:00+00:00,6173.23,6162.48,0.0017444275681219252
85,2018-06-25 00:00:00+00:00,6249.18,6173.23,0.012303121704521091
86,2018-06-26 00:00:00+00:00,6093.67,6249.18,-0.02488486489427416
87,2018-06-27 00:00:00+00:00,6157.13,6093.67,0.010414085436198553
88,2018-06-28 00:00:00+00:00,5898.13,6157.13,-0.04206505303607362
89,2018-06-29 00:00:00+00:00,6214.22,5898.13,0.05359156207136841
90,2018-06-30 00:00:00+00:00,6411.68,6214.22,0.03177550843066387
91,2018-07-01 00:00:00+00:00,6380.38,6411.68,-0.004881715868539943
92,2018-07-02 00:00:00+00:00,6596.66,6380.38,0.03389766753704321
93,2018-07-03 00:00:00+00:00,6550.87,6596.66,-0.006941391552694843
94,2018-07-04 00:00:00+00:00,6599.71,6550.87,0.007455498277328072
95,2018-07-05 00:00:00+00:00,6638.69,6599.71,0.005906320126187296
96,2018-07-06 00:00:00+00:00,6668.71,6638.69,0.004521976474274358
97,2018-07-07 00:00:00+00:00,6856.93,6668.71,0.02822434923695891
98,2018-07-08 00:00:00+00:00,6775.08,6856.93,-0.0119368288723963
99,2018-07-09 00:00:00+00:00,6739.21,6775.08,-0.005294402427720395
100,2018-07-10 00:00:00+00:00,6330.77,6739.21,-0.06060651025862076
101,2018-07-11 00:00:00+00:00,6394.71,6330.77,0.010099877266114485
102,2018-07-12 00:00:00+00:00,6228.81,6394.71,-0.025943318774424427
103,2018-07-13 00:00:00+00:00,6238.05,6228.81,0.00148342941910249
104,2018-07-14 00:00:00+00:00,6276.12,6238.05,0.006102868684925531
105,2018-07-15 00:00:00+00:00,6359.64,6276.12,0.013307584941014581
106,2018-07-16 00:00:00+00:00,6741.75,6359.64,0.060083589637149215
107,2018-07-17 00:00:00+00:00,7315.32,6741.75,0.08507731672043604
108,2018-07-18 00:00:00+00:00,7373.69,7315.32,0.007979145136508025
109,2018-07-19 00:00:00+00:00,7466.86,7373.69,0.012635464740177588
110,2018-07-20 00:00:00+00:00,7354.13,7466.86,-0.015097376942918385
111,2018-07-21 00:00:00+00:00,7418.38,7354.13,0.008736587468538087
112,2018-07-22 00:00:00+00:00,7418.49,7418.38,1.4828035231367573e-05
113,2018-07-23 00:00:00+00:00,7711.11,7418.49,0.03944468483478442
114,2018-07-24 00:00:00+00:00,8424.27,7711.11,0.09248473955111532
115,2018-07-25 00:00:00+00:00,8181.39,8424.27,-0.028830984761884424
116,2018-07-26 00:00:00+00:00,7951.58,8181.39,-0.0280893588986713
117,2018-07-27 00:00:00+00:00,8165.01,7951.58,0.026841206401746608
118,2018-07-28 00:00:00+00:00,8192.15,8165.01,0.00332393959101084
119,2018-07-29 00:00:00+00:00,8218.46,8192.15,0.003211611115519063
120,2018-07-30 00:00:00+00:00,8178.61764245,8218.46,-0.004847910381020189
121,2018-07-31 00:00:00+00:00,7780.44,8178.61764245,-0.04868520083190019
122,2018-08-01 00:00:00+00:00,7624.91,7780.44,-0.019989872038085218
123,2018-08-02 00:00:00+00:00,7567.15,7624.91,-0.007575171379072044
124,2018-08-03 00:00:00+00:00,7436.23992233,7567.15,-0.017299786269599486
125,2018-08-04 00:00:00+00:00,7032.85,7436.23992233,-0.05424649104161841
126,2018-08-05 00:00:00+00:00,7068.48,7032.85,0.005066224930149114
127,2018-08-06 00:00:00+00:00,6951.8,7068.48,-0.016507084974421573
128,2018-08-07 00:00:00+00:00,6753.12,6951.8,-0.028579648436376233
129,2018-08-08 00:00:00+00:00,6305.8,6753.12,-0.06623901248608047
130,2018-08-09 00:00:00+00:00,6568.23,6305.8,0.04161724126994186
131,2018-08-10 00:00:00+00:00,6184.71,6568.23,-0.05839015990609336
132,2018-08-11 00:00:00+00:00,6295.73,6184.71,0.017950720405645458
133,2018-08-12 00:00:00+00:00,6322.69,6295.73,0.004282267505118555
134,2018-08-13 00:00:00+00:00,6296.33545635,6322.69,-0.004168248585649442
135,2018-08-14 00:00:00+00:00,6199.71,6296.33545635,-0.015346300561630765
136,2018-08-15 00:00:00+00:00,6308.52,6199.71,0.017550820925494967
137,2018-08-16 00:00:00+00:00,6334.73,6308.52,0.004154698724898887
138,2018-08-17 00:00:00+00:00,6580.85301814,6334.73,0.038852961079635685
139,2018-08-18 00:00:00+00:00,6423.76,6580.85301814,-0.02387122424812952
140,2018-08-19 00:00:00+00:00,6507.46206721,6423.76,0.013030073852385483
141,2018-08-20 00:00:00+00:00,6308.53,6507.46206721,-0.030569838925744226
142,2018-08-21 00:00:00+00:00,6488.76,6308.53,0.028569254644108925
143,2018-08-22 00:00:00+00:00,6376.71,6488.76,-0.017268322452980257
144,2018-08-23 00:00:00+00:00,6534.88,6376.71,0.024804326996209655
145,2018-08-24 00:00:00+00:00,6715.37297622,6534.88,0.027619937354626242
146,2018-08-25 00:00:00+00:00,6763.19,6715.37297622,0.007120531346408573
147,2018-08-26 00:00:00+00:00,6707.26,6763.19,-0.008269766190214882
148,2018-08-27 00:00:00+00:00,6884.64,6707.26,0.02644597048571251
149,2018-08-28 00:00:00+00:00,7096.28,6884.64,0.030740895675009792
150,2018-08-29 00:00:00+00:00,7047.16,7096.28,-0.006921936563946165
151,2018-08-30 00:00:00+00:00,6978.23,7047.16,-0.009781245210836747
152,2018-08-31 00:00:00+00:00,7037.58,6978.23,0.008505022047138081
153,2018-09-01 00:00:00+00:00,7193.25,7037.58,0.022119819597077414
154,2018-09-02 00:00:00+00:00,7272.72,7193.25,0.011047857366280923
155,2018-09-03 00:00:00+00:00,7260.06,7272.72,-0.0017407517407517206
156,2018-09-04 00:00:00+00:00,7360.77791241,7260.06,0.013872876038214473
157,2018-09-05 00:00:00+00:00,6792.83,7360.77791241,-0.07715868066776756
158,2018-09-06 00:00:00+00:00,6534.20965369,6792.83,-0.038072548011653475
159,2018-09-07 00:00:00+00:00,6467.07,6534.20965369,-0.010275099399677978
160,2018-09-08 00:00:00+00:00,6225.98,6467.07,-0.03727963358986375
161,2018-09-09 00:00:00+00:00,6300.86,6225.98,0.012027022251918592
162,2018-09-10 00:00:00+00:00,6329.7,6300.86,0.004577152960072141
163,2018-09-11 00:00:00+00:00,6321.2,6329.7,-0.0013428756497148365
164,2018-09-12 00:00:00+00:00,6355.91187223,6321.2,0.005491342186610162
165,2018-09-13 00:00:00+00:00,6518.36433792,6355.91187223,0.025559269693430017
166,2018-09-14 00:00:00+00:00,6512.71,6518.36433792,-0.0008674473574768769
167,2018-09-15 00:00:00+00:00,6543.2,6512.71,0.0046816148730712374
168,2018-09-16 00:00:00+00:00,6517.18,6543.2,-0.003976647511920701
169,2018-09-17 00:00:00+00:00,6281.2,6517.18,-0.03620891244372573
170,2018-09-18 00:00:00+00:00,6371.3,6281.2,0.014344392791186456
171,2018-09-19 00:00:00+00:00,6398.54,6371.3,0.004275422598213831
172,2018-09-20 00:00:00+00:00,6519.67,6398.54,0.01893088110725261
173,2018-09-21 00:00:00+00:00,6734.95,6519.67,0.033020076169499334
174,2018-09-22 00:00:00+00:00,6719.72614874,6734.95,-0.002260425283038437
175,2018-09-23 00:00:00+00:00,6713.40761263,6719.72614874,-0.0009402966683672364
176,2018-09-24 00:00:00+00:00,6595.41,6713.40761263,-0.017576411181708936
177,2018-09-25 00:00:00+00:00,6446.47,6595.41,-0.022582371679698395
178,2018-09-26 00:00:00+00:00,6495.0,6446.47,0.0075281510656219205
179,2018-09-27 00:00:00+00:00,6676.75,6495.0,0.02798306389530408
180,2018-09-28 00:00:00+00:00,6647.41279,6676.75,-0.004393935672295606
181,2018-09-29 00:00:00+00:00,6601.96,6647.41279,-0.006837666237363345
182,2018-09-30 00:00:00+00:00,6626.64459717,6601.96,0.0037389801165109175
183,2018-10-01 00:00:00+00:00,6589.62,6626.64459717,-0.005587231460370218
184,2018-10-02 00:00:00+00:00,6556.1,6589.62,-0.005086788009020175
185,2018-10-03 00:00:00+00:00,6499.15655161,6556.1,-0.00868556739372499
186,2018-10-04 00:00:00+00:00,6576.69,6499.15655161,0.011929770851695012
187,2018-10-05 00:00:00+00:00,6622.48,6576.69,0.006962468962350357
188,2018-10-06 00:00:00+00:00,6588.31,6622.48,-0.005159698481535492
189,2018-10-07 00:00:00+00:00,6602.95,6588.31,0.0022221176599157323
190,2018-10-08 00:00:00+00:00,6650.01962929,6602.95,0.007128575756290778
191,2018-10-09 00:00:00+00:00,6642.64,6650.01962929,-0.001109715414597593
192,2018-10-10 00:00:00+00:00,6586.19262079,6642.64,-0.00849773271018762
193,2018-10-11 00:00:00+00:00,6256.24,6586.19262079,-0.0500976269276532
194,2018-10-12 00:00:00+00:00,6274.58,6256.24,0.0029314732171400308
195,2018-10-13 00:00:00+00:00,6283.02191171,6274.58,0.0013454146269550565
196,2018-10-14 00:00:00+00:00,6290.93,6283.02191171,0.0012586440730473951
197,2018-10-15 00:00:00+00:00,6598.16515804,6290.93,0.048837796325821456
198,2018-10-16 00:00:00+00:00,6597.99995062,6598.16515804,-2.5038388103821043e-05
199,2018-10-17 00:00:00+00:00,6544.43,6597.99995062,-0.008119119584862382
200,2018-10-18 00:00:00+00:00,6476.71,6544.43,-0.0103477308184212
201,2018-10-19 00:00:00+00:00,6465.41,6476.71,-0.0017447129792749995
202,2018-10-20 00:00:00+00:00,6489.19,6465.41,0.0036780343396628744
203,2018-10-21 00:00:00+00:00,6482.35,6489.19,-0.001054060676293842
204,2018-10-22 00:00:00+00:00,6487.16,6482.35,0.0007420148557235401
205,2018-10-23 00:00:00+00:00,6475.74,6487.16,-0.0017604005450767475
206,2018-10-24 00:00:00+00:00,6496.94465383,6475.74,0.00327447578655105
207,2018-10-25 00:00:00+00:00,6477.24501263,6496.94465383,-0.0030321392977215476
208,2018-10-26 00:00:00+00:00,6474.75,6477.24501263,-0.00038519658051146537
209,2018-10-27 00:00:00+00:00,6485.92009843,6474.75,0.0017251783358430207
210,2018-10-28 00:00:00+00:00,6486.23272859,6485.92009843,4.820135852061406e-05
211,2018-10-29 00:00:00+00:00,6332.63,6486.23272859,-0.023681347095818848
212,2018-10-30 00:00:00+00:00,6334.27,6332.63,0.00025897612840167943
213,2018-10-31 00:00:00+00:00,6317.61,6334.27,-0.002630137332320972
214,2018-11-01 00:00:00+00:00,6377.78,6317.61,0.009524171324282455
215,2018-11-02 00:00:00+00:00,6388.44,6377.78,0.0016714279890494585
216,2018-11-03 00:00:00+00:00,6361.26,6388.44,-0.00425455979863619
217,2018-11-04 00:00:00+00:00,6376.13,6361.26,0.0023375872075657796
218,2018-11-05 00:00:00+00:00,6419.66,6376.13,0.006827025170440337
219,2018-11-06 00:00:00+00:00,6461.01,6419.66,0.0064411510889985394
220,2018-11-07 00:00:00+00:00,6522.72420675,6461.01,0.009551789387417742
221,2018-11-08 00:00:00+00:00,6453.72,6522.72420675,-0.010579047122457101
222,2018-11-09 00:00:00+00:00,6385.62,6453.72,-0.010552053699261876
223,2018-11-10 00:00:00+00:00,6409.22,6385.62,0.0036958040096342036
224,2018-11-11 00:00:00+00:00,6411.27,6409.22,0.00031985171362508726
225,2018-11-12 00:00:00+00:00,6371.27,6411.27,-0.006239013487187406
226,2018-11-13 00:00:00+00:00,6359.49,6371.27,-0.0018489249396118285
227,2018-11-14 00:00:00+00:00,5738.35,6359.49,-0.09767135414946787
228,2018-11-15 00:00:00+00:00,5648.03,5738.35,-0.015739716120487704
229,2018-11-16 00:00:00+00:00,5575.27208481,5648.03,-0.012881998712825525
230,2018-11-17 00:00:00+00:00,5554.33,5575.27208481,-0.0037562444471646904
231,2018-11-18 00:00:00+00:00,5623.54,5554.33,0.012460548797064638
232,2018-11-19 00:00:00+00:00,4866.81174897,5623.54,-0.13456439378576487
233,2018-11-20 00:00:00+00:00,4451.87,4866.81174897,-0.08525946150635828
234,2018-11-21 00:00:00+00:00,4602.17,4451.87,0.03376109365277966
235,2018-11-22 00:00:00+00:00,4365.94,4602.17,-0.051330133393594865
236,2018-11-23 00:00:00+00:00,4345.52955741,4365.94,-0.004674925122653896
237,2018-11-24 00:00:00+00:00,3876.6387983,4345.52955741,-0.1079018685560307
238,2018-11-25 00:00:00+00:00,4009.97,3876.6387983,0.03439350649806962
239,2018-11-26 00:00:00+00:00,3779.13,4009.97,-0.05756651546021534
240,2018-11-27 00:00:00+00:00,3820.72,3779.13,0.011005178440540466
241,2018-11-28 00:00:00+00:00,4257.42,3820.72,0.11429782868150513
242,2018-11-29 00:00:00+00:00,4281.93042158,4257.42,0.005757106787678966
243,2018-11-30 00:00:00+00:00,4018.10046721,4281.93042158,-0.06161472242527686
244,2018-12-01 00:00:00+00:00,4214.67193177,4018.10046721,0.048921490680518265
245,2018-12-02 00:00:00+00:00,4139.8780641,4214.67193177,-0.017746071077610316
246,2018-12-03 00:00:00+00:00,3894.1309069,4139.8780641,-0.05936096508036288
247,2018-12-04 00:00:00+00:00,3956.89386975,3894.1309069,0.016117322285902194
248,2018-12-05 00:00:00+00:00,3753.99482663,3956.89386975,-0.051277352842627376
249,2018-12-06 00:00:00+00:00,3523.587653,3753.99482663,-0.06137652934296627
250,2018-12-07 00:00:00+00:00,3419.93720035,3523.587653,-0.029416169784155007
251,2018-12-08 00:00:00+00:00,3476.11471452,3419.93720035,0.016426475364591703
252,2018-12-09 00:00:00+00:00,3614.23427278,3476.11471452,0.039733889587436295
253,2018-12-10 00:00:00+00:00,3502.65599577,3614.23427278,-0.030871899436716945
254,2018-12-11 00:00:00+00:00,3424.58807495,3502.65599577,-0.022288206696369568
255,2018-12-12 00:00:00+00:00,3486.95014412,3424.58807495,0.018210093536843934
256,2018-12-13 00:00:00+00:00,3313.67725772,3486.95014412,-0.0496918164121698
257,2018-12-14 00:00:00+00:00,3242.48476281,3313.67725772,-0.021484438396690553
258,2018-12-15 00:00:00+00:00,3236.76164502,3242.48476281,-0.0017650407661562988
259,2018-12-16 00:00:00+00:00,3252.83902595,3236.76164502,0.0049671192053133105
260,2018-12-17 00:00:00+00:00,3545.86476058,3252.83902595,0.09008307275347603
261,2018-12-18 00:00:00+00:00,3696.05912776,3545.86476058,0.04235761297208429
262,2018-12-19 00:00:00+00:00,3745.95076478,3696.05912776,0.013498603592480089
263,2018-12-20 00:00:00+00:00,4134.44120304,3745.95076478,0.10370943524208756
264,2018-12-21 00:00:00+00:00,3896.54371704,4134.44120304,-0.0575404206558983
265,2018-12-22 00:00:00+00:00,4014.18251388,3896.54371704,0.030190549723734132
266,2018-12-23 00:00:00+00:00,3998.98034184,4014.18251388,-0.003787115306151293
267,2018-12-24 00:00:00+00:00,4078.59919478,3998.98034184,0.019909788529584433
268,2018-12-25 00:00:00+00:00,3817.92174122,4078.59919478,-0.06391347644397816
269,2018-12-26 00:00:00+00:00,3857.29751969,3817.92174122,0.010313406386747402
270,2018-12-27 00:00:00+00:00,3654.83353854,3857.29751969,-0.05248855710934933
271,2018-12-28 00:00:00+00:00,3923.91859424,3654.83353854,0.07362443538468008
272,2018-12-29 00:00:00+00:00,3820.40868219,3923.91859424,-0.026379220048536232
273,2018-12-30 00:00:00+00:00,3865.95257679,3820.40868219,0.011921210108310319
274,2018-12-31 00:00:00+00:00,3742.70033544,3865.95257679,-0.03188146747840854
275,2019-01-01 00:00:00+00:00,3843.51996727,3742.70033544,0.026937671412089578
276,2019-01-02 00:00:00+00:00,3943.40933686,3843.51996727,0.025989033604774055
277,2019-01-03 00:00:00+00:00,3836.43709949,3943.40933686,-0.027126840820227507
278,2019-01-04 00:00:00+00:00,3857.71761887,3836.43709949,0.0055469485953070705
279,2019-01-05 00:00:00+00:00,3845.19446017,3857.71761887,-0.0032462611153141153
280,2019-01-06 00:00:00+00:00,4076.63268458,3845.19446017,0.06018895190017714
281,2019-01-07 00:00:00+00:00,4025.24828708,4076.63268458,-0.012604617947151134
282,2019-01-08 00:00:00+00:00,4030.84799935,4025.24828708,0.0013911470474936103
283,2019-01-09 00:00:00+00:00,4033.76508959,4030.84799935,0.0007236914516425591
284,2019-01-10 00:00:00+00:00,3678.92468128,4033.76508959,-0.08796754407581692
285,2019-01-11 00:00:00+00:00,3687.3654818,3678.92468128,0.0022943662214533356
286,2019-01-12 00:00:00+00:00,3661.30098975,3687.3654818,-0.00706859468600233
287,2019-01-13 00:00:00+00:00,3552.95306759,3661.30098975,-0.029592738336270526
288,2019-01-14 00:00:00+00:00,3706.05222041,3552.95306759,0.04309067694042136
289,2019-01-15 00:00:00+00:00,3630.67522467,3706.05222041,-0.020338891968354682
290,2019-01-16 00:00:00+00:00,3654.65111644,3630.67522467,0.006603700492703616
291,2019-01-17 00:00:00+00:00,3678.56397636,3654.65111644,0.006543130700610855
292,2019-01-18 00:00:00+00:00,3657.83943502,3678.56397636,-0.005633867311588084
293,2019-01-19 00:00:00+00:00,3728.56836493,3657.83943502,0.019336258785129828
294,2019-01-20 00:00:00+00:00,3601.0135915,3728.56836493,-0.03421012060010721
295,2019-01-21 00:00:00+00:00,3575.84445422,3601.0135915,-0.006989459117680224
296,2019-01-22 00:00:00+00:00,3604.57705248,3575.84445422,0.00803519242177649
297,2019-01-23 00:00:00+00:00,3585.12306636,3604.57705248,-0.0053970232392772585
298,2019-01-24 00:00:00+00:00,3600.86550122,3585.12306636,0.0043910444826050655
299,2019-01-25 00:00:00+00:00,3600.0465056,3600.86550122,-0.00022744410190351984
300,2019-01-26 00:00:00+00:00,3602.87807991,3600.0465056,0.000786538258768481
301,2019-01-27 00:00:00+00:00,3583.96576317,3602.87807991,-0.0052492247365950985
302,2019-01-28 00:00:00+00:00,3470.45054223,3583.96576317,-0.03167307626275889
303,2019-01-29 00:00:00+00:00,3447.15949944,3470.45054223,-0.006711244694769109
304,2019-01-30 00:00:00+00:00,3486.18175093,3447.15949944,0.011320117765464276
305,2019-01-31 00:00:00+00:00,3457.79274724,3486.18175093,-0.008143294216495308
306,2019-02-01 00:00:00+00:00,3487.94538683,3457.79274724,0.008720198633671085
307,2019-02-02 00:00:00+00:00,3521.06078726,3487.94538683,0.009494242815566682
308,2019-02-03 00:00:00+00:00,3461.85095151,3521.06078726,-0.016815908422891927
309,2019-02-04 00:00:00+00:00,3459.15414635,3461.85095151,-0.0007790067214834501
310,2019-02-05 00:00:00+00:00,3466.35743916,3459.15414635,0.002082385607938556
311,2019-02-06 00:00:00+00:00,3413.7677183,3466.35743916,-0.015171465084900181
312,2019-02-07 00:00:00+00:00,3399.47164359,3413.7677183,-0.004187770196948049
313,2019-02-08 00:00:00+00:00,3666.78035061,3399.47164359,0.07863242734324136
314,2019-02-09 00:00:00+00:00,3671.20370545,3666.78035061,0.0012063320998391318
315,2019-02-10 00:00:00+00:00,3690.18824383,3671.20370545,0.00517120266353423
316,2019-02-11 00:00:00+00:00,3648.43062774,3690.18824383,-0.01131584985124231
317,2019-02-12 00:00:00+00:00,3653.55843892,3648.43062774,0.0014054840843105594
318,2019-02-13 00:00:00+00:00,3632.07060268,3653.55843892,-0.005881344612172628
319,2019-02-14 00:00:00+00:00,3616.88097021,3632.07060268,-0.0041820862344447984
320,2019-02-15 00:00:00+00:00,3620.81075285,3616.88097021,0.0010865114645372447
321,2019-02-16 00:00:00+00:00,3629.78749138,3620.81075285,0.0024792067696259488
322,2019-02-17 00:00:00+00:00,3673.83629289,3629.78749138,0.012135366495864244
323,2019-02-18 00:00:00+00:00,3915.71447331,3673.83629289,0.06583803989527466
324,2019-02-19 00:00:00+00:00,3947.09440657,3915.71447331,0.008013846125372445
325,2019-02-20 00:00:00+00:00,3999.82050882,3947.09440657,0.013358206523319217
326,2019-02-21 00:00:00+00:00,3954.1182433,3999.82050882,-0.01142607910010519
327,2019-02-22 00:00:00+00:00,4005.52660406,3954.1182433,0.013001219891971675
328,2019-02-23 00:00:00+00:00,4142.52692999,4005.52660406,0.03420282511446477
329,2019-02-24 00:00:00+00:00,3810.42743065,4142.52692999,-0.08016833805852933
330,2019-02-25 00:00:00+00:00,3882.69629339,3810.42743065,0.018966077705269892
331,2019-02-26 00:00:00+00:00,3854.4564317,3882.69629339,-0.007273260527246556
332,2019-02-27 00:00:00+00:00,3849.29254455,3854.4564317,-0.0013397186455477497
333,2019-02-28 00:00:00+00:00,3854.78528208,3849.29254455,0.0014269472809430265
334,2019-03-01 00:00:00+00:00,3859.58375221,3854.78528208,0.0012448086673743257
335,2019-03-02 00:00:00+00:00,3864.41510673,3859.58375221,0.001251781236055168
336,2019-03-03 00:00:00+00:00,3848.0046919,3864.41510673,-0.004246545564274541
337,2019-03-04 00:00:00+00:00,3756.85663948,3848.0046919,-0.023687094927889663
338,2019-03-05 00:00:00+00:00,3898.68822602,3756.85663948,0.03775272791873991
339,2019-03-06 00:00:00+00:00,3904.25664549,3898.68822602,0.0014282802694599573
340,2019-03-07 00:00:00+00:00,3911.4842891,3904.25664549,0.0018512214401552316
341,2019-03-08 00:00:00+00:00,3899.45220068,3911.4842891,-0.003076092738894401
342,2019-03-09 00:00:00+00:00,3963.31374243,3899.45220068,0.016377054638306278
343,2019-03-10 00:00:00+00:00,3951.59982769,3963.31374243,-0.0029555860326156676
344,2019-03-11 00:00:00+00:00,3906.41111485,3951.59982769,-0.01143554884362266
345,2019-03-12 00:00:00+00:00,3909.15620907,3906.41111485,0.0007027151365519385
346,2019-03-13 00:00:00+00:00,3906.71716859,3909.15620907,-0.000623930165374585
347,2019-03-14 00:00:00+00:00,3924.369118,3906.71716859,0.0045183586751357165
348,2019-03-15 00:00:00+00:00,3960.91118728,3924.369118,0.009311578034897749
349,2019-03-16 00:00:00+00:00,4048.12237657,3960.91118728,0.022017961314070533
350,2019-03-17 00:00:00+00:00,4025.22897966,4048.12237657,-0.005655312458562095
351,2019-03-18 00:00:00+00:00,4032.50738522,4025.22897966,0.0018081966508684923
352,2019-03-19 00:00:00+00:00,4071.19020004,4032.50738522,0.009592744941219693
353,2019-03-20 00:00:00+00:00,4087.47629856,4071.19020004,0.004000328582005327
354,2019-03-21 00:00:00+00:00,4029.32690706,4087.47629856,-0.014226233316749963
355,2019-03-22 00:00:00+00:00,4023.96816173,4029.32690706,-0.0013299356080070848
356,2019-03-23 00:00:00+00:00,4035.50214534,4023.96816173,0.0028663207924193523
357,2019-03-24 00:00:00+00:00,4019.5892246,4035.50214534,-0.003943231887108666
358,2019-03-25 00:00:00+00:00,3963.07065416,4019.5892246,-0.014060782652641426
359,2019-03-26 00:00:00+00:00,3985.08080287,3963.07065416,0.005553811837014869
360,2019-03-27 00:00:00+00:00,4087.06622992,3985.08080287,0.02559180907362067
361,2019-03-28 00:00:00+00:00,4069.10714977,4087.06622992,-0.00439412506176867
362,2019-03-29 00:00:00+00:00,4098.37454059,4069.10714977,0.007192582977731181
363,2019-03-30 00:00:00+00:00,4106.66008466,4098.37454059,0.002021665903870193
364,2019-03-31 00:00:00+00:00,4105.36242087,4106.66008466,-0.0003159900657099434
365,2019-04-01 00:00:00+00:00,4158.18307045,4105.36242087,0.012866257388502599
366,2019-04-02 00:00:00+00:00,4879.87782845,4158.18307045,0.17356012127717563
367,2019-04-03 00:00:00+00:00,4971.30774104,4879.87782845,0.01873610688713506
368,2019-04-04 00:00:00+00:00,4922.79878778,4971.30774104,-0.009757785232151482
369,2019-04-05 00:00:00+00:00,5036.68110011,4922.79878778,0.023133651656186725
370,2019-04-06 00:00:00+00:00,5059.81718799,5036.68110011,0.004593518513509692
371,2019-04-07 00:00:00+00:00,5198.89699014,5059.81718799,0.027487119985306945
372,2019-04-08 00:00:00+00:00,5289.77104039,5198.89699014,0.017479486595396714
373,2019-04-09 00:00:00+00:00,5204.95837847,5289.77104039,-0.0160333332525007
374,2019-04-10 00:00:00+00:00,5324.5518687,5204.95837847,0.02297683891665529
375,2019-04-11 00:00:00+00:00,5064.48767243,5324.5518687,-0.04884245710869473
376,2019-04-12 00:00:00+00:00,5089.53891201,5064.48767243,0.004946450894998388
377,2019-04-13 00:00:00+00:00,5096.58656276,5089.53891201,0.0013847326588601447
378,2019-04-14 00:00:00+00:00,5167.72236684,5096.58656276,0.013957538678883484
379,2019-04-15 00:00:00+00:00,5067.10847228,5167.72236684,-0.019469678790334222
380,2019-04-16 00:00:00+00:00,5236.13523984,5067.10847228,0.033357637493784564
381,2019-04-17 00:00:00+00:00,5251.93818854,5236.13523984,0.0030180558706276502
382,2019-04-18 00:00:00+00:00,5298.15452927,5251.93818854,0.008799863797111484
383,2019-04-19 00:00:00+00:00,5303.81261613,5298.15452927,0.0010679354157642983
384,2019-04-20 00:00:00+00:00,5335.87896599,5303.81261613,0.0060459054987124115
385,2019-04-21 00:00:00+00:00,5314.5314532,5335.87896599,-0.004000749066098685
386,2019-04-22 00:00:00+00:00,5399.36541009,5314.5314532,0.015962640853112203
387,2019-04-23 00:00:00+00:00,5571.50817669,5399.36541009,0.031882036781268816
388,2019-04-24 00:00:00+00:00,5464.86664182,5571.50817669,-0.019140514827953696
389,2019-04-25 00:00:00+00:00,5210.51555862,5464.86664182,-0.0465429625040753
390,2019-04-26 00:00:00+00:00,5279.34821147,5210.51555862,0.013210334385457708
391,2019-04-27 00:00:00+00:00,5271.74639378,5279.34821147,-0.0014399159489961086
392,2019-04-28 00:00:00+00:00,5285.13900822,5271.74639378,0.0025404511976905627
393,2019-04-29 00:00:00+00:00,5247.35253746,5285.13900822,-0.007149569898015887
394,2019-04-30 00:00:00+00:00,5350.72669668,5247.35253746,0.0197002504562116
395,2019-05-01 00:00:00+00:00,5402.69709069,5350.72669668,0.009712773041135934
396,2019-05-02 00:00:00+00:00,5505.55237976,5402.69709069,0.019037767126948848
397,2019-05-03 00:00:00+00:00,5768.28940693,5505.55237976,0.04772219189774623
398,2019-05-04 00:00:00+00:00,5831.16747167,5768.28940693,0.010900643207058655
399,2019-05-05 00:00:00+00:00,5795.70842926,5831.16747167,-0.006080950784259421
400,2019-05-06 00:00:00+00:00,5746.80700343,5795.70842926,-0.008437523458412503
401,2019-05-07 00:00:00+00:00,5829.50151628,5746.80700343,0.014389645032562196
402,2019-05-08 00:00:00+00:00,5982.45732286,5829.50151628,0.0262382308595069
403,2019-05-09 00:00:00+00:00,6174.52868876,5982.45732286,0.03210576449347354
404,2019-05-10 00:00:00+00:00,6379.66690526,6174.52868876,0.03322329959749484
405,2019-05-11 00:00:00+00:00,7204.77169716,6379.66690526,0.1293335222909061
406,2019-05-12 00:00:00+00:00,6972.37152291,7204.77169716,-0.032256424494562216
407,2019-05-13 00:00:00+00:00,7814.91513992,6972.37152291,0.12084032158090664
408,2019-05-14 00:00:00+00:00,7994.41615632,7814.91513992,0.022969029501430656
409,2019-05-15 00:00:00+00:00,8205.16749484,7994.41615632,0.02636231769763326
410,2019-05-16 00:00:00+00:00,7884.90929094,8205.16749484,-0.039031281701610764
411,2019-05-17 00:00:00+00:00,7343.89571659,7884.90929094,-0.06861379812848838
412,2019-05-18 00:00:00+00:00,7267.96301884,7343.89571659,-0.010339566448154626
413,2019-05-19 00:00:00+00:00,8197.68969114,7267.96301884,0.12792121669991505
414,2019-05-20 00:00:00+00:00,7978.30907244,8197.68969114,-0.02676127384244672
415,2019-05-21 00:00:00+00:00,7963.32777911,7978.30907244,-0.001877752941629053
416,2019-05-22 00:00:00+00:00,7680.06654589,7963.32777911,-0.03557071127513699
417,2019-05-23 00:00:00+00:00,7881.84672105,7680.06654589,0.02627323265421222
418,2019-05-24 00:00:00+00:00,7987.37156583,7881.84672105,0.013388340133305936
419,2019-05-25 00:00:00+00:00,8055.20591925,7987.37156583,0.008492700365937134
420,2019-05-26 00:00:00+00:00,8673.21603511,8055.20591925,0.0767218271084919
421,2019-05-27 00:00:00+00:00,8805.7783766,8673.21603511,0.015284104645079196
422,2019-05-28 00:00:00+00:00,8719.9617362,8805.7783766,-0.009745491736203924
423,2019-05-29 00:00:00+00:00,8659.48775584,8719.9617362,-0.006935119922481902
424,2019-05-30 00:00:00+00:00,8319.47222898,8659.48775584,-0.03926508547006062
425,2019-05-31 00:00:00+00:00,8574.50164907,8319.47222898,0.03065451906932663
426,2019-06-01 00:00:00+00:00,8564.01647182,8574.50164907,-0.001222832262343526
427,2019-06-02 00:00:00+00:00,8741.74721596,8564.01647182,0.020753199707733625
428,2019-06-03 00:00:00+00:00,8208.99482964,8741.74721596,-0.06094346738228058
429,2019-06-04 00:00:00+00:00,7707.77077085,8208.99482964,-0.06105790893913628
430,2019-06-05 00:00:00+00:00,7824.23153913,7707.77077085,0.015109526702641752
431,2019-06-06 00:00:00+00:00,7822.02338228,7824.23153913,-0.0002822202843763654
432,2019-06-07 00:00:00+00:00,8043.95135807,7822.02338228,0.02837219539547218
433,2019-06-08 00:00:00+00:00,7949.67470562,8043.95135807,-0.011720191763146143
434,2019-06-09 00:00:00+00:00,7688.07711075,7949.67470562,-0.03290670430641194
435,2019-06-10 00:00:00+00:00,8000.32982299,7688.07711075,0.040615189954765984
436,2019-06-11 00:00:00+00:00,7927.71435114,8000.32982299,-0.009076559773989575
437,2019-06-12 00:00:00+00:00,8145.54523047,7927.71435114,0.0274771352349087
438,2019-06-13 00:00:00+00:00,8230.92383068,8145.54523047,0.010481631099490345
439,2019-06-14 00:00:00+00:00,8693.83281543,8230.92383068,0.05624022215155849
440,2019-06-15 00:00:00+00:00,8838.37523367,8693.83281543,0.016625856662836124
441,2019-06-16 00:00:00+00:00,8988.92370914,8838.37523367,0.017033501236345023
442,2019-06-17 00:00:00+00:00,9320.35218253,8988.92370914,0.03687076274248514
443,2019-06-18 00:00:00+00:00,9081.76285149,9320.35218253,-0.02559874630995263
444,2019-06-19 00:00:00+00:00,9273.52176614,9081.76285149,0.021114723846652587
445,2019-06-20 00:00:00+00:00,9527.16035008,9273.52176614,0.027350837183139895
446,2019-06-21 00:00:00+00:00,10144.5567168,9527.16035008,0.06480381814029364
447,2019-06-22 00:00:00+00:00,10701.691013,10144.5567168,0.054919530912312
448,2019-06-23 00:00:00+00:00,10855.3710156,10701.691013,0.014360347576220952
449,2019-06-24 00:00:00+00:00,11011.1024485,10855.3710156,0.014346025822259053
450,2019-06-25 00:00:00+00:00,11790.916533,11011.1024485,0.0708207092021227
451,2019-06-26 00:00:00+00:00,13017.1248668,11790.916533,0.1039960150992616
452,2019-06-27 00:00:00+00:00,11182.8062855,13017.1248668,-0.14091580130558665
453,2019-06-28 00:00:00+00:00,12407.331998,11182.8062855,0.10950075332054708
454,2019-06-29 00:00:00+00:00,11931.990728,12407.331998,-0.03831132028034888
455,2019-06-30 00:00:00+00:00,10817.1555981,11931.990728,-0.09343245023513905
456,2019-07-01 00:00:00+00:00,10583.1345195,10817.1555981,-0.021634252782783837
457,2019-07-02 00:00:00+00:00,10801.6779238,10583.1345195,0.020650158409809723
458,2019-07-03 00:00:00+00:00,11961.2693412,10801.6779238,0.10735289698325498
459,2019-07-04 00:00:00+00:00,11215.4375483,11961.2693412,-0.062353900043954344
460,2019-07-05 00:00:00+00:00,10978.4599518,11215.4375483,-0.021129589949517493
461,2019-07-06 00:00:00+00:00,11208.5508454,10978.4599518,0.020958394402329127
462,2019-07-07 00:00:00+00:00,11450.8467553,11208.5508454,0.021617059443455034
463,2019-07-08 00:00:00+00:00,12285.958217,11450.8467553,0.07293010548005725
464,2019-07-09 00:00:00+00:00,12571.5371616,12285.958217,0.02324433630295488
465,2019-07-10 00:00:00+00:00,12156.5126313,12571.5371616,-0.03301302974847814
466,2019-07-11 00:00:00+00:00,11358.661752,12156.5126313,-0.06563155927183692
467,2019-07-12 00:00:00+00:00,11815.9866867,11358.661752,0.04026221967737314
468,2019-07-13 00:00:00+00:00,11392.3793357,11815.9866867,-0.03585035784415789
469,2019-07-14 00:00:00+00:00,10256.0582756,11392.3793357,-0.0997439627505327
470,2019-07-15 00:00:00+00:00,10895.0893874,10256.0582756,0.06230767168321442
471,2019-07-16 00:00:00+00:00,9477.64204235,10895.0893874,-0.13009965266455314
472,2019-07-17 00:00:00+00:00,9693.80272448,9477.64204235,0.022807432604449975
473,2019-07-18 00:00:00+00:00,10653.956443,9693.80272448,0.09904820077422244
474,2019-07-19 00:00:00+00:00,10530.7326264,10653.956443,-0.011566014678139683
475,2019-07-20 00:00:00+00:00,10767.1395226,10530.7326264,0.02244923545084986
476,2019-07-21 00:00:00+00:00,10599.1053965,10767.1395226,-0.015606199376101807
477,2019-07-22 00:00:00+00:00,10343.1061684,10599.1053965,-0.024152908997823037
478,2019-07-23 00:00:00+00:00,9900.76801058,10343.1061684,-0.04276647175598188
479,2019-07-24 00:00:00+00:00,9811.92618837,9900.76801058,-0.008973225321011693
480,2019-07-25 00:00:00+00:00,9911.84226491,9811.92618837,0.010183125578179441
481,2019-07-26 00:00:00+00:00,9870.30353766,9911.84226491,-0.004190818027548228
482,2019-07-27 00:00:00+00:00,9477.67767811,9870.30353766,-0.03977849901494336
483,2019-07-28 00:00:00+00:00,9548.17889422,9477.67767811,0.007438659395732836
484,2019-07-29 00:00:00+00:00,9522.32895542,9548.17889422,-0.0027073161370749247
485,2019-07-30 00:00:00+00:00,9604.05115871,9522.32895542,0.008582165526164216
486,2019-07-31 00:00:00+00:00,10085.6277491,9604.05115871,0.05014306800659355
487,2019-08-01 00:00:00+00:00,10399.6694229,10085.6277491,0.03113754360287828
488,2019-08-02 00:00:00+00:00,10519.278349,10399.6694229,0.011501223859733628
489,2019-08-03 00:00:00+00:00,10821.7265103,10519.278349,0.028751797534547843
490,2019-08-04 00:00:00+00:00,10970.1842157,10821.7265103,0.013718486163801856
491,2019-08-05 00:00:00+00:00,11811.5450274,10970.1842157,0.07669523092382398
492,2019-08-06 00:00:00+00:00,11478.1693461,11811.5450274,-0.028224561691687838
493,2019-08-07 00:00:00+00:00,11941.9683406,11478.1693461,0.040407052772538886
494,2019-08-08 00:00:00+00:00,11966.407405,11941.9683406,0.00204648544552846
495,2019-08-09 00:00:00+00:00,11861.5566954,11966.407405,-0.008762087571595545
496,2019-08-10 00:00:00+00:00,11354.0242177,11861.5566954,-0.04278801600272462
497,2019-08-11 00:00:00+00:00,11523.5793784,11354.0242177,0.014933485912041394
498,2019-08-12 00:00:00+00:00,11382.6159562,11523.5793784,-0.012232607384492422
499,2019-08-13 00:00:00+00:00,10895.8304358,11382.6159562,-0.04276569834852871
500,2019-08-14 00:00:00+00:00,10051.7039313,10895.8304358,-0.07747243401718944
501,2019-08-15 00:00:00+00:00,10311.545429,10051.7039313,0.025850492560856163
502,2019-08-16 00:00:00+00:00,10374.3393471,10311.545429,0.006089670896798816
503,2019-08-17 00:00:00+00:00,10231.7438454,10374.3393471,-0.013745019989138896
504,2019-08-18 00:00:00+00:00,10345.8103795,10231.7438454,0.011148298454645395
505,2019-08-19 00:00:00+00:00,10916.0538702,10345.8103795,0.055118301010998995
506,2019-08-20 00:00:00+00:00,10763.2326304,10916.0538702,-0.013999678053732404
507,2019-08-21 00:00:00+00:00,10138.049355,10763.2326304,-0.0580850843671458
508,2019-08-22 00:00:00+00:00,10131.0561021,10138.049355,-0.0006898026094685341
509,2019-08-23 00:00:00+00:00,10407.965329,10131.0561021,0.027332710835803433
510,2019-08-24 00:00:00+00:00,10159.9605385,10407.965329,-0.023828364397888456
511,2019-08-25 00:00:00+00:00,10138.517665,10159.9605385,-0.0021105272425758774
512,2019-08-26 00:00:00+00:00,10370.8201605,10138.517665,0.02291286588195732
513,2019-08-27 00:00:00+00:00,10185.4998997,10370.8201605,-0.017869392963329966
514,2019-08-28 00:00:00+00:00,9754.42327325,10185.4998997,-0.042322579224874035
515,2019-08-29 00:00:00+00:00,9510.20054413,9754.42327325,-0.02503712646853688
516,2019-08-30 00:00:00+00:00,9598.17364826,9510.20054413,0.009250394218479435
517,2019-08-31 00:00:00+00:00,9630.66384768,9598.17364826,0.0033850397597139756
518,2019-09-01 00:00:00+00:00,9757.97031807,9630.66384768,0.01321886760907637
519,2019-09-02 00:00:00+00:00,10346.7607927,9757.97031807,0.06033944103515741
520,2019-09-03 00:00:00+00:00,10621.1803306,10346.7607927,0.02652226560544551
521,2019-09-04 00:00:00+00:00,10594.4933536,10621.1803306,-0.002512618764518408
522,2019-09-05 00:00:00+00:00,10575.533284,10594.4933536,-0.0017896155075276885
523,2019-09-06 00:00:00+00:00,10353.3025592,10575.533284,-0.021013666056558907
524,2019-09-07 00:00:00+00:00,10517.254784,10353.3025592,0.015835741673975556
525,2019-09-08 00:00:00+00:00,10441.275979,10517.254784,-0.007224205038332619
526,2019-09-09 00:00:00+00:00,10334.9741628,10441.275979,-0.010180921988251256
527,2019-09-10 00:00:00+00:00,10115.9757913,10334.9741628,-0.021190026027183388
528,2019-09-11 00:00:00+00:00,10178.3718893,10115.9757913,0.006168075061395791
529,2019-09-12 00:00:00+00:00,10410.1268031,10178.3718893,0.022769350179043028
530,2019-09-13 00:00:00+00:00,10360.5472773,10410.1268031,-0.004762624580637739
531,2019-09-14 00:00:00+00:00,10358.0491621,10360.5472773,-0.0002411180735088589
532,2019-09-15 00:00:00+00:00,10347.7129074,10358.0491621,-0.0009978958912282396
533,2019-09-16 00:00:00+00:00,10276.7935649,10347.7129074,-0.006853624867122511
534,2019-09-17 00:00:00+00:00,10241.2721545,10276.7935649,-0.003456468223835966
535,2019-09-18 00:00:00+00:00,10198.2484072,10241.2721545,-0.004201015913935572
536,2019-09-19 00:00:00+00:00,10266.4149694,10198.2484072,0.006684144127326238
537,2019-09-20 00:00:00+00:00,10181.6413094,10266.4149694,-0.00825737711291395
538,2019-09-21 00:00:00+00:00,10019.7169101,10181.6413094,-0.01590356548413334
539,2019-09-22 00:00:00+00:00,10067.9626513,10019.7169101,0.004815080269520193
540,2019-09-23 00:00:00+00:00,9729.32376435,10067.9626513,-0.0336352943170955
541,2019-09-24 00:00:00+00:00,8620.56642733,9729.32376435,-0.11396037010122802
542,2019-09-25 00:00:00+00:00,8486.99297206,8620.56642733,-0.015494742299824999
543,2019-09-26 00:00:00+00:00,8118.96756783,8486.99297206,-0.04336346282382636
544,2019-09-27 00:00:00+00:00,8251.84555744,8118.96756783,0.016366365366023324
545,2019-09-28 00:00:00+00:00,8245.91515478,8251.84555744,-0.0007186759154324338
546,2019-09-29 00:00:00+00:00,8104.22636732,8245.91515478,-0.01718290629971683
547,2019-09-30 00:00:00+00:00,8293.86774062,8104.22636732,0.023400305557199495
548,2019-10-01 00:00:00+00:00,8343.2766814,8293.86774062,0.005957285831556638
549,2019-10-02 00:00:00+00:00,8393.04164486,8343.2766814,0.005964678550208365
550,2019-10-03 00:00:00+00:00,8259.49447523,8393.04164486,-0.015911653400622276
551,2019-10-04 00:00:00+00:00,8205.93924121,8259.49447523,-0.006484081341855723
552,2019-10-05 00:00:00+00:00,8151.50052921,8205.93924121,-0.0066340622809647936
553,2019-10-06 00:00:00+00:00,7988.15595888,8151.50052921,-0.0200385891830189
554,2019-10-07 00:00:00+00:00,8245.622933,7988.15595888,0.03223109005950096
555,2019-10-08 00:00:00+00:00,8228.7831528,8245.622933,-0.0020422690119148027
556,2019-10-09 00:00:00+00:00,8595.73981722,8228.7831528,0.044594280540147004
557,2019-10-10 00:00:00+00:00,8586.47342543,8595.73981722,-0.0010780214370187783
558,2019-10-11 00:00:00+00:00,8321.75671178,8586.47342543,-0.03082950363137502
559,2019-10-12 00:00:00+00:00,8336.55527417,8321.75671178,0.0017782978885996753
560,2019-10-13 00:00:00+00:00,8321.00574668,8336.55527417,-0.0018652221425529644
561,2019-10-14 00:00:00+00:00,8374.6864467,8321.00574668,0.006451227370130929
562,2019-10-15 00:00:00+00:00,8205.36931588,8374.6864467,-0.02021772777973298
563,2019-10-16 00:00:00+00:00,8047.52686305,8205.36931588,-0.019236483667410792
564,2019-10-17 00:00:00+00:00,8103.91137325,8047.52686305,0.007006439513596097
565,2019-10-18 00:00:00+00:00,7973.20744597,8103.91137325,-0.016128499098773168
566,2019-10-19 00:00:00+00:00,7988.56044241,7973.20744597,0.0019255734337829736
567,2019-10-20 00:00:00+00:00,8222.07826034,7988.56044241,0.029231526707902345
568,2019-10-21 00:00:00+00:00,8243.72113905,8222.07826034,0.0026322880936801548
569,2019-10-22 00:00:00+00:00,8078.20332194,8243.72113905,-0.020078046590629072
570,2019-10-23 00:00:00+00:00,7514.67201276,8078.20332194,-0.0697594857076049
571,2019-10-24 00:00:00+00:00,7493.48873154,7514.67201276,-0.0028189229262475554
572,2019-10-25 00:00:00+00:00,8667.57715496,7493.48873154,0.15668114885904558
573,2019-10-26 00:00:00+00:00,9244.97220867,8667.57715496,0.06661550781576694
574,2019-10-27 00:00:00+00:00,9551.7149631,9244.97220867,0.03317941336181989
575,2019-10-28 00:00:00+00:00,9256.14838876,9551.7149631,-0.030943822704281452
576,2019-10-29 00:00:00+00:00,9427.68758384,9256.14838876,0.018532459493443662
577,2019-10-30 00:00:00+00:00,9205.72655905,9427.68758384,-0.023543527807440654
578,2019-10-31 00:00:00+00:00,9199.58483269,9205.72655905,-0.0006671636747630566
579,2019-11-01 00:00:00+00:00,9259.78300285,9199.58483269,0.006543574656335614
580,2019-11-02 00:00:00+00:00,9324.71776331,9259.78300285,0.007012557469220921
581,2019-11-03 00:00:00+00:00,9235.35487947,9324.71776331,-0.009583441140880044
582,2019-11-04 00:00:00+00:00,9412.61187106,9235.35487947,0.01919330593175568
583,2019-11-05 00:00:00+00:00,9342.52717939,9412.61187106,-0.007445828281253516
584,2019-11-06 00:00:00+00:00,9360.87991187,9342.52717939,0.0019644291236838424
585,2019-11-07 00:00:00+00:00,9267.56114253,9360.87991187,-0.009969016825188533
586,2019-11-08 00:00:00+00:00,8804.88071936,9267.56114253,-0.04992472302628795
587,2019-11-09 00:00:00+00:00,8813.58248677,8804.88071936,0.0009882890736799634
588,2019-11-10 00:00:00+00:00,9055.52605732,8813.58248677,0.02745121758526452
589,2019-11-11 00:00:00+00:00,8757.78854226,9055.52605732,-0.03287909649592639
590,2019-11-12 00:00:00+00:00,8815.66253925,8757.78854226,0.006608288920283187
591,2019-11-13 00:00:00+00:00,8808.2625823,8815.66253925,-0.0008394101880661154
592,2019-11-14 00:00:00+00:00,8708.09509517,8808.2625823,-0.011371991490272373
593,2019-11-15 00:00:00+00:00,8491.99201234,8708.09509517,-0.024816343926912555
594,2019-11-16 00:00:00+00:00,8550.76055694,8491.99201234,0.006920466306916095
595,2019-11-17 00:00:00+00:00,8577.9757816,8550.76055694,0.0031827840902305883
596,2019-11-18 00:00:00+00:00,8309.28598342,8577.9757816,-0.031323217157636016
597,2019-11-19 00:00:00+00:00,8203.61317991,8309.28598342,-0.012717434894027659
598,2019-11-20 00:00:00+00:00,8027.26824331,8203.61317991,-0.021496008250590757
599,2019-11-21 00:00:00+00:00,7642.74994484,8027.26824331,-0.04790151354297406
600,2019-11-22 00:00:00+00:00,7296.57756843,7642.74994484,-0.045294217252746675
601,2019-11-23 00:00:00+00:00,7397.7968154,7296.57756843,0.013872153899650738
602,2019-11-24 00:00:00+00:00,7047.91688176,7397.7968154,-0.0472951531882647
603,2019-11-25 00:00:00+00:00,7146.13390214,7047.91688176,0.013935609915347496
604,2019-11-26 00:00:00+00:00,7218.37133433,7146.13390214,0.010108603222277615
605,2019-11-27 00:00:00+00:00,7531.6636446,7218.37133433,0.04340207724975401
606,2019-11-28 00:00:00+00:00,7463.1061283,7531.6636446,-0.009102572756173759
607,2019-11-29 00:00:00+00:00,7761.24360172,7463.1061283,0.03994817550422692
608,2019-11-30 00:00:00+00:00,7569.63012202,7761.24360172,-0.024688502195387256
609,2019-12-01 00:00:00+00:00,7424.29226516,7569.63012202,-0.019200126626691218
610,2019-12-02 00:00:00+00:00,7321.98811242,7424.29226516,-0.013779650515656971
611,2019-12-03 00:00:00+00:00,7320.1454684,7321.98811242,-0.00025165897454469715
612,2019-12-04 00:00:00+00:00,7252.03458617,7320.1454684,-0.009304580424531859
613,2019-12-05 00:00:00+00:00,7448.30752084,7252.03458617,0.027064533730203427
614,2019-12-06 00:00:00+00:00,7546.99669772,7448.30752084,0.013249879466425503
615,2019-12-07 00:00:00+00:00,7556.23803387,7546.99669772,0.001224505127025185
616,2019-12-08 00:00:00+00:00,7561.79517117,7556.23803387,0.0007354370356108539
617,2019-12-09 00:00:00+00:00,7400.89935576,7561.79517117,-0.02127746279394466
618,2019-12-10 00:00:00+00:00,7278.1197833,7400.89935576,-0.016589817879963834
619,2019-12-11 00:00:00+00:00,7217.09216142,7278.1197833,-0.008385080720989344
620,2019-12-12 00:00:00+00:00,7243.13436273,7217.09216142,0.0036084063674859082
621,2019-12-13 00:00:00+00:00,7267.73124694,7243.13436273,0.003395889538728551
622,2019-12-14 00:00:00+00:00,7125.24632087,7267.73124694,-0.019605145158606684
623,2019-12-15 00:00:00+00:00,7152.30184412,7125.24632087,0.003797135148963744
624,2019-12-16 00:00:00+00:00,6931.52911795,7152.30184412,-0.030867367035341257
625,2019-12-17 00:00:00+00:00,6611.38163978,6931.52911795,-0.04618713601605464
626,2019-12-18 00:00:00+00:00,7277.59099229,6611.38163978,0.1007670391467779
627,2019-12-19 00:00:00+00:00,7203.78275254,7277.59099229,-0.010141850487090286
628,2019-12-20 00:00:00+00:00,7218.81638679,7203.78275254,0.0020869083322508143
629,2019-12-21 00:00:00+00:00,7191.15846913,7218.81638679,-0.0038313646140954857
630,2019-12-22 00:00:00+00:00,7514.07499421,7191.15846913,0.04490465986338731
631,2019-12-23 00:00:00+00:00,7354.39283808,7514.07499421,-0.02125107298676737
632,2019-12-24 00:00:00+00:00,7308.4280497,7354.39283808,-0.006249977311791221
633,2019-12-25 00:00:00+00:00,7270.72575618,7308.4280497,-0.005158741833895164
634,2019-12-26 00:00:00+00:00,7241.13928498,7270.72575618,-0.004069259684956663
635,2019-12-27 00:00:00+00:00,7292.44809679,7241.13928498,0.007085737449689342
636,2019-12-28 00:00:00+00:00,7317.99003408,7292.44809679,0.0035025189005107376
637,2019-12-29 00:00:00+00:00,7420.27278806,7317.99003408,0.013976891674307653
638,2019-12-30 00:00:00+00:00,7300.67426507,7420.27278806,-0.016117806771530876
639,2019-12-31 00:00:00+00:00,7197.48226269,7300.67426507,-0.01413458519492103
640,2020-01-01 00:00:00+00:00,7200.50136362,7197.48226269,0.00041946625497779697
641,2020-01-02 00:00:00+00:00,6985.47000061,7200.50136362,-0.029863387582485572
642,2020-01-03 00:00:00+00:00,7347.15221902,6985.47000061,0.051776361272529485
643,2020-01-04 00:00:00+00:00,7410.45169373,7347.15221902,0.008615511537399907
644,2020-01-05 00:00:00+00:00,7410.81254092,7410.45169373,4.8694358308150746e-05
645,2020-01-06 00:00:00+00:00,7781.86718275,7410.81254092,0.050069360111480596
646,2020-01-07 00:00:00+00:00,8161.93547734,7781.86718275,0.04884024433525337
647,2020-01-08 00:00:00+00:00,8079.86277673,8161.93547734,-0.010055543913310544
648,2020-01-09 00:00:00+00:00,7879.07152428,8079.86277673,-0.02485082457443205
649,2020-01-10 00:00:00+00:00,8166.55414039,7879.07152428,0.03648686462917603
650,2020-01-11 00:00:00+00:00,8037.53738872,8166.55414039,-0.015798187271166258
651,2020-01-12 00:00:00+00:00,8192.49400532,8037.53738872,0.019279116115524245
652,2020-01-13 00:00:00+00:00,8144.19451744,8192.49400532,-0.005895578055795518
653,2020-01-14 00:00:00+00:00,8827.76442606,8144.19451744,0.08393339662457729
654,2020-01-15 00:00:00+00:00,8807.01027532,8827.76442606,-0.0023510086742608368
655,2020-01-16 00:00:00+00:00,8723.78576573,8807.01027532,-0.009449802712643897
656,2020-01-17 00:00:00+00:00,8929.0376776,8723.78576573,0.023527848732404637
657,2020-01-18 00:00:00+00:00,8941.44574506,8929.0376776,0.001389630989141039
658,2020-01-19 00:00:00+00:00,8706.24512993,8941.44574506,-0.02630453976192223
659,2020-01-20 00:00:00+00:00,8657.64293942,8706.24512993,-0.005582451422475574
660,2020-01-21 00:00:00+00:00,8745.89478833,8657.64293942,0.010193519128419091
661,2020-01-22 00:00:00+00:00,8680.65055954,8745.89478833,-0.007459983268614118
662,2020-01-23 00:00:00+00:00,8406.5160678,8680.65055954,-0.0315799478230036
663,2020-01-24 00:00:00+00:00,8445.43428152,8406.5160678,0.004629529451453896
664,2020-01-25 00:00:00+00:00,8367.84777344,8445.43428152,-0.009186799102773379
665,2020-01-26 00:00:00+00:00,8596.82983316,8367.84777344,0.02736451067463261
666,2020-01-27 00:00:00+00:00,8909.81917753,8596.82983316,0.036407530501851575
667,2020-01-28 00:00:00+00:00,9357.47037892,8909.81917753,0.05024245638103938
668,2020-01-29 00:00:00+00:00,9316.62950445,9357.47037892,-0.00436452083909378
669,2020-01-30 00:00:00+00:00,9508.9935947,9316.62950445,0.020647390792788135
670,2020-01-31 00:00:00+00:00,9350.52936518,9508.9935947,-0.016664668867620434
671,2020-02-01 00:00:00+00:00,9392.87536841,9350.52936518,0.0045287279015121164
672,2020-02-02 00:00:00+00:00,9344.36529292,9392.87536841,-0.005164560753477895
673,2020-02-03 00:00:00+00:00,9293.52108908,9344.36529292,-0.005441161838838041
674,2020-02-04 00:00:00+00:00,9180.9629665,9293.52108908,-0.012111461468813867
675,2020-02-05 00:00:00+00:00,9617.8210448,9180.9629665,0.047583034578620266
676,2020-02-06 00:00:00+00:00,9729.80223149,9617.8210448,0.01164309318798815
677,2020-02-07 00:00:00+00:00,9795.94377253,9729.80223149,0.006797829952384331
678,2020-02-08 00:00:00+00:00,9865.11946905,9795.94377253,0.007061667372365306
679,2020-02-09 00:00:00+00:00,10116.673759,9865.11946905,0.025499365794728085
680,2020-02-10 00:00:00+00:00,9855.89170857,10116.673759,-0.025777449845904417
681,2020-02-11 00:00:00+00:00,10208.2362609,9855.89170857,0.03574963714583282
682,2020-02-12 00:00:00+00:00,10326.0545246,10208.2362609,0.01154149068348596
683,2020-02-13 00:00:00+00:00,10211.5503892,10326.0545246,-0.011088856361082986
684,2020-02-14 00:00:00+00:00,10312.1160909,10211.5503892,0.009848230471090883
685,2020-02-15 00:00:00+00:00,9889.42462838,10312.1160909,-0.04098978898162385
686,2020-02-16 00:00:00+00:00,9934.43339025,9889.42462838,0.004551201264109628
687,2020-02-17 00:00:00+00:00,9690.14261814,9934.43339025,-0.024590307520684123
688,2020-02-18 00:00:00+00:00,10141.9963705,9690.14261814,0.046630247888625104
689,2020-02-19 00:00:00+00:00,9633.38688518,10141.9963705,-0.05014885302063315
690,2020-02-20 00:00:00+00:00,9608.47590343,9633.38688518,-0.0025859006854922835
691,2020-02-21 00:00:00+00:00,9686.44119763,9608.47590343,0.00811422071341903
692,2020-02-22 00:00:00+00:00,9663.18182933,9686.44119763,-0.0024012294944494644
693,2020-02-23 00:00:00+00:00,9924.51522822,9663.18182933,0.027044238999704207
694,2020-02-24 00:00:00+00:00,9650.17480677,9924.51522822,-0.027642702453609374
695,2020-02-25 00:00:00+00:00,9341.70516876,9650.17480677,-0.031965186557407765
696,2020-02-26 00:00:00+00:00,8820.52220005,9341.70516876,-0.05579098882856102
697,2020-02-27 00:00:00+00:00,8784.49384867,8820.52220005,-0.00408460526064956
698,2020-02-28 00:00:00+00:00,8672.45534996,8784.49384867,-0.012754121141192641
699,2020-02-29 00:00:00+00:00,8599.50861972,8672.45534996,-0.008411312286587582
700,2020-03-01 00:00:00+00:00,8562.45405008,8599.50861972,-0.004308917088009955
701,2020-03-02 00:00:00+00:00,8869.67031078,8562.45405008,0.03587946386668558
702,2020-03-03 00:00:00+00:00,8787.78645576,8869.67031078,-0.009231893875523199
703,2020-03-04 00:00:00+00:00,8755.24589461,8787.78645576,-0.003702930347001327
704,2020-03-05 00:00:00+00:00,9078.76279174,8755.24589461,0.0369512062852704
705,2020-03-06 00:00:00+00:00,9122.54557333,9078.76279174,0.004822549348886422
706,2020-03-07 00:00:00+00:00,8909.9536515,9122.54557333,-0.023304013131106575
707,2020-03-08 00:00:00+00:00,8108.11629101,8909.9536515,-0.08999343788449558
708,2020-03-09 00:00:00+00:00,7923.6447033,8108.11629101,-0.022751472856221304
709,2020-03-10 00:00:00+00:00,7909.72939346,7923.6447033,-0.001756175391635722
710,2020-03-11 00:00:00+00:00,7911.43012933,7909.72939346,0.00021501821179956715
711,2020-03-12 00:00:00+00:00,5017.83083939,7911.43012933,-0.3657492062291717
712,2020-03-13 00:00:00+00:00,5563.70689169,5017.83083939,0.1087872568391246
713,2020-03-14 00:00:00+00:00,5200.36626392,5563.70689169,-0.06530549413246199
714,2020-03-15 00:00:00+00:00,5392.31488002,5200.36626392,0.03691059559241698
715,2020-03-16 00:00:00+00:00,5014.47997748,5392.31488002,-0.07006914672953928
716,2020-03-17 00:00:00+00:00,5225.62919259,5014.47997748,0.04210789873691172
717,2020-03-18 00:00:00+00:00,5238.43857664,5225.62919259,0.0024512615759580427
718,2020-03-19 00:00:00+00:00,6191.19295222,5238.43857664,0.18187755027398037
719,2020-03-20 00:00:00+00:00,6198.77820508,6191.19295222,0.0012251682217851055
720,2020-03-21 00:00:00+00:00,6185.06651501,6198.77820508,-0.002211998819180592
721,2020-03-22 00:00:00+00:00,5830.25479765,6185.06651501,-0.057365869307781675
722,2020-03-23 00:00:00+00:00,6416.31475839,5830.25479765,0.1005204714168278
723,2020-03-24 00:00:00+00:00,6734.80378045,6416.31475839,0.049637375043601537
724,2020-03-25 00:00:00+00:00,6681.06312656,6734.80378045,-0.007979542632853016
725,2020-03-26 00:00:00+00:00,6716.44054866,6681.06312656,0.005295178541175639
726,2020-03-27 00:00:00+00:00,6469.79813509,6716.44054866,-0.03672219113429176
727,2020-03-28 00:00:00+00:00,6242.1938684,6469.79813509,-0.03517950049408058
728,2020-03-29 00:00:00+00:00,5922.0431227,6242.1938684,-0.05128817727381173
729,2020-03-30 00:00:00+00:00,6429.84193389,5922.0431227,0.08574723295133367
730,2020-03-31 00:00:00+00:00,6438.64476637,6429.84193389,0.0013690589240774912
731,2020-04-01 00:00:00+00:00,6606.77626829,6438.64476637,0.02611287126728531
732,2020-04-02 00:00:00+00:00,6793.62459642,6606.77626829,0.028281316112791666
733,2020-04-03 00:00:00+00:00,6733.3873906,6793.62459642,-0.008866725702174175
734,2020-04-04 00:00:00+00:00,6867.52731596,6733.3873906,0.019921611156260427
735,2020-04-05 00:00:00+00:00,6791.12944093,6867.52731596,-0.011124509814828558
736,2020-04-06 00:00:00+00:00,7271.7811527,6791.12944093,0.07077640265154163
737,2020-04-07 00:00:00+00:00,7176.41450049,7271.7811527,-0.013114620779613359
738,2020-04-08 00:00:00+00:00,7334.09845346,7176.41450049,0.02197252582877334
739,2020-04-09 00:00:00+00:00,7303.81519824,7334.09845346,-0.004129103994467523
740,2020-04-10 00:00:00+00:00,6865.49337195,7303.81519824,-0.06001272135083899
741,2020-04-11 00:00:00+00:00,6859.08296343,6865.49337195,-0.0009337141808615362
742,2020-04-12 00:00:00+00:00,6971.09159108,6859.08296343,0.016329971258138676
743,2020-04-13 00:00:00+00:00,6845.03769683,6971.09159108,-0.018082375278399076
744,2020-04-14 00:00:00+00:00,6845.56171696,6845.03769683,7.655474713352703e-05
745,2020-04-15 00:00:00+00:00,6642.10989286,6845.56171696,-0.02972025269978125
746,2020-04-16 00:00:00+00:00,7116.55260865,6642.10989286,0.07142951915023368
747,2020-04-17 00:00:00+00:00,7096.18465879,7116.55260865,-0.0028620528758887625
748,2020-04-18 00:00:00+00:00,7257.66485847,7096.18465879,0.022755918489237057
749,2020-04-19 00:00:00+00:00,7189.42482356,7257.66485847,-0.00940247810290673
750,2020-04-20 00:00:00+00:00,6881.95869275,7189.42482356,-0.042766443541133084
751,2020-04-21 00:00:00+00:00,6880.32347375,6881.95869275,-0.00023760953429193893
752,2020-04-22 00:00:00+00:00,7117.20747869,6880.32347375,0.03442919593007028
753,2020-04-23 00:00:00+00:00,7429.72464927,7117.20747869,0.04391008292447891
754,2020-04-24 00:00:00+00:00,7550.48301195,7429.72464927,0.016253410238004657
755,2020-04-25 00:00:00+00:00,7569.93603405,7550.48301195,0.002576394393472792
756,2020-04-26 00:00:00+00:00,7679.86720422,7569.93603405,0.014522073855779395
757,2020-04-27 00:00:00+00:00,7795.60083451,7679.86720422,0.015069743683381136
758,2020-04-28 00:00:00+00:00,7807.05845106,7795.60083451,0.0014697541335465798
759,2020-04-29 00:00:00+00:00,8801.03776688,7807.05845106,0.1273180317594576
760,2020-04-30 00:00:00+00:00,8658.55417975,8801.03776688,-0.016189407533983475
761,2020-05-01 00:00:00+00:00,8864.76680793,8658.55417975,0.023816057958299348
762,2020-05-02 00:00:00+00:00,8988.5962069,8864.76680793,0.013968714761817276
763,2020-05-03 00:00:00+00:00,8897.46850985,8988.5962069,-0.010138145596088416
764,2020-05-04 00:00:00+00:00,8912.65460539,8897.46850985,0.001706788343582089
765,2020-05-05 00:00:00+00:00,9003.07017834,8912.65460539,0.010144628839910422
766,2020-05-06 00:00:00+00:00,9268.76208066,9003.07017834,0.029511255278139952
767,2020-05-07 00:00:00+00:00,9951.5187451,9268.76208066,0.07366211997874288
768,2020-05-08 00:00:00+00:00,9842.66636785,9951.5187451,-0.010938267820034691
769,2020-05-09 00:00:00+00:00,9591.16923131,9842.66636785,-0.025551728275733248
770,2020-05-10 00:00:00+00:00,8756.43114193,9591.16923131,-0.08703194253470473
771,2020-05-11 00:00:00+00:00,8601.79620238,8756.43114193,-0.017659584943177792
772,2020-05-12 00:00:00+00:00,8804.47781074,8601.79620238,0.02356270755448977
773,2020-05-13 00:00:00+00:00,9269.98770576,8804.47781074,0.052871948232086644
774,2020-05-14 00:00:00+00:00,9733.72147137,9269.98770576,0.0500252837791633
775,2020-05-15 00:00:00+00:00,9328.19722645,9733.72147137,-0.041661788465262396
776,2020-05-16 00:00:00+00:00,9377.0140257,9328.19722645,0.005233251191514344
777,2020-05-17 00:00:00+00:00,9670.73937122,9377.0140257,0.03132397421129719
778,2020-05-18 00:00:00+00:00,9726.5748149,9670.73937122,0.005773647860489925
779,2020-05-19 00:00:00+00:00,9725.32936525,9726.5748149,-0.0001280460669558223
780,2020-05-20 00:00:00+00:00,9522.98115678,9725.32936525,-0.020806309058592737
781,2020-05-21 00:00:00+00:00,9081.76202252,9522.98115678,-0.046332038990318555
782,2020-05-22 00:00:00+00:00,9182.57751787,9081.76202252,0.011100873938340167
783,2020-05-23 00:00:00+00:00,9209.28742769,9182.57751787,0.0029087595250919616
784,2020-05-24 00:00:00+00:00,8790.36800074,9209.28742769,-0.04548879924090712
785,2020-05-25 00:00:00+00:00,8906.93476142,8790.36800074,0.013260737283147514
786,2020-05-26 00:00:00+00:00,8835.05306073,8906.93476142,-0.008070307307217679
787,2020-05-27 00:00:00+00:00,9181.01794762,8835.05306073,0.03915821269118819
788,2020-05-28 00:00:00+00:00,9525.7510947,9181.01794762,0.03754846674375202
789,2020-05-29 00:00:00+00:00,9439.12439045,9525.7510947,-0.00909395000864514
790,2020-05-30 00:00:00+00:00,9700.41407169,9439.12439045,0.027681559266700455
791,2020-05-31 00:00:00+00:00,9463.6056622,9700.41407169,-0.024412195988737197
792,2020-06-01 00:00:00+00:00,10167.2681012,9463.6056622,0.07435458155347734
793,2020-06-02 00:00:00+00:00,9529.80414872,10167.2681012,-0.06269766333837125
794,2020-06-03 00:00:00+00:00,9656.71776526,9529.80414872,0.013317547198180985
795,2020-06-04 00:00:00+00:00,9800.63659532,9656.71776526,0.014903493460039522
796,2020-06-05 00:00:00+00:00,9665.53278908,9800.63659532,-0.013785207208327165
797,2020-06-06 00:00:00+00:00,9653.67926335,9665.53278908,-0.0012263706500888454
798,2020-06-07 00:00:00+00:00,9758.8524174,9653.67926335,0.010894618640302915
799,2020-06-08 00:00:00+00:00,9771.48948366,9758.8524174,0.001294933637634315
800,2020-06-09 00:00:00+00:00,9795.70019463,9771.48948366,0.0024776888938463663
801,2020-06-10 00:00:00+00:00,9870.09445278,9795.70019463,0.007594582997832304
802,2020-06-11 00:00:00+00:00,9320.69085457,9870.09445278,-0.0556634590315653
803,2020-06-12 00:00:00+00:00,9480.84378943,9320.69085457,0.017182517622229217
804,2020-06-13 00:00:00+00:00,9475.27733834,9480.84378943,-0.0005871261264958798
805,2020-06-14 00:00:00+00:00,9386.78789214,9475.27733834,-0.00933898217859468
806,2020-06-15 00:00:00+00:00,9450.70198692,9386.78789214,0.006808942048591196
807,2020-06-16 00:00:00+00:00,9538.0243743,9450.70198692,0.009239777902303563
808,2020-06-17 00:00:00+00:00,9480.25536624,9538.0243743,-0.006056705853641558
809,2020-06-18 00:00:00+00:00,9411.84046197,9480.25536624,-0.007216567658465437
810,2020-06-19 00:00:00+00:00,9288.01871603,9411.84046197,-0.013155954612737138
811,2020-06-20 00:00:00+00:00,9332.340762,9288.01871603,0.004771959157824052
812,2020-06-21 00:00:00+00:00,9303.62971409,9332.340762,-0.0030765108821258075
813,2020-06-22 00:00:00+00:00,9648.71760979,9303.62971409,0.03709174873731011
814,2020-06-23 00:00:00+00:00,9629.65836578,9648.71760979,-0.001975313692532643
815,2020-06-24 00:00:00+00:00,9313.61034868,9629.65836578,-0.032820273066291705
816,2020-06-25 00:00:00+00:00,9260.99499378,9313.61034868,-0.005649297418530939
817,2020-06-26 00:00:00+00:00,9162.91760386,9260.99499378,-0.010590372847180193
818,2020-06-27 00:00:00+00:00,9045.39095672,9162.91760386,-0.012826334604437507
819,2020-06-28 00:00:00+00:00,9143.58219104,9045.39095672,0.010855388649293475
820,2020-06-29 00:00:00+00:00,9190.85446467,9143.58219104,0.005169994936592962
821,2020-06-30 00:00:00+00:00,9137.99340026,9190.85446467,-0.00575148530674694
822,2020-07-01 00:00:00+00:00,9231.13965322,9137.99340026,0.010193293962911939
823,2020-07-02 00:00:00+00:00,9124.84264611,9231.13965322,-0.011515047015123481
824,2020-07-03 00:00:00+00:00,9084.23373428,9124.84264611,-0.0044503684507165185
825,2020-07-04 00:00:00+00:00,9132.48795051,9084.23373428,0.005311864229991017
826,2020-07-05 00:00:00+00:00,9073.94286936,9132.48795051,-0.0064106387511554406
827,2020-07-06 00:00:00+00:00,9375.47475925,9073.94286936,0.033230525498257626
828,2020-07-07 00:00:00+00:00,9252.27750386,9375.47475925,-0.013140375133371554
829,2020-07-08 00:00:00+00:00,9428.3330848,9252.27750386,0.019028350680851472
830,2020-07-09 00:00:00+00:00,9277.96790642,9428.3330848,-0.01594822510273981
831,2020-07-10 00:00:00+00:00,9278.8078672,9277.96790642,9.0532839569012e-05
832,2020-07-11 00:00:00+00:00,9240.34632654,9278.8078672,-0.00414509506075213
833,2020-07-12 00:00:00+00:00,9276.49985018,9240.34632654,0.00391257236064409
834,2020-07-13 00:00:00+00:00,9243.61385509,9276.49985018,-0.003545086575877257
835,2020-07-14 00:00:00+00:00,9243.21341642,9243.61385509,-4.3320575294191454e-05
836,2020-07-15 00:00:00+00:00,9192.83736784,9243.21341642,-0.005450057930125194
837,2020-07-16 00:00:00+00:00,9132.22786293,9192.83736784,-0.006593122719872672
838,2020-07-17 00:00:00+00:00,9151.39223963,9132.22786293,0.002098543420909755
839,2020-07-18 00:00:00+00:00,9159.03990531,9151.39223963,0.0008356833014852505
840,2020-07-19 00:00:00+00:00,9185.81691242,9159.03990531,0.002923560480883418
841,2020-07-20 00:00:00+00:00,9164.2313647,9185.81691242,-0.0023498778525418646
842,2020-07-21 00:00:00+00:00,9374.88752808,9164.2313647,0.022986779250405487
843,2020-07-22 00:00:00+00:00,9525.36344997,9374.88752808,0.01605095756501494
844,2020-07-23 00:00:00+00:00,9581.07201141,9525.36344997,0.005848444705821248
845,2020-07-24 00:00:00+00:00,9536.89268563,9581.07201141,-0.004611104657953441
846,2020-07-25 00:00:00+00:00,9677.11349729,9536.89268563,0.014702987260334957
847,2020-07-26 00:00:00+00:00,9905.16724705,9677.11349729,0.023566298961344673
848,2020-07-27 00:00:00+00:00,10990.8733998,9905.16724705,0.10961007781805508
849,2020-07-28 00:00:00+00:00,10912.8230505,10990.8733998,-0.007101378249104547
850,2020-07-29 00:00:00+00:00,11100.4681253,10912.8230505,0.017194915919708165
851,2020-07-30 00:00:00+00:00,11111.2142899,11100.4681253,0.000968082109573989
852,2020-07-31 00:00:00+00:00,11323.4664207,11111.2142899,0.019102514384313225
853,2020-08-01 00:00:00+00:00,11759.5927707,11323.4664207,0.03851526854027072
854,2020-08-02 00:00:00+00:00,11053.613901,11759.5927707,-0.06003429569933778
855,2020-08-03 00:00:00+00:00,11246.3487749,11053.613901,0.01743636747458337
856,2020-08-04 00:00:00+00:00,11205.8929179,11246.3487749,-0.0035972436752352756
857,2020-08-05 00:00:00+00:00,11747.0228312,11205.8929179,0.04828976300814124
858,2020-08-06 00:00:00+00:00,11778.8942824,11747.0228312,0.0027131513795436127
859,2020-08-07 00:00:00+00:00,11601.4727146,11778.8942824,-0.015062667475087452
860,2020-08-08 00:00:00+00:00,11754.0458135,11601.4727146,0.013151183703426984
861,2020-08-09 00:00:00+00:00,11675.7393433,11754.0458135,-0.006662086522588068
862,2020-08-10 00:00:00+00:00,11881.64754,11675.7393433,0.017635559568924295
863,2020-08-11 00:00:00+00:00,11410.5256775,11881.64754,-0.03965122352888782
864,2020-08-12 00:00:00+00:00,11584.9345762,11410.5256775,0.01528491356396578
865,2020-08-13 00:00:00+00:00,11784.1373895,11584.9345762,0.01719498819693303
866,2020-08-14 00:00:00+00:00,11768.8706193,11784.1373895,-0.0012955356591143454
867,2020-08-15 00:00:00+00:00,11865.69857,11768.8706193,0.008227463265779352
868,2020-08-16 00:00:00+00:00,11895.6577737,11865.69857,0.0025248579780836463
869,2020-08-17 00:00:00+00:00,12254.4019083,11895.6577737,0.03015757021802894
870,2020-08-18 00:00:00+00:00,11991.2332456,12254.4019083,-0.021475439166211266
871,2020-08-19 00:00:00+00:00,11758.2835921,11991.2332456,-0.019426663523993845
872,2020-08-20 00:00:00+00:00,11878.026439,11758.2835921,0.010183701214729163
873,2020-08-21 00:00:00+00:00,11585.4775342,11878.026439,-0.02462942024101349
874,2020-08-22 00:00:00+00:00,11681.8255623,11585.4775342,0.008316275942496497
875,2020-08-23 00:00:00+00:00,11664.8479948,11681.8255623,-0.0014533317082554872
876,2020-08-24 00:00:00+00:00,11774.5958414,11664.8479948,0.009408424923232872
877,2020-08-25 00:00:00+00:00,11366.1350817,11774.5958414,-0.034690002544616724
878,2020-08-26 00:00:00+00:00,11488.3634896,11366.1350817,0.010753735286570141
879,2020-08-27 00:00:00+00:00,11323.3970324,11488.3634896,-0.01435943921423955
880,2020-08-28 00:00:00+00:00,11542.4997333,11323.3970324,0.019349555638919436
881,2020-08-29 00:00:00+00:00,11506.8653177,11542.4997333,-0.003087235557579838
882,2020-08-30 00:00:00+00:00,11711.506161,11506.8653177,0.01778423903034814
883,2020-08-31 00:00:00+00:00,11680.8204905,11711.506161,-0.0026201301590212354
884,2020-09-01 00:00:00+00:00,11970.4787405,11680.8204905,0.024797765725068643
885,2020-09-02 00:00:00+00:00,11414.0337325,11970.4787405,-0.04648477475820304
886,2020-09-03 00:00:00+00:00,10245.296686,11414.0337325,-0.102394742637931
887,2020-09-04 00:00:00+00:00,10511.8138807,10245.296686,0.026013614136151907
888,2020-09-05 00:00:00+00:00,10169.567221,10511.8138807,-0.03255828761660014
889,2020-09-06 00:00:00+00:00,10280.3517032,10169.567221,0.010893726329988989
890,2020-09-07 00:00:00+00:00,10369.5637386,10280.3517032,0.008677916668184663
891,2020-09-08 00:00:00+00:00,10131.5166457,10369.5637386,-0.022956326698093003
892,2020-09-09 00:00:00+00:00,10242.3477803,10131.5166457,0.01093924418976696
893,2020-09-10 00:00:00+00:00,10363.1390401,10242.3477803,0.011793317547010912
894,2020-09-11 00:00:00+00:00,10400.9146854,10363.1390401,0.0036451933293402804
895,2020-09-12 00:00:00+00:00,10442.1706031,10400.9146854,0.003966566301895751
896,2020-09-13 00:00:00+00:00,10323.7557975,10442.1706031,-0.011340056593678453
897,2020-09-14 00:00:00+00:00,10680.8374328,10323.7557975,0.03458834578269197
898,2020-09-15 00:00:00+00:00,10796.9509861,10680.8374328,0.010871203127146588
899,2020-09-16 00:00:00+00:00,10973.2522347,10796.9509861,0.016328799568227102
900,2020-09-17 00:00:00+00:00,10948.9899152,10973.2522347,-0.002211041811585858
901,2020-09-18 00:00:00+00:00,10933.7526485,10948.9899152,-0.0013916595793778874
902,2020-09-19 00:00:00+00:00,11094.3462761,10933.7526485,0.01468787823931897
903,2020-09-20 00:00:00+00:00,10938.2712894,11094.3462761,-0.014067975058271266
904,2020-09-21 00:00:00+00:00,10462.2596185,10938.2712894,-0.043517998256387205
905,2020-09-22 00:00:00+00:00,10538.4603213,10462.2596185,0.007283388634827625
906,2020-09-23 00:00:00+00:00,10246.18649281,10538.4603213,-0.027734016125606532
907,2020-09-24 00:00:00+00:00,10760.06625677,10246.18649281,0.050153270616399744
908,2020-09-25 00:00:00+00:00,10692.71721234,10760.06625677,-0.006259166330655813
909,2020-09-26 00:00:00+00:00,10750.72357903,10692.71721234,0.005424848103441647
910,2020-09-27 00:00:00+00:00,10775.26937624,10750.72357903,0.0022831762931638916
911,2020-09-28 00:00:00+00:00,10709.65218175,10775.26937624,-0.006089610588732835
912,2020-09-29 00:00:00+00:00,10844.64098118,10709.65218175,0.012604405552967542
913,2020-09-30 00:00:00+00:00,10784.49157795,10844.64098118,-0.005546463302416758
914,2020-10-01 00:00:00+00:00,10619.45190766,10784.49157795,-0.015303426137161655
915,2020-10-02 00:00:00+00:00,10575.97504191,10619.45190766,-0.00409407812456311
916,2020-10-03 00:00:00+00:00,10549.32889962,10575.97504191,-0.0025194974632983835
917,2020-10-04 00:00:00+00:00,10669.58254327,10549.32889962,0.011399174752654758
918,2020-10-05 00:00:00+00:00,10793.33942751,10669.58254327,0.011599037144903214
919,2020-10-06 00:00:00+00:00,10604.40588882,10793.33942751,-0.017504641631898236
920,2020-10-07 00:00:00+00:00,10668.96895539,10604.40588882,0.0060883247252982295
921,2020-10-08 00:00:00+00:00,10915.68573098,10668.96895539,0.02312470648490892
922,2020-10-09 00:00:00+00:00,11064.45759247,10915.68573098,0.013629181451035038
923,2020-10-10 00:00:00+00:00,11296.3614282,11064.45759247,0.02095934968270144
924,2020-10-11 00:00:00+00:00,11384.1819535,11296.3614282,0.007774231185695451
925,2020-10-12 00:00:00+00:00,11555.3628878,11384.1819535,0.01503673562133921
926,2020-10-13 00:00:00+00:00,11425.8994007,11555.3628878,-0.011203757801209833
927,2020-10-14 00:00:00+00:00,11429.50688675,11425.8994007,0.0003157288475494841
928,2020-10-15 00:00:00+00:00,11495.34965037,11429.50688675,0.005760770282778471
929,2020-10-16 00:00:00+00:00,11322.12268618,11495.34965037,-0.015069307977458916
930,2020-10-17 00:00:00+00:00,11358.10156733,11322.12268618,0.0031777505108575394
931,2020-10-18 00:00:00+00:00,11483.35971184,11358.10156733,0.01102808808034313
932,2020-10-19 00:00:00+00:00,11742.03715033,11483.35971184,0.022526285423532348
933,2020-10-20 00:00:00+00:00,11916.33514058,11742.03715033,0.014843931084403232
934,2020-10-21 00:00:00+00:00,12823.68918938,11916.33514058,0.07614371684714437
935,2020-10-22 00:00:00+00:00,12965.89129043,12823.68918938,0.01108901650297051
936,2020-10-23 00:00:00+00:00,12931.53902256,12965.89129043,-0.002649433586980193
937,2020-10-24 00:00:00+00:00,13108.06261161,12931.53902256,0.013650624936601963
938,2020-10-25 00:00:00+00:00,13031.17431056,13108.06261161,-0.005865725800081116
939,2020-10-26 00:00:00+00:00,13075.24769656,13031.17431056,0.0033821499850772868
940,2020-10-27 00:00:00+00:00,13654.21844012,13075.24769656,0.04427990635407406
941,2020-10-28 00:00:00+00:00,13271.28536861,13654.21844012,-0.028045037743415012
942,2020-10-29 00:00:00+00:00,13437.8832414,13271.28536861,0.012553258268716524
943,2020-10-30 00:00:00+00:00,13546.52226938,13437.8832414,0.008084534299665597
944,2020-10-31 00:00:00+00:00,13780.99470249,13546.52226938,0.017308681036164578
945,2020-11-01 00:00:00+00:00,13737.10982864,13780.99470249,-0.0031844489311116855
946,2020-11-02 00:00:00+00:00,13550.4893841,13737.10982864,-0.013585131579200285
947,2020-11-03 00:00:00+00:00,13950.30084729,13550.4893841,0.029505315406477883
948,2020-11-04 00:00:00+00:00,14133.70715301,13950.30084729,0.013147121895627705
949,2020-11-05 00:00:00+00:00,15579.84846029,14133.70715301,0.10231861263462089
950,2020-11-06 00:00:00+00:00,15565.88058083,15579.84846029,-0.0008965350013257066
951,2020-11-07 00:00:00+00:00,14833.7541075,15565.88058083,-0.047034054355501245
952,2020-11-08 00:00:00+00:00,15479.56703842,14833.7541075,0.043536715401900454
953,2020-11-09 00:00:00+00:00,15332.31559743,15479.56703842,-0.009512633048748985
954,2020-11-10 00:00:00+00:00,15290.90268148,15332.31559743,-0.002701021622392274
955,2020-11-11 00:00:00+00:00,15701.33973237,15290.90268148,0.026841911131061703
956,2020-11-12 00:00:00+00:00,16276.34394919,15701.33973237,0.036621347389520435
957,2020-11-13 00:00:00+00:00,16317.80819009,16276.34394919,0.002547515647828418
958,2020-11-14 00:00:00+00:00,16068.13870685,16317.80819009,-0.015300430078080353
959,2020-11-15 00:00:00+00:00,15955.58743887,16068.13870685,-0.007004623872957956
960,2020-11-16 00:00:00+00:00,16712.2142724,15955.58743887,0.04742080706391005
961,2020-11-17 00:00:00+00:00,17645.40576746,16712.2142724,0.0558388900387158
962,2020-11-18 00:00:00+00:00,17804.00563217,17645.40576746,0.008988167617118424
963,2020-11-19 00:00:00+00:00,17817.09024754,17804.00563217,0.0007349253668150859
964,2020-11-20 00:00:00+00:00,18621.31436938,17817.09024754,0.04513779246030593
965,2020-11-21 00:00:00+00:00,18642.23276593,18621.31436938,0.0011233576822265061
966,2020-11-22 00:00:00+00:00,18370.00252365,18642.23276593,-0.014602877546809659
967,2020-11-23 00:00:00+00:00,18364.12159134,18370.00252365,-0.00032013780631920006
968,2020-11-24 00:00:00+00:00,19107.46444977,18364.12159134,0.04047799698628316
969,2020-11-25 00:00:00+00:00,18732.1207774,19107.46444977,-0.019643824190106907
970,2020-11-26 00:00:00+00:00,17150.62357809,18732.1207774,-0.08442702340559599
971,2020-11-27 00:00:00+00:00,17108.40172774,17150.62357809,-0.002461825959724037
972,2020-11-28 00:00:00+00:00,17717.4150112,17108.40172774,0.03559732189784434
973,2020-11-29 00:00:00+00:00,18177.48341979,17717.4150112,0.025967016537072275
974,2020-11-30 00:00:00+00:00,19625.83502949,18177.48341979,0.07967833479760816
975,2020-12-01 00:00:00+00:00,18802.99829969,19625.83502949,-0.04192620230240382
976,2020-12-02 00:00:00+00:00,19201.09115697,18802.99829969,0.02117177542299536
977,2020-12-03 00:00:00+00:00,19445.39847988,19201.09115697,0.012723616637865778
978,2020-12-04 00:00:00+00:00,18699.76561337,19445.39847988,-0.038344951752030246
979,2020-12-05 00:00:00+00:00,19154.231131,18699.76561337,0.024303273475527708
980,2020-12-06 00:00:00+00:00,19345.12095871,19154.231131,0.009965935275838554
981,2020-12-07 00:00:00+00:00,19191.63128698,19345.12095871,-0.007934283381200169
982,2020-12-08 00:00:00+00:00,18321.14491611,19191.63128698,-0.045357601855375136
983,2020-12-09 00:00:00+00:00,18553.91537685,18321.14491611,0.01270501717036926
984,2020-12-10 00:00:00+00:00,18264.99210672,18553.91537685,-0.015572091618488935
985,2020-12-11 00:00:00+00:00,18058.90334725,18264.99210672,-0.011283265728550533
986,2020-12-12 00:00:00+00:00,18803.65687045,18058.90334725,0.0412402408318669
987,2020-12-13 00:00:00+00:00,19142.3825335,18803.65687045,0.01801381855581027
988,2020-12-14 00:00:00+00:00,19246.64434137,19142.3825335,0.005446647390288909
989,2020-12-15 00:00:00+00:00,19417.07603342,19246.64434137,0.008855138019237027
990,2020-12-16 00:00:00+00:00,21310.59813054,19417.07603342,0.09751839534752478
991,2020-12-17 00:00:00+00:00,22805.16149213,21310.59813054,0.07013239855751197
992,2020-12-18 00:00:00+00:00,23137.96056165,22805.16149213,0.014593146802966094
993,2020-12-19 00:00:00+00:00,23869.83196434,23137.96056165,0.03163076541426204
994,2020-12-20 00:00:00+00:00,23477.29519711,23869.83196434,-0.01644489026216954
995,2020-12-21 00:00:00+00:00,22803.0814087,23477.29519711,-0.028717694382996695
996,2020-12-22 00:00:00+00:00,23499.29170507,22803.0814087,0.03053141300913737
997,2020-12-23 00:00:00+00:00,23241.34486501,23499.29170507,-0.010976792121966355
998,2020-12-24 00:00:00+00:00,23735.94972763,23241.34486501,0.021281249664886218
999,2020-12-25 00:00:00+00:00,24664.79027412,23735.94972763,0.03913222589146197
1000,2020-12-26 00:00:00+00:00,26437.0375091,24664.79027412,0.07185332675784238
1001,2020-12-27 00:00:00+00:00,26272.29456706,26437.0375091,-0.006231520531878563
1002,2020-12-28 00:00:00+00:00,27084.80788628,26272.29456706,0.030926621850484424
1003,2020-12-29 00:00:00+00:00,27362.4365573,27084.80788628,0.010250346695670489
1004,2020-12-30 00:00:00+00:00,28840.95341968,27362.4365573,0.054034546933853
1005,2020-12-31 00:00:00+00:00,29001.71982218,28840.95341968,0.005574240218781969
1006,2021-01-01 00:00:00+00:00,29374.15188907,29001.71982218,0.01284172349686554
1007,2021-01-02 00:00:00+00:00,32127.26793922,29374.15188907,0.09372580561804833
1008,2021-01-03 00:00:00+00:00,32782.02446581,32127.26793922,0.020380087339785604
1009,2021-01-04 00:00:00+00:00,31971.91352155,32782.02446581,-0.02471204745469286
1010,2021-01-05 00:00:00+00:00,33992.42934365,31971.91352155,0.06319658724017616
1011,2021-01-06 00:00:00+00:00,36824.36441009,33992.42934365,0.08331075834004846
1012,2021-01-07 00:00:00+00:00,39371.04235311,36824.36441009,0.06915741748205723
1013,2021-01-08 00:00:00+00:00,40797.61071993,39371.04235311,0.03623394966344629
1014,2021-01-09 00:00:00+00:00,40254.54649816,40797.61071993,-0.013311177105396243
1015,2021-01-10 00:00:00+00:00,38356.43950662,40254.54649816,-0.047152611485183696
1016,2021-01-11 00:00:00+00:00,35566.65594049,38356.43950662,-0.07273312127024993
1017,2021-01-12 00:00:00+00:00,33922.9605815,35566.65594049,-0.046214503880832244
1018,2021-01-13 00:00:00+00:00,37316.35939997,33922.9605815,0.1000325077853199
1019,2021-01-14 00:00:00+00:00,39187.32812109,37316.35939997,0.05013802930415296
1020,2021-01-15 00:00:00+00:00,36825.36585131,39187.32812109,-0.06027362372044012
1021,2021-01-16 00:00:00+00:00,36178.13890106,36825.36585131,-0.01757557420782486
1022,2021-01-17 00:00:00+00:00,35791.27792129,36178.13890106,-0.010693225011601406
1023,2021-01-18 00:00:00+00:00,36630.07568284,35791.27792129,0.023435814820432832
1024,2021-01-19 00:00:00+00:00,36069.80639361,36630.07568284,-0.015295335288986708
1025,2021-01-20 00:00:00+00:00,35547.7508855,36069.80639361,-0.01447347685798747
1026,2021-01-21 00:00:00+00:00,30825.69850603,35547.7508855,-0.13283688171102082
1027,2021-01-22 00:00:00+00:00,33005.76356216,30825.69850603,0.07072232461183461
1028,2021-01-23 00:00:00+00:00,32067.64288212,33005.76356216,-0.02842293523290955
1029,2021-01-24 00:00:00+00:00,32289.37808687,32067.64288212,0.006914608771374207
1030,2021-01-25 00:00:00+00:00,32366.39304887,32289.37808687,0.0023851485089864417
1031,2021-01-26 00:00:00+00:00,32569.84955679,32366.39304887,0.006286042056425666
1032,2021-01-27 00:00:00+00:00,30432.54707881,32569.84955679,-0.0656221169905412
1033,2021-01-28 00:00:00+00:00,33466.09635821,30432.54707881,0.09968108392452778
1034,2021-01-29 00:00:00+00:00,34316.38765032,33466.09635821,0.025407543294227192
1035,2021-01-30 00:00:00+00:00,34269.52154165,34316.38765032,-0.0013657063542806855
1036,2021-01-31 00:00:00+00:00,33114.35774753,34269.52154165,-0.03370819731801788
1037,2021-02-01 00:00:00+00:00,33940.89480922,33114.35774753,0.02496008130345379
1038,2021-02-02 00:00:00+00:00,35510.28903716,33940.89480922,0.046239035145109846
1039,2021-02-03 00:00:00+00:00,37472.09010368,35510.28903716,0.05524598981627711
1040,2021-02-04 00:00:00+00:00,36926.06446515,37472.09010368,-0.014571528756982215
1041,2021-02-05 00:00:00+00:00,38144.30686267,36926.06446515,0.032991395513316896
1042,2021-02-06 00:00:00+00:00,39266.01073494,38144.30686267,0.02940684900392723
1043,2021-02-07 00:00:00+00:00,38903.44147971,39266.01073494,-0.009233666686373385
1044,2021-02-08 00:00:00+00:00,46196.46371944,38903.44147971,0.18746470652303737
1045,2021-02-09 00:00:00+00:00,46481.10423596,46196.46371944,0.006161521761680319
1046,2021-02-10 00:00:00+00:00,44918.18449192,46481.10423596,-0.03362484109899551
1047,2021-02-11 00:00:00+00:00,47909.33119483,44918.18449192,0.06659099731530907
1048,2021-02-12 00:00:00+00:00,47504.85118326,47909.33119483,-0.008442614444462412
1049,2021-02-13 00:00:00+00:00,47105.51747252,47504.85118326,-0.008406166965969141
1050,2021-02-14 00:00:00+00:00,48717.2902111,47105.51747252,0.034216219777656924
1051,2021-02-15 00:00:00+00:00,47945.05683234,48717.2902111,-0.01585132045345269
1052,2021-02-16 00:00:00+00:00,49199.87134362,47945.05683234,0.02617192666322167
1053,2021-02-17 00:00:00+00:00,52149.00753587,49199.87134362,0.05994194927163016
1054,2021-02-18 00:00:00+00:00,51679.79669449,52149.00753587,-0.008997502801127209
1055,2021-02-19 00:00:00+00:00,55888.13368221,51679.79669449,0.0814309896108527
1056,2021-02-20 00:00:00+00:00,56099.52051348,55888.13368221,0.003782320455930472
1057,2021-02-21 00:00:00+00:00,57539.9436679,56099.52051348,0.025676211511894934
1058,2021-02-22 00:00:00+00:00,54207.31906543,57539.9436679,-0.05791845438196325
1059,2021-02-23 00:00:00+00:00,48824.42686909,54207.31906543,-0.09930194462933452
1060,2021-02-24 00:00:00+00:00,49705.33331637,48824.42686909,0.01804233052529062
1061,2021-02-25 00:00:00+00:00,47093.85301914,49705.33331637,-0.05253923720032544
1062,2021-02-26 00:00:00+00:00,46339.76008289,47093.85301914,-0.016012555522766744
1063,2021-02-27 00:00:00+00:00,46188.45127539,46339.76008289,-0.0032652048096354453
1064,2021-02-28 00:00:00+00:00,45137.77046805,46188.45127539,-0.02274769511269186
1065,2021-03-01 00:00:00+00:00,49631.24137077,45137.77046805,0.09955012966138031
1066,2021-03-02 00:00:00+00:00,48378.98805435,49631.24137077,-0.025231150417235244
1067,2021-03-03 00:00:00+00:00,50538.24341445,48378.98805435,0.0446320902304581
1068,2021-03-04 00:00:00+00:00,48561.1661539,50538.24341445,-0.03912041905248951
1069,2021-03-05 00:00:00+00:00,48927.3045548,48561.1661539,0.0075397365816882896
1070,2021-03-06 00:00:00+00:00,48912.38173056,48927.3045548,-0.0003049999254155641
1071,2021-03-07 00:00:00+00:00,51206.69295308,48912.38173056,0.046906552928837046
1072,2021-03-08 00:00:00+00:00,52246.52230995,51206.69295308,0.020306512623706915
1073,2021-03-09 00:00:00+00:00,54824.11781138,52246.52230995,0.04933525500775986
1074,2021-03-10 00:00:00+00:00,56008.54940114,54824.11781138,0.02160420699946305
1075,2021-03-11 00:00:00+00:00,57805.12301924,56008.54940114,0.03207677465868158
1076,2021-03-12 00:00:00+00:00,57332.08896391,57805.12301924,-0.008183254885082744
1077,2021-03-13 00:00:00+00:00,61243.08476552,57332.08896391,0.06821652363080531
1078,2021-03-14 00:00:00+00:00,59302.31697742,61243.08476552,-0.031689582514182156
1079,2021-03-15 00:00:00+00:00,55907.20022619,59302.31697742,-0.05725099666042946
1080,2021-03-16 00:00:00+00:00,56804.90123161,55907.20022619,0.016056983747854855
1081,2021-03-17 00:00:00+00:00,58870.89333325,56804.90123161,0.03636996204282368
1082,2021-03-18 00:00:00+00:00,57858.92070527,58870.89333325,-0.017189693763461956
1083,2021-03-19 00:00:00+00:00,58346.65297359,57858.92070527,0.00842968141083164
1084,2021-03-20 00:00:00+00:00,58313.64260857,58346.65297359,-0.0005657627873691065
1085,2021-03-21 00:00:00+00:00,57523.42098673,58313.64260857,-0.01355123066388353
1086,2021-03-22 00:00:00+00:00,54529.14561107,57523.42098673,-0.052053151990921136
1087,2021-03-23 00:00:00+00:00,54738.94493032,54529.14561107,0.0038474712357753926
1088,2021-03-24 00:00:00+00:00,52774.26369049,54738.94493032,-0.0358918361019005
1089,2021-03-25 00:00:00+00:00,51704.1619252,52774.26369049,-0.02027696249001066
1090,2021-03-26 00:00:00+00:00,55137.31372578,51704.1619252,0.06639991197510771
1091,2021-03-27 00:00:00+00:00,55973.51084173,55137.31372578,0.015165720987220136
1092,2021-03-28 00:00:00+00:00,55950.7457745,55973.51084173,-0.0004067114406021589
1093,2021-03-29 00:00:00+00:00,57750.19987147,55950.7457745,0.032161396100463036
1094,2021-03-30 00:00:00+00:00,58917.6930451,57750.19987147,0.02021626204287422
1095,2021-03-31 00:00:00+00:00,58918.83271375,58917.6930451,1.9343402484016565e-05
1096,2021-04-01 00:00:00+00:00,59095.80797806,58918.83271375,0.003003713009214098
