Date,Age Consumed,Development Activity,Marketcap,Social Volume_x,Volume,Price,lagprice,bit_return
2019-04-03T00:00:00.000Z,15055320.284747612,37.93,87625075595.0,13506.0,20969329558.0,4964.54482134,4879.87782845,0.01735022799062429
2019-04-04T00:00:00.000Z,6391843.079569062,40.21,86778727821.0,9009.0,21894610310.0,4998.9497127,4971.30774104,0.005560301856150367
2019-04-05T00:00:00.000Z,13263796.824591272,41.5,88796118649.0,8437.0,17781785281.0,5004.70570156,4922.79878778,0.016638281861797898
2019-04-06T00:00:00.000Z,3367822.260168236,41.36,89212733449.0,7808.0,15717406018.0,5014.38985529,5036.68110011,-0.004425780464741671
2019-04-07T00:00:00.000Z,3837339.6927975714,40.71,91674230185.0,7078.0,17779347824.0,5133.54863712,5059.81718799,0.014571959102595556
2019-04-08T00:00:00.000Z,9075140.151248878,40.43,93286365973.0,9245.0,17198836729.0,5153.26085803,5198.89699014,-0.008778041226158332
2019-04-09T00:00:00.000Z,5635744.550095017,40.0,91799330425.0,8546.0,15754055091.0,5203.26775259,5289.77104039,-0.01635293609865249
2019-04-10T00:00:00.000Z,10560930.103019193,39.57,93918439274.0,8942.0,13818299819.0,5246.2263236,5204.95837847,0.007928583118109539
2019-04-11T00:00:00.000Z,7629330.059117065,40.0,89341168456.0,8353.0,17126180754.0,5057.99984979,5324.5518687,-0.050060930099471435
2019-04-12T00:00:00.000Z,10562684.45829183,37.57,89792633045.0,7030.0,14643244179.0,5082.33316882,5064.48767243,0.0035236528439286235
2019-04-13T00:00:00.000Z,5935022.692735637,37.71,89925574874.0,5867.0,11903729387.0,5063.191181800001,5089.53891201,-0.005176840312159761
2019-04-14T00:00:00.000Z,22308740.802191205,38.64,91188595340.0,5934.0,10052307488.0,5088.10765077,5096.58656276,-0.0016636452428678119
2019-04-15T00:00:00.000Z,4018556.025644362,41.29,89422237602.0,8108.0,11230239487.0,5160.27091343,5167.72236684,-0.0014419221624238222
2019-04-16T00:00:00.000Z,4321356.4285188345,43.21,92414776205.0,7798.0,12003992445.0,5088.86966564,5067.10847228,0.0042945978912917225
2019-04-17T00:00:00.000Z,10410040.497682592,44.64,92702617458.0,7222.0,12442792225.0,5261.68891641,5236.13523984,0.004880255264526115
2019-04-18T00:00:00.000Z,5395547.03894253,46.14,93528321905.0,6988.0,12858883814.0,5260.60459091,5251.93818854,0.0016501341140897293
2019-04-19T00:00:00.000Z,7567218.959603808,45.29,93638345002.0,7033.0,13515931916.0,5280.60820686,5298.15452927,-0.003311780038325525
2019-04-20T00:00:00.000Z,3829612.889211997,45.57,94213277787.0,7511.0,13906425070.0,5327.992772600001,5303.81261613,0.004559014094212895
2019-04-21T00:00:00.000Z,4390166.671364773,46.29,93847052256.0,8360.0,13031429203.0,5281.17873056,5335.87896599,-0.010251401086615795
2019-04-22T00:00:00.000Z,9987350.739861464,46.29,95354207775.0,8785.0,13610516401.0,5328.39370886,5314.5314532,0.0026083683542135424
2019-04-23T00:00:00.000Z,6384845.777196396,45.86,98402305964.0,11607.0,16320879652.0,5579.51833638,5399.36541009,0.033365574027151554
2019-04-24T00:00:00.000Z,24329512.664901894,43.07,96530038144.0,9674.0,16624766153.0,5463.38820652,5571.50817669,-0.019405871218560092
2019-04-25T00:00:00.000Z,6031202.238935984,39.14,92046492863.0,9054.0,14501366476.0,5488.74621289,5464.86664182,0.004369653028174698
2019-04-26T00:00:00.000Z,18837583.872281693,40.79,93272287959.0,9235.0,17945905409.0,5288.88051151,5210.51555862,0.015039769483147915
2019-04-27T00:00:00.000Z,4349064.613267624,41.86,93147209261.0,5916.0,14081717921.0,5254.24152473,5279.34821147,-0.004755641366002953
2019-04-28T00:00:00.000Z,3820772.539384069,42.93,93391244394.0,6457.0,12454026248.0,5325.71660604,5271.74639378,0.010237634405873209
2019-04-29T00:00:00.000Z,14632800.400313182,42.5,92737510865.0,7697.0,13190209504.0,5268.48504399,5285.13900822,-0.0031510929427016944
2019-04-30T00:00:00.000Z,3420628.6065149815,38.21,94573826827.0,7583.0,14435669083.0,5282.60346736,5247.35253746,0.006717850506202644
2019-05-01T00:00:00.000Z,28359068.49342612,36.29,95501110090.0,7782.0,13749999360.0,5393.5771169,5350.72669668,0.008008336558581445
2019-05-02T00:00:00.000Z,5478170.510510064,35.71,97334862743.0,8543.0,13728735065.0,5461.49927473,5402.69709069,0.010883857275901942
2019-05-03T00:00:00.000Z,5116152.528213006,35.0,101986240859.0,10454.0,18482575167.0,5794.24537867,5505.55237976,0.05243670007959941
2019-05-04T00:00:00.000Z,4270049.240374743,33.64,103112021258.0,8330.0,16397567441.0,5803.92848611,5768.28940693,0.006178448525343364
2019-05-05T00:00:00.000Z,4161367.986411935,33.36,102494420158.0,7083.0,16804155286.0,5773.92393299,5831.16747167,-0.009816822953226844
2019-05-06T00:00:00.000Z,6735486.12827663,35.36,101640471055.0,7542.0,14842824815.0,5708.0701051000015,5795.70842926,-0.015121244491450272
2019-05-07T00:00:00.000Z,15138043.447946945,37.57,103112368557.0,9626.0,17456346021.0,5937.04526349,5746.80700343,0.03310329717814711
2019-05-08T00:00:00.000Z,7589223.590818388,38.57,105829143585.0,12522.0,16566624097.0,5907.51201824,5829.50151628,0.013382019327405669
2019-05-09T00:00:00.000Z,16146652.910553183,40.79,109238600750.0,12486.0,16041355723.0,6081.37054054,5982.45732286,0.016533877693040114
2019-05-10T00:00:00.000Z,17560507.511552874,39.79,112877755994.0,13375.0,18685017973.0,6304.56155483,6174.52868876,0.021059561405344204
2019-05-11T00:00:00.000Z,13841246.909720276,38.14,127488435181.0,16695.0,24283298997.0,6777.0712941,6379.66690526,0.062292341393614524
2019-05-12T00:00:00.000Z,8415379.69036327,36.14,123389710222.0,12603.0,29067422500.0,7115.46321121,7204.77169716,-0.01239574128146272
2019-05-13T00:00:00.000Z,20539561.582642,35.57,138316573807.0,15607.0,24731164193.0,7265.98373239,6972.37152291,0.04211080957393645
2019-05-14T00:00:00.000Z,27425949.65926944,34.86,141508656734.0,14834.0,34738273457.0,8054.81667041,7814.91513992,0.030697906016220182
2019-05-15T00:00:00.000Z,20013092.952005748,35.79,145254332460.0,14433.0,28572259337.0,7986.11881327,7994.41615632,-0.0010378923098017826
2019-05-16T00:00:00.000Z,9584051.29896024,35.5,139599559277.0,13169.0,33471709178.0,7917.21913979,8205.16749484,-0.03509353772864266
2019-05-17T00:00:00.000Z,5721425.821006275,35.07,130034777632.0,12897.0,30751962731.0,7219.91087905,7884.90929094,-0.08433811821451169
2019-05-18T00:00:00.000Z,4635732.558491118,36.0,128704265237.0,8118.0,25503635991.0,7329.41789828,7343.89571659,-0.0019714084824617104
2019-05-19T00:00:00.000Z,7472329.602404205,36.29,145185076704.0,11381.0,23619359105.0,8014.84803894,7267.96301884,0.10276400941555792
2019-05-20T00:00:00.000Z,13086439.257147335,37.0,141315695727.0,11210.0,23693684283.0,7867.81492472,8197.68969114,-0.04023996746016456
2019-05-21T00:00:00.000Z,11663028.88911701,34.43,141065573610.0,10733.0,22293865752.0,7866.55809722,7978.30907244,-0.014006849597495426
2019-05-22T00:00:00.000Z,9742725.38513179,36.14,136063898960.0,10022.0,24719524939.0,7828.01481012,7963.32777911,-0.01699201298042294
2019-05-23T00:00:00.000Z,5935783.264077779,34.64,139654107034.0,9290.0,25360086661.0,7636.54988368,7680.06654589,-0.005666182962084946
2019-05-24T00:00:00.000Z,6641240.341906095,34.14,141539115575.0,8473.0,24841117449.0,8012.14348656,7881.84672105,0.0165312483382882
2019-05-25T00:00:00.000Z,7172272.53370137,34.71,142755366202.0,8031.0,25210525738.0,8079.69133757,7987.37156583,0.011558216739902788
2019-05-26T00:00:00.000Z,7521133.708702804,34.64,153725486067.0,9838.0,21056836972.0,7932.31933532,8055.20591925,-0.015255548419479929
2019-05-27T00:00:00.000Z,8619035.269253774,33.07,156093754762.0,11116.0,30713138536.0,8705.11935207,8673.21603511,0.0036783722244266744
2019-05-28T00:00:00.000Z,9796743.705084356,34.43,154590202287.0,9503.0,26948735962.0,8725.64562849,8805.778376600001,-0.009100018724402827
2019-05-29T00:00:00.000Z,41981964.21196875,33.71,153537047654.0,9653.0,24229470575.0,8637.49901335,8719.9617362,-0.00945677576859838
2019-05-30T00:00:00.000Z,5406371.017740097,31.71,147525141134.0,11590.0,24930252613.0,8737.44410218,8659.48775584,0.009002420066640194
2019-05-31T00:00:00.000Z,7978186.06601202,30.43,152059886413.0,8949.0,29048295970.0,8276.35842857,8319.47222898,-0.0051822758972398545
2019-06-01T00:00:00.000Z,4431531.485967447,29.36,151890214309.0,7612.0,24033275776.0,8581.90622982,8574.50164907,0.0008635581463563791
2019-06-02T00:00:00.000Z,3879342.7781873117,28.71,155055753426.0,8089.0,21976111031.0,8739.40818125,8564.01647182,0.02048007614267557
2019-06-03T00:00:00.000Z,35746434.55371917,24.93,145619047341.0,9282.0,20814044200.0,8526.89677118,8741.74721596,-0.02457751745414731
2019-06-04T00:00:00.000Z,27741259.44176101,23.86,136742790468.0,10857.0,23471172802.0,7963.47879202,8208.99482964,-0.029908173012062562
2019-06-05T00:00:00.000Z,39585807.98777732,24.21,138824651666.0,7865.0,23887601416.0,7824.41142699,7707.77077085,0.015132865209370643
2019-06-06T00:00:00.000Z,6344725.581672493,25.79,138800725479.0,7965.0,19387392909.0,7857.12933988,7824.23153913,0.004204604705966817
2019-06-07T00:00:00.000Z,4416047.520468972,25.36,142754693587.0,9152.0,21057522898.0,7937.06459466,7822.02338228,0.014707347032561153
2019-06-08T00:00:00.000Z,3069448.38705558,25.29,141093807803.0,5984.0,17341977325.0,8007.70481622,8043.95135807,-0.004506061789351402
2019-06-09T00:00:00.000Z,5019031.862676452,26.29,136465098533.0,6633.0,15911214974.0,7896.82503988,7949.67470562,-0.006648028717783657
2019-06-10T00:00:00.000Z,10805100.110795377,26.21,142023351079.0,7861.0,19221448393.0,7958.75961211,7688.07711075,0.03520808876663219
2019-06-11T00:00:00.000Z,7004514.370463219,26.07,140748537529.0,7575.0,16951592896.0,7802.82048818,8000.32982299,-0.024687649031972517
2019-06-12T00:00:00.000Z,30276016.05993392,25.79,144629140641.0,8267.0,18105034447.0,8005.19263755,7927.71435114,0.009773092593687922
2019-06-13T00:00:00.000Z,3825903.1197802406,28.14,146160317148.0,9044.0,17895572133.0,8118.00057951,8145.54523047,-0.0033815601265050304
2019-06-14T00:00:00.000Z,24527790.815448746,29.5,154398880249.0,12474.0,19163523016.0,8282.39704017,8230.92383068,0.006253636960913109
2019-06-15T00:00:00.000Z,3625790.1845436417,30.0,156982138834.0,9432.0,19773465704.0,8678.44675766,8693.83281543,-0.001769766925203835
2019-06-16T00:00:00.000Z,8317596.63707683,30.93,159670584436.0,11286.0,22554131456.0,9108.11187434,8838.37523367,0.03051880391346502
2019-06-17T00:00:00.000Z,9555946.987905437,33.14,165573372261.0,11135.0,20503892534.0,9289.7832025,8988.92370914,0.03347002412024986
2019-06-18T00:00:00.000Z,7071102.771303722,36.0,161353637185.0,11505.0,15911087318.0,9194.82350024,9320.35218253,-0.013468233799715191
2019-06-19T00:00:00.000Z,17754781.030979566,37.5,164780855868.0,9166.0,15933663189.0,9137.64027078,9081.76285149,0.006152706275613935
2019-06-20T00:00:00.000Z,5329772.43953976,37.64,169304784791.0,10197.0,16172097666.0,9263.9480627,9273.52176614,-0.0010323697599929132
2019-06-21T00:00:00.000Z,13278622.800188962,38.14,180293241528.0,13414.0,20377456720.0,9835.86356311,9527.16035008,0.03240243699975188
2019-06-22T00:00:00.000Z,13496038.332734013,38.29,190214124823.0,19089.0,25526177909.0,10861.4068368,10144.5567168,0.07066352330731733
2019-06-23T00:00:00.000Z,8018371.665229906,37.43,192970090354.0,11809.0,24855811223.0,10642.9323863,10701.691013,-0.005490592713677016
2019-06-24T00:00:00.000Z,9808390.792148393,38.07,195762668679.0,11791.0,20799465117.0,10884.7898511,10855.3710156,0.0027100718582279176
2019-06-25T00:00:00.000Z,19723993.026893035,40.36,209647943360.0,15263.0,21627764773.0,11379.6382312,11011.1024485,0.033469471783018866
2019-06-26T00:00:00.000Z,27021505.343226586,39.43,231477999228.0,26395.0,32335205757.0,12656.0575791,11790.916533,0.07337351966479241
2019-06-27T00:00:00.000Z,21107638.398743007,36.86,198878940963.0,18066.0,44867339668.0,12128.804383600003,13017.1248668,-0.0682424492574122
2019-06-28T00:00:00.000Z,46729877.41906261,36.14,220681459665.0,13430.0,39492698652.0,12078.4785569,11182.8062855,0.08009369459983916
2019-06-29T00:00:00.000Z,8791373.267718945,37.36,212252658549.0,9883.0,30848872040.0,11966.2666527,12407.331998,-0.03554876627554555
2019-06-30T00:00:00.000Z,33362219.961669113,37.64,192442065810.0,9770.0,27642858374.0,11585.9556249,11931.990728,-0.029000617833869383
2019-07-01T00:00:00.000Z,6322063.893628747,35.36,188297637573.0,10662.0,28161504893.0,10989.4698365,10817.1555981,0.01592971801480464
2019-07-02T00:00:00.000Z,12834605.530250315,37.57,192206536805.0,13793.0,31169957917.0,10027.0230692,10583.1345195,-0.05254695093172382
2019-07-03T00:00:00.000Z,11062989.668265762,37.43,212867079175.0,11952.0,30126348951.0,11208.785050700002,10801.6779238,0.03768924881596387
2019-07-04T00:00:00.000Z,19022653.21675088,35.93,199617404431.0,11299.0,28572892553.0,11748.4517016,11961.2693412,-0.017792228694906154
2019-07-05T00:00:00.000Z,10338779.234946808,38.07,195424678267.0,9152.0,24905426081.0,11232.8452561,11215.4375483,0.0015521202561231808
2019-07-06T00:00:00.000Z,2400642.7198926667,40.5,199546110914.0,8245.0,22523502717.0,11341.8133049,10978.4599518,0.03309693296648816
2019-07-07T00:00:00.000Z,3584800.0911328844,41.14,203881891345.0,8393.0,19129322437.0,11310.5562568,11208.5508454,0.009100677938385105
2019-07-08T00:00:00.000Z,8995161.526762968,43.14,218778355444.0,10527.0,21995288962.0,11898.6724014,11450.8467553,0.0391085179698807
2019-07-09T00:00:00.000Z,9154868.142722,43.36,223887599035.0,12271.0,28267236094.0,12315.3823157,12285.958217,0.0023949372267347666
2019-07-10T00:00:00.000Z,15570059.13711564,46.14,216515999522.0,14988.0,26947450315.0,13009.5582515,12571.5371616,0.03484228573399481
2019-07-11T00:00:00.000Z,12605559.31988737,47.14,202324174691.0,11770.0,34376897235.0,11622.4882969,12156.5126313,-0.043929073295660544
2019-07-12T00:00:00.000Z,9163453.586011376,49.0,210494417831.0,12592.0,26800617421.0,11700.4303771,11358.661752,0.03008881086188009
2019-07-13T00:00:00.000Z,3434218.3310305667,48.86,202968191000.0,8127.0,21110938883.0,11300.944110200002,11815.986686700002,-0.04358862193706841
2019-07-14T00:00:00.000Z,5121440.148124584,49.0,182741933551.0,10011.0,21586943104.0,10684.4708521,11392.3793357,-0.062138773889107414
2019-07-15T00:00:00.000Z,5473747.85902517,48.93,194147627474.0,11122.0,25094483349.0,10361.756141,10256.0582756,0.010305895555553087
2019-07-16T00:00:00.000Z,8770359.460401611,47.79,168908640950.0,12321.0,22097506343.0,10750.527641600003,10895.0893874,-0.013268523153851429
2019-07-17T00:00:00.000Z,21488659.17619354,44.29,172777250514.0,12205.0,26444458331.0,9208.94330378,9477.64204235,-0.028350800480683176
2019-07-18T00:00:00.000Z,7778435.185170776,47.0,189906635095.0,10708.0,22832729036.0,9819.2078823,9693.80272448,0.012936631927046641
2019-07-19T00:00:00.000Z,32010730.41382449,45.79,187725578627.0,9367.0,24837571009.0,10327.1690275,10653.956443,-0.030672869487345326
2019-07-20T00:00:00.000Z,11541037.98672386,42.79,191963691255.0,8728.0,19395198794.0,10586.2334267,10530.7326264,0.005270364586112712
2019-07-21T00:00:00.000Z,6025317.022579633,42.0,188987475961.0,7591.0,19066985376.0,10594.0650657,10767.1395226,-0.016074320996465236
2019-07-22T00:00:00.000Z,4851359.572748678,40.36,184443440747.0,8305.0,15830164891.0,10572.1103203,10599.1053965,-0.002546920253186178
2019-07-23T00:00:00.000Z,4149730.407649269,40.14,176572890701.0,8211.0,17639434216.0,10021.0241584,10343.1061684,-0.03113977607462031
2019-07-24T00:00:00.000Z,48857432.47107486,43.21,175005760793.0,8134.0,17038914003.0,9728.60904136,9900.76801058,-0.01738844593025812
2019-07-25T00:00:00.000Z,19773227.47484991,46.0,176806451137.0,7717.0,17249594550.0,10093.1209593,9811.92618837,0.0286584678208544
2019-07-26T00:00:00.000Z,6252600.318403598,46.43,176085968354.0,7273.0,15150352959.0,9847.76480951,9911.84226491,-0.006464737198941068
2019-07-27T00:00:00.000Z,4439650.939787715,45.93,169099540423.0,7196.0,16300961861.0,9524.39635482,9870.30353766,-0.0350452426837934
2019-07-28T00:00:00.000Z,2113648.754895264,45.14,170378420302.0,6724.0,13441285678.0,9538.63492708,9477.67767811,0.006431665123070129
2019-07-29T00:00:00.000Z,263626128.8883837,48.21,169937148946.0,6815.0,14844045456.0,9486.24720946,9548.17889422,-0.0064862300388496795
2019-07-30T00:00:00.000Z,5989098.810851337,49.64,171412259924.0,6550.0,13538001409.0,9542.61590445,9522.32895542,0.0021304608489137373
2019-07-31T00:00:00.000Z,4046055.3099481836,53.5,180028959602.0,7872.0,14411745893.0,9764.62404237,9604.05115871,0.016719286580889794
2019-08-01T00:00:00.000Z,8333581.035589787,52.29,185653203391.0,7876.0,16973643870.0,9980.69787858,10085.6277491,-0.010403900791337793
2019-08-02T00:00:00.000Z,4027968.5637980495,55.71,187810795910.0,7746.0,17707722171.0,10507.8624317,10399.6694229,0.01040350461157532
2019-08-03T00:00:00.000Z,1951124.0303521047,55.71,193233960601.0,7151.0,17920671353.0,10779.5516592,10519.278349,0.024742506240909838
2019-08-04T00:00:00.000Z,7516414.803677454,58.07,195907875403.0,6651.0,14396398510.0,10692.9960326,10821.7265103,-0.01189555821591636
2019-08-05T00:00:00.000Z,31083000.959034383,60.71,210954040639.0,10190.0,22761530145.0,11755.5651284,10970.1842157,0.07159231761814894
2019-08-06T00:00:00.000Z,20971708.22092024,58.79,205023347814.0,9620.0,23571580704.0,11812.5040644,11811.5450274,8.119488159896062e-05
2019-08-07T00:00:00.000Z,9980018.487063656,53.57,213330426788.0,9366.0,20173759964.0,11693.5982393,11478.1693461,0.018768575955293392
2019-08-08T00:00:00.000Z,8555850.318578044,51.86,213788089212.0,8158.0,22116180916.0,11837.0082839,11941.9683406,-0.008789175595379803
2019-08-09T00:00:00.000Z,4085974.602583911,51.43,211936660794.0,8906.0,19693747421.0,11725.1694986,11966.407405,-0.02015959328772324
2019-08-10T00:00:00.000Z,4384431.799555998,52.93,202890020454.0,6984.0,17533892268.0,11456.7651478,11861.5566954,-0.03412634260366357
2019-08-11T00:00:00.000Z,6223345.6348119965,52.64,205941632234.0,6282.0,17450932361.0,11427.5942594,11354.0242177,0.006479644599076088
2019-08-12T00:00:00.000Z,5055627.532952167,49.71,203441494985.0,6373.0,14057981113.0,11342.5796237,11523.5793784,-0.01570690397111069
2019-08-13T00:00:00.000Z,8850434.018141152,45.86,194762696644.0,7145.0,14053987138.0,11280.2392697,11382.6159562,-0.008994126384825992
2019-08-14T00:00:00.000Z,6240550.1566653885,48.71,179692803424.0,9504.0,18873086639.0,10555.5936627,10895.8304358,-0.03122632782372376
2019-08-15T00:00:00.000Z,4523742.141496282,51.86,184357666577.0,8919.0,23236746483.0,10161.5892028,10051.7039313,0.010932004389606963
2019-08-16T00:00:00.000Z,3512402.875495673,53.5,185500055338.0,7049.0,21450038434.0,10055.5688981,10311.545429,-0.024824264477378517
2019-08-17T00:00:00.000Z,3062721.559191553,54.21,182966857173.0,5481.0,15650435171.0,10365.4096328,10374.3393471,-0.0008607501645390574
2019-08-18T00:00:00.000Z,2132488.447536744,52.57,185022920955.0,6011.0,13634925397.0,10389.1914938,10231.7438454,0.015388153845425313
2019-08-19T00:00:00.000Z,6086781.816394377,56.57,195243306008.0,6484.0,15038002378.0,10724.3638728,10345.8103795,0.03659002817701875
2019-08-20T00:00:00.000Z,6622106.545411474,56.0,192530283565.0,7450.0,15440456498.0,10709.1277046,10916.0538702,-0.018956132688653586
2019-08-21T00:00:00.000Z,6823691.835615513,57.07,181364502141.0,8166.0,16985251739.0,10189.730346200002,10763.2326304,-0.05328346082385889
2019-08-22T00:00:00.000Z,3664432.7442785767,55.07,181257125782.0,7691.0,18442110065.0,9977.41242724,10138.049355,-0.015844954205196687
2019-08-23T00:00:00.000Z,18512468.269412894,57.07,186231409722.0,6788.0,15209609457.0,10166.5878834,10131.0561021,0.003507213951034681
2019-08-24T00:00:00.000Z,2834815.591532262,56.29,181813631752.0,5809.0,16338533708.0,10044.1815868,10407.965329,-0.0349524360142112
2019-08-25T00:00:00.000Z,4827565.858242508,58.0,181450186164.0,5821.0,13250738189.0,10154.0281317,10159.9605385,-0.0005839005749599483
2019-08-26T00:00:00.000Z,6608969.773613772,57.79,185625235888.0,6535.0,18703852716.0,10361.3233128,10138.517665,0.021976156195807943
2019-08-27T00:00:00.000Z,9540591.967078222,57.86,182325540954.0,6832.0,15671443633.0,10141.0587206,10370.8201605,-0.022154606515606957
2019-08-28T00:00:00.000Z,4854308.324280074,52.36,174627460399.0,7870.0,13508815372.0,10159.980881799998,10185.4998997,-0.002505426159864137
2019-08-29T00:00:00.000Z,4463068.542831399,49.14,170274910132.0,6719.0,20121037206.0,9486.10254442,9754.42327325,-0.027507595407083488
2019-08-30T00:00:00.000Z,3061758.186506416,43.64,171869216523.0,5614.0,15175301618.0,9600.72399335,9510.20054413,0.009518563651728007
2019-08-31T00:00:00.000Z,1964640.1908360738,43.93,172470743516.0,4805.0,11566297790.0,9602.95835122,9598.17364826,0.0004985013957178373
2019-09-01T00:00:00.000Z,2952163.7403795263,43.5,174768292883.0,5043.0,11122457195.0,9612.90404524,9630.66384768,-0.0018440891220886878
2019-09-02T00:00:00.000Z,4399189.745575835,35.64,185333114163.0,6537.0,12370309471.0,9847.08511503,9757.97031807,0.009132513632981244
2019-09-03T00:00:00.000Z,6503166.881815158,36.43,190270214208.0,7527.0,19165619471.0,10414.386184,10346.7607927,0.006535899752095565
2019-09-04T00:00:00.000Z,5332927.05461154,34.86,189810010607.0,6306.0,18453790435.0,10534.163051,10621.1803306,-0.008192806909538945
2019-09-05T00:00:00.000Z,7980345.132889511,36.5,189492405382.0,5938.0,16620883986.0,10583.3176777,10594.4933536,-0.0010548570400679598
2019-09-06T00:00:00.000Z,93075546.86130372,34.14,185530405363.0,6883.0,15934720505.0,10859.4808324,10575.533284,0.02684947801446487
2019-09-07T00:00:00.000Z,2922160.184792611,34.86,188488525926.0,4939.0,18131928508.0,10427.1999943,10353.3025592,0.0071375712896878715
2019-09-08T00:00:00.000Z,3444063.6590346415,34.93,187150078006.0,4959.0,15215427890.0,10444.1819788,10517.254784,-0.006947897212794318
2019-09-09T00:00:00.000Z,9080674.082666744,38.64,185263578990.0,5655.0,15584391446.0,10434.6503953,10441.275979,-0.0006345568983452294
2019-09-10T00:00:00.000Z,3881286.655486586,40.07,181360731382.0,6725.0,15583952894.0,10286.4423768,10334.9741628,-0.004695878793261646
2019-09-11T00:00:00.000Z,5482534.062615836,38.43,182502788242.0,7067.0,15998727636.0,10098.4102477,10115.9757913,-0.0017364161364546494
2019-09-12T00:00:00.000Z,5540336.524124421,34.57,186678943058.0,6152.0,14380704431.0,10202.2050497,10178.3718893,0.002341549381297017
2019-09-13T00:00:00.000Z,4481270.615895283,33.29,185809163035.0,5255.0,15393062394.0,10318.2609113,10410.1268031,-0.008824665975504124
2019-09-14T00:00:00.000Z,3330049.6115295826,33.29,185784300332.0,4453.0,12559879317.0,10318.8227085,10360.547277299998,-0.004027255287123408
2019-09-15T00:00:00.000Z,4765370.232517478,33.64,185618174383.0,4495.0,14053794893.0,10354.809397399997,10358.0491621,-0.00031277749789563485
2019-09-16T00:00:00.000Z,4009650.4424491273,36.71,184366827555.0,6157.0,12471351843.0,10358.5774477,10347.7129074,0.0010499460506129188
2019-09-17T00:00:00.000Z,6258819.483846021,36.93,183748515827.0,6720.0,15140403368.0,10216.5876183,10276.7935649,-0.005858436896663011
2019-09-18T00:00:00.000Z,14997844.15439527,40.71,182998899156.0,7204.0,16366800978.0,10206.9581338,10241.2721545,-0.0033505623307669
2019-09-19T00:00:00.000Z,4165188.40759412,40.93,184240949577.0,7088.0,17524293561.0,9879.12540592,10198.2484072,-0.0312919423549929
2019-09-20T00:00:00.000Z,5963399.828823454,40.86,182738947695.0,5589.0,16915669613.0,10172.3450585,10266.4149694,-0.00916287829591769
2019-09-21T00:00:00.000Z,3186742.6917268564,39.5,179853287294.0,4763.0,14360169107.0,10069.9516099,10181.6413094,-0.010969714617316693
2019-09-22T00:00:00.000Z,1515255.944859155,38.21,180740438031.0,5274.0,13290853162.0,10042.2154638,10019.716910100002,0.0022454280796415193
2019-09-23T00:00:00.000Z,6280247.64006977,34.64,174674558022.0,6494.0,12710611303.0,9956.83821447,10067.9626513,-0.011037430379785013
2019-09-24T00:00:00.000Z,36086346.959402815,35.0,154785821876.0,10070.0,16263055812.0,9743.27713767,9729.32376435,0.0014341565413958388
2019-09-25T00:00:00.000Z,10667824.89420078,37.07,152404005090.0,8319.0,29043076603.0,8394.53247928,8620.56642733,-0.026220312778218315
2019-09-26T00:00:00.000Z,9955558.26675075,40.5,145812492487.0,8141.0,17170443356.0,8448.43419317,8486.99297206,-0.004543279229397093
2019-09-27T00:00:00.000Z,6385742.809735004,41.5,148212635834.0,7202.0,19925567393.0,8030.07631087,8118.96756783,-0.010948591211549596
2019-09-28T00:00:00.000Z,4832803.131995843,40.93,148122503615.0,4926.0,14824189420.0,8214.34381994,8251.84555744,-0.004544648495776399
2019-09-29T00:00:00.000Z,3268870.185484818,41.29,145591105700.0,4422.0,13743247452.0,8155.31461981,8245.91515478,-0.010987323210266069
2019-09-30T00:00:00.000Z,6878141.046658582,43.0,149011567415.0,5917.0,15617205847.0,8072.59769992,8104.22636732,-0.003902737407180631
2019-10-01T00:00:00.000Z,4300119.98151049,43.21,149913972767.0,5862.0,15859920300.0,8377.99504212,8293.86774062,0.010143313606024532
2019-10-02T00:00:00.000Z,3984194.6351821325,43.64,150823797662.0,6261.0,14304401596.0,8318.75805039,8343.276681399999,-0.0029387292242936585
2019-10-03T00:00:00.000Z,4194123.093237521,43.64,148439221734.0,6522.0,12788167422.0,8266.59050761,8393.04164486,-0.01506618727758134
2019-10-04T00:00:00.000Z,4880989.02396189,44.64,147491804056.0,6105.0,14268938178.0,8198.84154559,8259.49447523,-0.007343419118675709
2019-10-05T00:00:00.000Z,2001652.8381262969,44.93,146529229668.0,5033.0,12045789782.0,8130.75523631,8205.93924121,-0.009162144964762623
2019-10-06T00:00:00.000Z,2256695.510228166,45.64,143607672862.0,6252.0,12840799055.0,8045.04254845,8151.50052921,-0.013059924412507844
2019-10-07T00:00:00.000Z,7046460.097015033,47.93,148252589805.0,6646.0,15194562400.0,8035.4534828,7988.15595888,0.005920956496526882
2019-10-08T00:00:00.000Z,13169935.83970455,49.57,147966069981.0,5377.0,17734403851.0,8205.85955442,8245.622933,-0.0048223619856375965
2019-10-09T00:00:00.000Z,3479768.7414906067,52.29,154579656110.0,6843.0,14526470730.0,8213.84140692,8228.7831528,-0.0018157904519474008
2019-10-10T00:00:00.000Z,3729260.4047896382,55.21,154430515160.0,6154.0,21005935416.0,8548.1363513,8595.73981722,-0.005538030109361225
2019-10-11T00:00:00.000Z,5577233.562255406,57.86,149685618275.0,5845.0,19741322049.0,8363.83685997,8586.47342543,-0.025928754964830058
2019-10-12T00:00:00.000Z,3152778.932030663,59.14,149965767624.0,4085.0,16253694194.0,8359.00285872,8321.75671178,0.004475755327871368
2019-10-13T00:00:00.000Z,1308256.2587000516,60.71,149700817938.0,4568.0,12871117538.0,8381.86092381,8336.55527417,0.005434576770620778
2019-10-14T00:00:00.000Z,117775393.04096818,59.29,150680499056.0,5181.0,15157838978.0,8334.62736706,8321.00574668,0.001637016100539818
2019-10-15T00:00:00.000Z,14845413.17156367,61.43,147650082214.0,5694.0,14747672273.0,8319.8222594,8374.6864467,-0.006551193008738688
2019-10-16T00:00:00.000Z,5532017.404502029,58.86,144823993562.0,6905.0,15493048159.0,8100.04504983,8205.36931588,-0.012836017733676416
2019-10-17T00:00:00.000Z,5698500.454011946,64.14,145853994297.0,6761.0,15891227871.0,8103.86711077,8047.52686305,0.007000939379113409
2019-10-18T00:00:00.000Z,8914222.738297978,66.07,143517630375.0,6552.0,15226305096.0,7946.34365751,8103.91137325,-0.019443415467265714
2019-10-19T00:00:00.000Z,2671243.3602573,65.43,143808163806.0,5178.0,13402339885.0,7982.5546141,7973.20744597,0.001172322204500667
2019-10-20T00:00:00.000Z,3451515.2411974096,65.64,148026597063.0,5277.0,14136734011.0,7988.28564748,7988.56044241,-3.4398554280350125e-05
2019-10-21T00:00:00.000Z,7653858.104031622,67.86,148432733155.0,5600.0,16314561232.0,8256.08668993,8222.07826034,0.00413623277633377
2019-10-22T00:00:00.000Z,10029014.9454293,66.43,145469660005.0,6315.0,16689111828.0,8284.80702454,8243.72113905,0.004983900449443695
2019-10-23T00:00:00.000Z,6177261.725798992,66.86,135337364281.0,8636.0,16650913513.0,8036.82123736,8078.20332194,-0.0051226842072182545
2019-10-24T00:00:00.000Z,16363649.03843915,66.57,134968410276.0,7432.0,22417582216.0,7484.34958247,7514.67201276,-0.004035096972763681
2019-10-25T00:00:00.000Z,13710771.611594932,65.93,156130471440.0,9125.0,16798366636.0,7614.72455234,7493.48873154,0.01617882206050695
2019-10-26T00:00:00.000Z,7008926.82316246,67.14,166547360781.0,10591.0,47397834025.0,9215.98663282,8667.57715496,0.06327136961753782
2019-10-27T00:00:00.000Z,4827234.5050490135,65.57,172087039875.0,7110.0,30264102576.0,9339.20075324,9244.97220867,0.010192409716670837
2019-10-28T00:00:00.000Z,26749843.12353336,65.21,166777392742.0,6844.0,36598488641.0,9419.75778187,9551.7149631,-0.013815025023231377
2019-10-29T00:00:00.000Z,10372775.200813007,65.36,169883866262.0,6972.0,27725895279.0,9450.72960236,9256.14838876,0.021021833858701315
2019-10-30T00:00:00.000Z,5250901.240387179,67.36,165899500650.0,6956.0,28768559183.0,9136.61148649,9427.68758384,-0.030874601514048226
2019-10-31T00:00:00.000Z,17169204.188866973,64.29,165804227834.0,6867.0,25283384749.0,9136.25325142,9205.72655905,-0.007546748991984977
2019-11-01T00:00:00.000Z,37775197.43187551,65.86,166904227325.0,6014.0,26430734700.0,9208.97607207,9199.58483269,0.0010208329561383128
2019-11-02T00:00:00.000Z,4648321.726256662,68.21,168090392934.0,5588.0,22376164549.0,9285.45472482,9259.78300285,0.002772389154486564
2019-11-03T00:00:00.000Z,4732922.097315138,67.43,166495319475.0,4827.0,22034843360.0,9209.8409651,9324.71776331,-0.012319600563354956
2019-11-04T00:00:00.000Z,5010647.78586039,75.0,169706332936.0,6115.0,20623320040.0,9245.91885499,9235.35487947,0.0011438624349438256
2019-11-05T00:00:00.000Z,28658999.93350056,79.07,168459778835.0,6061.0,28696918494.0,9307.90580334,9412.61187106,-0.01112401840789056
2019-11-06T00:00:00.000Z,19885373.81597042,81.43,168806151582.0,6265.0,25562977758.0,9404.18398244,9342.52717939,0.006599585087214698
2019-11-07T00:00:00.000Z,10810346.839555958,79.86,167138722904.0,6116.0,22797963701.0,9240.29964763,9360.87991187,-0.012881295922523295
2019-11-08T00:00:00.000Z,4628416.6749464525,80.5,158808570728.0,6093.0,21953948880.0,9065.40533764,9267.56114253,-0.021813269077047732
2019-11-09T00:00:00.000Z,2188749.073488082,78.29,158981489715.0,5882.0,21493281733.0,8851.19043761,8804.88071936,0.005259550892969372
2019-11-10T00:00:00.000Z,1632786.413004112,78.29,163364406731.0,4916.0,18270911005.0,8871.30203363,8813.58248677,0.0065489313734389655
2019-11-11T00:00:00.000Z,5131796.345868482,77.64,158009772437.0,5677.0,22752096536.0,8753.13000126,9055.52605732,-0.033393538282136384
2019-11-12T00:00:00.000Z,5047726.929492291,74.86,159068712900.0,5877.0,17866138988.0,8790.56837663,8757.78854226,0.0037429351270386406
2019-11-13T00:00:00.000Z,38658885.39893555,73.07,158949942842.0,5904.0,19879212537.0,8809.27055641,8815.66253925,-0.0007250711800208272
2019-11-14T00:00:00.000Z,4142123.971944424,72.29,157160974643.0,6279.0,18892818010.0,8718.41396561,8808.2625823,-0.01020049253192666
2019-11-15T00:00:00.000Z,7536040.569623982,69.71,153277483625.0,6590.0,20115150672.0,8675.92356066,8708.09509517,-0.003694439961713817
2019-11-16T00:00:00.000Z,1487848.4636882446,66.93,154354054193.0,4973.0,19459836040.0,8539.97581538,8491.99201234,0.005650476704437765
2019-11-17T00:00:00.000Z,1918418.872874119,67.07,154861842424.0,5161.0,17656245956.0,8597.09866851,8550.76055694,0.0054191801140297795
2019-11-18T00:00:00.000Z,16099282.524266472,58.79,150025712267.0,6054.0,17949928239.0,8536.74998117,8577.9757816,-0.0048060056917426435
2019-11-19T00:00:00.000Z,5523674.096720811,55.21,148132643190.0,6606.0,23321805180.0,8132.87393571,8309.28598342,-0.02123071080499644
2019-11-20T00:00:00.000Z,4144658.655328696,53.71,144962727397.0,5949.0,21664262625.0,8103.91840099,8203.61317991,-0.012152545071742894
2019-11-21T00:00:00.000Z,13220215.145497175,53.0,138031885378.0,9132.0,19205800109.0,7963.76815882,8027.26824331,-0.00791054722045961
2019-11-22T00:00:00.000Z,30502866.08030682,52.93,131791783672.0,10883.0,29489981250.0,7155.50503759,7642.74994484,-0.0637525642951283
2019-11-23T00:00:00.000Z,14075697.027458228,54.93,133636205957.0,7231.0,26710951659.0,7229.4094036,7296.57756843,-0.009205434218998177
2019-11-24T00:00:00.000Z,23998920.59127945,54.86,127327398565.0,7601.0,23087185603.0,7282.29102996,7397.7968154,-0.015613538506430952
2019-11-25T00:00:00.000Z,18744174.747714024,55.14,129112952930.0,9921.0,45455024974.0,6928.98173435,7047.91688176,-0.016875219927437617
2019-11-26T00:00:00.000Z,9244072.750907423,56.0,130429018719.0,6545.0,26912602579.0,7191.64498565,7146.13390214,0.00636863010590545
2019-11-27T00:00:00.000Z,11615449.35736311,54.14,136102712894.0,7072.0,19311142364.0,7077.11687737,7218.37133433,-0.01956874347655192
2019-11-28T00:00:00.000Z,2534388.9753147205,50.21,134879411013.0,6244.0,22569265825.0,7571.54135975,7531.663644600001,0.0052946755234602365
2019-11-29T00:00:00.000Z,5481595.116638954,46.93,140280108520.0,7580.0,17924114071.0,7553.06088015,7463.106128300001,0.01205325909930346
2019-11-30T00:00:00.000Z,5692463.403155784,48.29,136829391048.0,5573.0,19272868471.0,7724.25740959,7761.24360172,-0.0047654981634390635
2019-12-01T00:00:00.000Z,3258760.8037592717,48.0,134215145409.0,6617.0,18617345994.0,7352.87257972,7569.63012202,-0.028635156382272063
2019-12-02T00:00:00.000Z,6619702.627231701,46.71,132378982376.0,7135.0,17741414157.0,7291.68862034,7424.29226516,-0.017860779194034396
2019-12-03T00:00:00.000Z,6784426.955395209,46.14,132359942301.0,6778.0,15584914468.0,7294.86268117,7321.98811242,-0.003704653822639874
2019-12-04T00:00:00.000Z,10509161.504681837,41.43,131143073943.0,7629.0,15981723158.0,7259.11013611,7320.1454684,-0.00833799445017598
2019-12-05T00:00:00.000Z,3496476.4800148783,41.93,134706455047.0,6573.0,22804542256.0,7443.63312907,7252.03458617,0.026419970923110103
2019-12-06T00:00:00.000Z,3643705.474929538,40.57,136504883934.0,6410.0,17821023250.0,7409.49247215,7448.30752084,-0.005211257534869077
2019-12-07T00:00:00.000Z,2237366.321045424,39.0,136686769529.0,4956.0,17335699425.0,7566.87222083,7546.99669772,0.002633567219660237
2019-12-08T00:00:00.000Z,2025204.474700693,39.5,136801283363.0,5532.0,15197533018.0,7579.26950957,7556.23803387,0.0030480082280049422
2019-12-09T00:00:00.000Z,4391273.344452585,42.64,133904005787.0,6721.0,15418154779.0,7492.45127014,7561.79517117,-0.009170296134756402
2019-12-10T00:00:00.000Z,8693565.184656233,41.14,131696121854.0,6939.0,18990394799.0,7359.56579347,7400.89935576,-0.00558493776270991
2019-12-11T00:00:00.000Z,8731137.186377004,44.5,130603834050.0,5656.0,17103398657.0,7288.71898084,7278.1197833000015,0.0014563098513876713
2019-12-12T00:00:00.000Z,5276818.151144909,48.79,131087151088.0,6582.0,18058923665.0,7221.63301727,7217.09216142,0.0006291808041851112
2019-12-13T00:00:00.000Z,4370114.63213719,50.57,131546022782.0,6558.0,17462228715.0,7268.01030545,7243.13436273,0.003434416852461007
2019-12-14T00:00:00.000Z,4493011.049693257,49.36,128980496376.0,5401.0,16661857945.0,7219.07962426,7267.73124694,-0.0066941967206732705
2019-12-15T00:00:00.000Z,4019768.969962585,49.29,129481424648.0,4587.0,17507657241.0,7118.25358909,7125.24632087,-0.0009814021109022363
2019-12-16T00:00:00.000Z,4789820.592758568,47.71,125498280580.0,7041.0,17351245774.0,7138.03962265,7152.30184412,-0.0019940743247190552
2019-12-17T00:00:00.000Z,7406333.225741442,48.0,119706747014.0,8376.0,20837702261.0,6957.41191109,6931.52911795,0.0037340668558938322
2019-12-18T00:00:00.000Z,15216667.744625667,47.71,131769241476.0,6652.0,25326923684.0,6668.1182268,6611.38163978,0.008581653595463607
2019-12-19T00:00:00.000Z,7175973.475479465,45.07,130462753229.0,5889.0,33789948908.0,7168.23924702,7277.59099229,-0.015025816288088854
2019-12-20T00:00:00.000Z,15623513.010255387,42.5,130752796980.0,5034.0,22624261747.0,7198.162580399999,7203.78275254,-0.0007801695766046705
2019-12-21T00:00:00.000Z,3695995.540522474,41.64,130267655889.0,4197.0,21900662072.0,7187.39633395,7218.81638679,-0.004352521404685872
2019-12-22T00:00:00.000Z,2923149.4772163774,40.71,136132872374.0,5203.0,19176818892.0,7215.49533671,7191.15846913,0.0033842763560936553
2019-12-23T00:00:00.000Z,6304339.405813515,34.07,133253324534.0,6412.0,26935525507.0,7575.745087199999,7514.07499421,0.008207276748970305
2019-12-24T00:00:00.000Z,4051634.468204848,32.5,132431727333.0,5287.0,25938019084.0,7454.43782752,7354.39283808,0.013603432892784996
2019-12-25T00:00:00.000Z,14551055.363385573,27.71,131760273922.0,4503.0,22073422309.0,7267.74205883,7308.428049699999,-0.0055669961574936816
2019-12-26T00:00:00.000Z,14111258.542476267,22.36,131239132515.0,5439.0,21306239182.0,7234.05364934,7270.72575618,-0.005043802788026847
2019-12-27T00:00:00.000Z,5533625.390629605,20.93,132182090156.0,5164.0,23929877164.0,7213.49925135,7241.13928498,-0.0038170835475203305
2019-12-28T00:00:00.000Z,3849370.990412205,23.07,132659059740.0,4920.0,22817868146.0,7325.61209246,7292.44809679,0.004547717752643074
2019-12-29T00:00:00.000Z,3227436.8671723963,24.64,134527690579.0,5318.0,20800310811.0,7380.19489663,7317.99003408,0.008500266092234365
2019-12-30T00:00:00.000Z,7593800.30531247,23.5,132374088214.0,5470.0,23367884623.0,7348.4215022,7420.27278806,-0.009683105717570924
2019-12-31T00:00:00.000Z,5234349.973554791,20.79,130516350729.0,5221.0,22194407339.0,7284.04668253,7300.67426507,-0.002277540667655085
2020-01-01T00:00:00.000Z,1927691.526877034,18.5,130586492605.0,4531.0,20316387735.0,7204.5388118,7197.48226269,0.0009804191038551198
2020-01-02T00:00:00.000Z,7301536.241348215,20.0,126699395235.0,6012.0,19295178124.0,7158.91059072,7200.50136362,-0.005776094024526451
2020-01-03T00:00:00.000Z,4018752.8719467167,24.93,133274402392.0,7028.0,25669674606.0,7337.60838909,6985.47000061,0.05041012107263357
2020-01-04T00:00:00.000Z,6015114.756273298,27.5,134438747276.0,5898.0,24572740146.0,7353.42004445,7347.15221902,0.0008530958993573073
2020-01-05T00:00:00.000Z,2898432.9943761937,28.86,134460018969.0,6780.0,19298908652.0,7487.79542401,7410.45169373,0.010437114156676856
2020-01-06T00:00:00.000Z,4723805.878210704,31.57,141205575254.0,6942.0,20969602949.0,7574.67267403,7410.81254092,0.022110953718667104
2020-01-07T00:00:00.000Z,6406116.257985443,34.29,148120356462.0,8458.0,24943881897.0,7949.68387129,7781.86718275,0.021565092875395955
2020-01-08T00:00:00.000Z,6542744.428610005,37.14,146645162431.0,8516.0,30649876478.0,8339.72654507,8161.93547734,0.02178295432787988
2020-01-09T00:00:00.000Z,7888858.871620097,39.43,143016572819.0,5927.0,27820014325.0,7899.20260602,8079.86277673,-0.02235931174849924
2020-01-10T00:00:00.000Z,6304920.486011487,39.64,148249907277.0,6833.0,24305423047.0,7819.43274748,7879.07152428,-0.007569264553090774
2020-01-11T00:00:00.000Z,2136329.991880844,37.79,145924199942.0,6061.0,28995830274.0,8081.73115124,8166.55414039,-0.010386631581915743
2020-01-12T00:00:00.000Z,3393984.093861021,35.93,148752956966.0,5485.0,24480708801.0,8135.03958905,8037.53738872,0.012130854963963976
2020-01-13T00:00:00.000Z,3908669.5059217364,37.57,147890525973.0,5863.0,22650813261.0,8137.72214292,8192.49400532,-0.006685615194156181
2020-01-14T00:00:00.000Z,20945033.10811144,39.29,160319484883.0,9408.0,30215537197.0,8577.26226727,8144.19451744,0.05317502533892427
2020-01-15T00:00:00.000Z,11044249.238425186,42.43,159959191212.0,8208.0,46497982843.0,8745.78214316,8827.76442606,-0.009286867993212737
2020-01-16T00:00:00.000Z,11871224.14312249,42.29,158465055984.0,6434.0,34798374116.0,8680.81038311,8807.01027532,-0.014329481658906731
2020-01-17T00:00:00.000Z,4154723.526545034,39.29,162211148778.0,7719.0,34446801790.0,8907.49395589,8723.78576573,0.02105831058823907
2020-01-18T00:00:00.000Z,3413916.76981534,39.43,162451199563.0,6041.0,32995052279.0,8861.45442199,8929.037677600001,-0.007568929379651437
2020-01-19T00:00:00.000Z,4720631.4878294105,39.07,158194319735.0,7930.0,34670086631.0,8670.579147700002,8941.44574506,-0.030293378172053163
2020-01-20T00:00:00.000Z,3844399.946717651,38.29,157327553259.0,6355.0,29017343220.0,8653.8503771,8706.24512993,-0.006018065428674742
2020-01-21T00:00:00.000Z,5477229.545175659,36.64,158947996834.0,6254.0,28891079816.0,8659.07774947,8657.64293942,0.00016572756118945882
2020-01-22T00:00:00.000Z,6994854.066823413,40.71,157779174705.0,5494.0,24688903654.0,8664.76434932,8745.89478833,-0.009276402354880474
2020-01-23T00:00:00.000Z,12918222.55232591,44.14,152813329633.0,6855.0,23877877279.0,8449.17525205,8680.65055954,-0.026665663581586008
2020-01-24T00:00:00.000Z,13976041.713519258,46.43,153536829768.0,6250.0,24703038468.0,8379.67993017,8406.516067800001,-0.0031923019492931053
2020-01-25T00:00:00.000Z,3447011.312362761,49.5,152143262650.0,5137.0,22530481131.0,8324.891656,8445.43428152,-0.014273111541909347
2020-01-26T00:00:00.000Z,3250102.8915715287,51.93,156322174637.0,5355.0,19606793080.0,8469.31128961,8367.84777344,0.01212540176603709
2020-01-27T00:00:00.000Z,4827481.376897866,51.79,162027957435.0,6737.0,24292268339.0,8708.10076006,8596.82983316,0.012943251065736166
2020-01-28T00:00:00.000Z,6182607.75850496,54.36,170185249528.0,7986.0,32499131229.0,9077.71068074,8909.81917753,0.018843424301293474
2020-01-29T00:00:00.000Z,18845698.67965749,56.36,169460984603.0,7490.0,34067412852.0,9281.08736635,9357.47037892,-0.008162784329199722
2020-01-30T00:00:00.000Z,7302244.8961809715,58.14,172978577931.0,7037.0,28114208582.0,9339.9492014,9316.62950445,0.002503018601186405
2020-01-31T00:00:00.000Z,10664703.74473022,57.57,170112778161.0,5621.0,32931124372.0,9326.85195711,9508.9935947,-0.01915467034192982
2020-02-01T00:00:00.000Z,3805267.0043219286,55.86,170900662180.0,4765.0,27908533700.0,9351.36245954,9350.52936518,8.909595675960027e-05
2020-02-02T00:00:00.000Z,10447986.614122013,55.57,170034976662.0,6755.0,29185101695.0,9426.19965586,9392.87536841,0.0035478260003403103
2020-02-03T00:00:00.000Z,84608016.96771248,55.64,169126861034.0,6280.0,30918693483.0,9349.66107732,9344.36529292,0.0005667355924122325
2020-02-04T00:00:00.000Z,6541477.35343196,54.86,167093636162.0,5330.0,29863333018.0,9192.71484864,9293.52108908,-0.010846937288219987
2020-02-05T00:00:00.000Z,6151635.962076923,50.79,175063453626.0,6078.0,30104677115.0,9396.33901259,9180.9629665,0.023458982121578667
2020-02-06T00:00:00.000Z,21737952.47055935,48.0,177118274394.0,5389.0,37475508029.0,9665.23471372,9617.8210448,0.004929772419256568
2020-02-07T00:00:00.000Z,41774819.73122452,47.64,178339437206.0,4582.0,38613343908.0,9814.1874554,9729.80223149,0.0086728611643194
2020-02-08T00:00:00.000Z,9696242.424795302,44.0,179615828322.0,6301.0,34453253965.0,9799.05341441,9795.94377253,0.00031744178531535014
2020-02-09T00:00:00.000Z,7672036.990941893,42.21,184214765394.0,8114.0,35847866353.0,10091.7488773,9865.11946905,0.02297279915980816
2020-02-10T00:00:00.000Z,29722321.25672533,45.43,179481701548.0,7240.0,37955713755.0,9803.71444384,10116.673759,-0.030935001228203782
2020-02-11T00:00:00.000Z,24281856.30822439,44.07,185917114989.0,7188.0,34195578921.0,9793.75877456,9855.89170857,-0.006304141304228577
2020-02-12T00:00:00.000Z,6252669.183886256,43.57,188081204386.0,7958.0,43141457915.0,10335.0506319,10208.2362609,0.012422750390851544
2020-02-13T00:00:00.000Z,9655710.37795308,42.29,186013469140.0,8539.0,46078981412.0,10124.2383149,10326.0545246,-0.01954436800805273
2020-02-14T00:00:00.000Z,6016743.994377903,41.0,187862645449.0,6824.0,46708423974.0,10238.6543433,10211.5503892,0.0026542447588239646
2020-02-15T00:00:00.000Z,5863632.8380238535,41.07,180179996219.0,6282.0,40525512676.0,10222.1123767,10312.1160909,-0.00872795781259898
2020-02-16T00:00:00.000Z,3252151.3568218937,40.93,181017665264.0,6528.0,44226565788.0,9943.89355024,9889.42462838,0.005507794832035878
2020-02-17T00:00:00.000Z,4493502.214696941,40.0,176585280987.0,7429.0,46760752512.0,9633.29409666,9934.43339025,-0.030312679320548763
2020-02-18T00:00:00.000Z,5150200.057814855,40.93,184838512656.0,7493.0,44220965538.0,9720.16406321,9690.14261814,0.0030981427470221307
2020-02-19T00:00:00.000Z,7101795.799408297,40.43,175585931679.0,7391.0,48894817200.0,10157.3999907,10141.9963705,0.0015187956726946908
2020-02-20T00:00:00.000Z,11061461.824981198,39.71,175147142158.0,7121.0,46888580241.0,9605.51548241,9633.38688518,-0.002893209117644603
2020-02-21T00:00:00.000Z,4343080.459400361,38.71,176587087363.0,6727.0,43150185110.0,9694.11846308,9608.47590343,0.008913230413517196
2020-02-22T00:00:00.000Z,4174572.1997983414,39.57,176180696548.0,5103.0,38288840957.0,9632.17979769,9686.44119763,-0.0056017890196118966
2020-02-23T00:00:00.000Z,3997410.8273155377,38.57,180963233540.0,6026.0,39492471047.0,9834.96080585,9663.18182933,0.01777664743910856
2020-02-24T00:00:00.000Z,4103000.2524942975,35.0,175977808526.0,7623.0,40356024421.0,9774.9375241,9924.51522822,-0.015071537569379826
2020-02-25T00:00:00.000Z,22642403.89202893,34.5,170369581558.0,8172.0,44487157881.0,9579.54525962,9650.17480677,-0.0073189914757243795
2020-02-26T00:00:00.000Z,6818594.983321581,34.29,160879489024.0,9671.0,44066802236.0,9168.14164027,9341.70516876,-0.018579426919875533
2020-02-27T00:00:00.000Z,5081737.532065976,34.0,160238496932.0,8208.0,52841558740.0,8802.0944566,8820.52220005,-0.0020891896230243053
2020-02-28T00:00:00.000Z,8255283.748152273,38.86,158211707019.0,7704.0,41515033261.0,8600.31264516,8784.49384867,-0.020966626726921195
2020-02-29T00:00:00.000Z,3364901.452581318,39.29,156895988084.0,4991.0,41480786122.0,8698.71856649,8672.45534996,0.003028348428466832
2020-03-01T00:00:00.000Z,4357282.343237663,39.29,156238987740.0,6100.0,36099596445.0,8652.80275035,8599.50861972,0.0061973460329801024
2020-03-02T00:00:00.000Z,15672185.59813418,41.79,161861167745.0,6794.0,38840033112.0,8752.70729726,8562.45405008,0.02221947657380105
2020-03-03T00:00:00.000Z,19929132.62152352,41.0,160383579416.0,6599.0,42429894643.0,8879.38821707,8869.67031078,0.0010956333155008695
2020-03-04T00:00:00.000Z,5329936.791344939,43.07,159807857328.0,5843.0,38963023658.0,8753.67088705,8787.78645576,-0.00388215722830164
2020-03-05T00:00:00.000Z,8581816.425134515,48.79,165731679918.0,6911.0,38933033127.0,9103.85315953,8755.24589461,0.03981695878291814
2020-03-06T00:00:00.000Z,6093418.5575005375,51.43,166548261960.0,5729.0,40169219612.0,9157.4828884,9078.76279174,0.00867079562114126
2020-03-07T00:00:00.000Z,2726633.810397125,54.0,162684945903.0,5318.0,36616694293.0,9121.17983868,9122.54557333,-0.00014970981937247182
2020-03-08T00:00:00.000Z,4020034.8099179743,54.93,148060284561.0,9109.0,36715246845.0,8757.84303614,8909.9536515,-0.01707198727508436
2020-03-09T00:00:00.000Z,15862492.12484984,59.21,144706353758.0,11289.0,47717376720.0,7816.18695826,8108.11629101,-0.0360045813691253
2020-03-10T00:00:00.000Z,10867380.59511627,62.36,144465567734.0,7956.0,43067898582.0,8069.42281688,7923.6447033,0.01839786096406956
2020-03-11T00:00:00.000Z,11313829.868081713,63.36,144508402671.0,7458.0,39842915575.0,7842.75762662,7909.72939346,-0.008467011133828944
2020-03-12T00:00:00.000Z,37359345.52010017,63.43,91663977533.0,22899.0,45093065477.0,6044.917630100002,7911.43012933,-0.2359260549253021
2020-03-13T00:00:00.000Z,33928714.917390324,61.93,101644613038.0,22585.0,72680612561.0,5503.66511805,5017.83083939,0.0968215737458104
2020-03-14T00:00:00.000Z,14226164.841039075,60.93,95014981944.0,8417.0,50629870666.0,5485.39252397,5563.70689169,-0.014075933409966403
2020-03-15T00:00:00.000Z,7453814.846926134,60.43,98530059890.0,9587.0,31956219751.0,5448.67221798,5200.36626392,0.047747781878891817
2020-03-16T00:00:00.000Z,16347289.625504373,61.07,91633478850.0,13018.0,40076954935.0,4656.311535,5392.31488002,-0.13649116592710367
2020-03-17T00:00:00.000Z,16882034.759976953,64.21,95499941183.0,8826.0,42591042984.0,5220.49060018,5014.47997748,0.041083147928637084
2020-03-18T00:00:00.000Z,5563701.603028685,63.79,95740715529.0,8356.0,36802329580.0,5162.78455495,5225.62919259,-0.01202623365031605
2020-03-19T00:00:00.000Z,7651536.727752841,58.71,113162079956.0,10671.0,40024866155.0,5491.45665305,5238.43857664,0.04830028503880798
2020-03-20T00:00:00.000Z,26055937.951663285,56.5,113309245860.0,10332.0,58868036183.0,6682.60478696,6191.19295222,0.0793727216277103
2020-03-21T00:00:00.000Z,3741977.064132454,54.71,113068192795.0,6607.0,49527239295.0,6055.40852067,6198.77820508,-0.02312870047399111
2020-03-22T00:00:00.000Z,4131947.657545432,54.93,106591196069.0,7617.0,39666103850.0,6202.5385122,6185.06651501,0.0028248681154193224
2020-03-23T00:00:00.000Z,6987247.740038368,51.5,117314776187.0,9257.0,41032397487.0,5856.63380188,5830.25479765,0.004524502812575586
2020-03-24T00:00:00.000Z,5314646.31978082,48.86,123148917787.0,8442.0,53754857597.0,6745.42790236,6416.31475839,0.051293173162936016
2020-03-25T00:00:00.000Z,6512901.6117463885,51.07,122174009143.0,7870.0,46721523505.0,6551.64115086,6734.80378045,-0.027196431486495545
2020-03-26T00:00:00.000Z,4712213.9160943385,54.71,122834375216.0,6892.0,36188607817.0,6623.12452368,6681.06312656,-0.00867206338010338
2020-03-27T00:00:00.000Z,8848280.704436783,60.0,118336082172.0,7299.0,36301888773.0,6671.76076773,6716.44054866,-0.006652300516367071
2020-03-28T00:00:00.000Z,4983048.373562736,63.0,114183689641.0,7600.0,34798341846.0,6266.86535136,6469.79813509,-0.03136616931359278
2020-03-29T00:00:00.000Z,6732012.712767735,64.07,108338520156.0,7070.0,29728181858.0,6169.3598969,6242.1938684,-0.011668008561654784
2020-03-30T00:00:00.000Z,7440857.351507862,64.0,117640143688.0,7669.0,34671007650.0,6338.7550114,5922.0431227,0.07036623679802095
2020-03-31T00:00:00.000Z,4665892.326599763,63.29,117814077267.0,6120.0,35766110745.0,6402.89186859,6429.84193389,-0.004191404015385476
2020-04-01T00:00:00.000Z,7869612.155536895,63.86,120903014693.0,7531.0,33196370535.0,6346.84306629,6438.64476637,-0.014257922810013372
2020-04-02T00:00:00.000Z,6017328.246786668,65.43,124335130640.0,9438.0,41110726397.0,6674.32412263,6606.77626829,0.010224026302238108
2020-04-03T00:00:00.000Z,3090048.40971864,65.14,123244051100.0,7132.0,48684723507.0,6999.96190205,6793.62459642,0.03037219715359796
2020-04-04T00:00:00.000Z,3137105.166246099,66.29,125712834530.0,5840.0,35464645516.0,6747.85483619,6733.3873906,0.0021486132834414545
2020-04-05T00:00:00.000Z,2990770.371443076,67.64,124328853512.0,5686.0,31480258220.0,6788.00083764,6867.52731596,-0.011580074553934724
2020-04-06T00:00:00.000Z,4827369.855756744,70.29,133140400948.0,9089.0,39033860329.0,7116.94045672,6791.12944093,0.04797596903783687
2020-04-07T00:00:00.000Z,8615051.049229223,68.14,131409299432.0,8390.0,46616260670.0,7389.36666084,7271.7811526999985,0.016170110963301083
2020-04-08T00:00:00.000Z,3968024.91028123,64.93,134309895036.0,7350.0,41530157843.0,7282.84513132,7176.41450049,0.014830613647348988
2020-04-09T00:00:00.000Z,5633190.162320981,63.07,133769463002.0,6964.0,34077694431.0,7243.28725194,7334.09845346,-0.012382053785650843
2020-04-10T00:00:00.000Z,6746734.816221296,58.64,125755496117.0,8894.0,41162670105.0,6918.87986951,7303.81519824,-0.05270332261730251
2020-04-11T00:00:00.000Z,2232336.7744274773,58.64,125651623116.0,6052.0,36105422302.0,6871.02280905,6865.49337195,0.00080539544653722
2020-04-12T00:00:00.000Z,1742363.732608547,60.43,127716846208.0,7050.0,29355682082.0,6867.482511900002,6859.08296343,0.0012245876766302404
2020-04-13T00:00:00.000Z,4497129.687402418,61.57,125422221237.0,8414.0,41615959956.0,6802.58810638,6971.09159108,-0.024171750219953016
2020-04-14T00:00:00.000Z,3661335.2584091392,60.93,125446116437.0,6827.0,34198373630.0,6844.84829885,6845.03769683,-2.766938450718125e-05
2020-04-15T00:00:00.000Z,5115372.790305173,64.5,121731940639.0,7244.0,33680520866.0,6792.06227232,6845.56171696,-0.00781520156446093
2020-04-16T00:00:00.000Z,7763645.177865372,64.71,130440801473.0,9862.0,43569667395.0,7019.38647056,6642.10989286,0.05680071299415816
2020-04-17T00:00:00.000Z,3750437.3350271625,66.93,130078472088.0,6841.0,36768240933.0,7102.02547187,7116.55260865,-0.0020413165726257906
2020-04-18T00:00:00.000Z,2164784.0367071573,66.71,133053136876.0,7127.0,29815960032.0,7140.7882613,7096.18465879,0.006285575228760429
2020-04-19T00:00:00.000Z,4220363.8355632005,65.21,131815853850.0,6744.0,33895848024.0,7216.44310523,7257.66485847,-0.005679754307184972
2020-04-20T00:00:00.000Z,3743460.3555157743,62.36,126192239912.0,9688.0,32439427413.0,7049.84800585,7189.42482356,-0.01941418418516621
2020-04-21T00:00:00.000Z,4124240.565790135,64.79,126175238603.0,8442.0,36992259312.0,6839.48108635,6881.95869275,-0.00617231347882834
2020-04-22T00:00:00.000Z,5774616.871394033,65.5,130530916077.0,8016.0,31128502430.0,6989.93797665,6880.32347375,0.015931591489586817
2020-04-23T00:00:00.000Z,7737992.3677931875,68.93,136275638031.0,10472.0,35385251113.0,7099.615790800001,7117.20747869,-0.0024717121065631373
2020-04-24T00:00:00.000Z,5887962.488907512,70.0,138504361513.0,7808.0,43584388194.0,7538.69111987,7429.72464927,0.014666286537376148
2020-04-25T00:00:00.000Z,3002922.632543353,68.43,138874072264.0,6890.0,33882299353.0,7576.96751321,7550.48301195,0.003507656558935818
2020-04-26T00:00:00.000Z,4360886.990323765,66.71,140903867573.0,7205.0,31580710522.0,7634.41130873,7569.93603405,0.00851728130726429
2020-04-27T00:00:00.000Z,6078340.235995732,68.07,143040988590.0,8820.0,37297832368.0,7729.11957416,7679.86720422,0.0064131798936493565
2020-04-28T00:00:00.000Z,4214342.696230207,71.07,143266252261.0,8147.0,32595003274.0,7756.05608751,7795.60083451,-0.0050727003395223905
2020-04-29T00:00:00.000Z,31662841.80712685,71.43,161522471385.0,16905.0,39572383709.0,8111.00921452,7807.05845106,0.03893281513970614
2020-04-30T00:00:00.000Z,13476200.338714492,75.29,158922133909.0,16192.0,74894056035.0,8920.97641632,8801.03776688,0.013627784883659148
2020-05-01T00:00:00.000Z,6796097.358709347,73.57,162722652380.0,9627.0,51475560131.0,8993.2422366,8658.55417975,0.03865403506196731
2020-05-02T00:00:00.000Z,2858467.8138039317,73.93,165012307600.0,8117.0,39536458326.0,8902.946232200002,8864.76680793,0.004306872938366311
2020-05-03T00:00:00.000Z,5727348.358721311,74.14,163358189151.0,10242.0,46313417208.0,9077.18528145,8988.5962069,0.009855718569490931
2020-05-04T00:00:00.000Z,4365113.27821945,76.93,163654493632.0,9145.0,46891284180.0,8724.66988482,8897.46850985,-0.019421099927322272
2020-05-05T00:00:00.000Z,5708962.924630818,79.14,165332488792.0,9076.0,44451871789.0,8898.09107556,8912.65460539,-0.0016340282973821205
2020-05-06T00:00:00.000Z,10519757.898622878,80.43,170229620935.0,11365.0,45413629160.0,9294.52370999,9003.07017834,0.032372682415737784
2020-05-07T00:00:00.000Z,10321652.336573124,77.29,182787376637.0,16753.0,46962883372.0,9296.31356097,9268.76208066,0.002972509173311057
2020-05-08T00:00:00.000Z,16293627.280460125,75.57,180804859844.0,12798.0,66002155806.0,9913.91738286,9951.5187451,-0.0037784546462835094
2020-05-09T00:00:00.000Z,9850007.771741888,76.5,176201288182.0,10068.0,48395152647.0,9636.16259049,9842.66636785,-0.020980471108369952
2020-05-10T00:00:00.000Z,6413856.984736753,78.07,160884755211.0,16794.0,58917197613.0,8743.08844235,9591.16923131,-0.08842308674853461
2020-05-11T00:00:00.000Z,8361548.652616651,73.93,158059235276.0,18195.0,48616533038.0,8921.64169005,8756.43114193,0.018867338238850985
2020-05-12T00:00:00.000Z,5963780.653469917,73.07,161791577301.0,10796.0,55882076770.0,8773.264243000001,8601.79620238,0.01993398083211497
2020-05-13T00:00:00.000Z,5542980.402503768,69.21,170352710071.0,10167.0,41875165553.0,8995.80503068,8804.47781074,0.02173067205719031
2020-05-14T00:00:00.000Z,7036113.84934551,63.64,178881641547.0,12145.0,55721278261.0,9641.10695387,9269.98770576,0.04003449194214143
2020-05-15T00:00:00.000Z,8219910.048905322,67.29,171436341789.0,11710.0,52956431193.0,9600.47064053,9733.72147137,-0.013689607950251377
2020-05-16T00:00:00.000Z,7017071.065557401,67.29,172340956579.0,10478.0,41326624937.0,9410.77561608,9328.19722645,0.008852556139770484
2020-05-17T00:00:00.000Z,3462232.36455924,68.14,177745404470.0,9635.0,35179057365.0,9525.35186602,9377.014025700002,0.015819304515642445
2020-05-18T00:00:00.000Z,6647585.439207847,68.36,178779483464.0,10712.0,45609820224.0,9612.18199502,9670.73937122,-0.006055108503313053
2020-05-19T00:00:00.000Z,4420554.482255235,69.36,178763467262.0,8915.0,39201487449.0,9764.69452774,9726.5748149,0.003919130173306732
2020-05-20T00:00:00.000Z,6388064.95296951,67.5,175050963475.0,11835.0,33658841201.0,9739.56859213,9725.32936525,0.0014641382667077874
2020-05-21T00:00:00.000Z,8642543.934418654,66.5,166947987864.0,11797.0,37636411144.0,9361.8184402,9522.98115678,-0.016923557227167076
2020-05-22T00:00:00.000Z,4611175.975793093,67.07,168807619957.0,9222.0,38175435740.0,9174.95713948,9081.76202252,0.010261788046075668
2020-05-23T00:00:00.000Z,3909467.991447549,66.79,169305492440.0,6733.0,28637025711.0,9180.48675461,9182.57751787,-0.00022768805990826157
2020-05-24T00:00:00.000Z,2867141.8329940187,66.93,161610414643.0,9209.0,27663492653.0,9169.49931422,9209.28742769,-0.004320433451818139
2020-05-25T00:00:00.000Z,4384498.917241055,66.93,163760453116.0,8509.0,34754526624.0,8751.62175184,8790.36800074,-0.0044078073747011795
2020-05-26T00:00:00.000Z,4823569.792350813,67.64,162445535235.0,7676.0,30098650485.0,8886.57451476,8906.93476142,-0.002285887031326423
2020-05-27T00:00:00.000Z,6367615.959718185,65.14,168814700531.0,8844.0,30480783976.0,9130.86096899,8835.05306073,0.03348116940856929
2020-05-28T00:00:00.000Z,7289774.016253593,68.64,175161235290.0,8755.0,30964280820.0,9229.9717114,9181.01794762,0.0053320627472131996
2020-05-29T00:00:00.000Z,7171380.802296232,69.07,173575756364.0,6931.0,37271913813.0,9403.75856036,9525.7510947,-0.012806605287836665
2020-05-30T00:00:00.000Z,3950518.827322866,68.5,178390129758.0,7344.0,31121947085.0,9571.58967183,9439.12439045,0.014033640823085216
2020-05-31T00:00:00.000Z,7744507.686179779,69.86,174043988783.0,6583.0,29514585408.0,9581.34400757,9700.41407169,-0.012274740360568524
2020-06-01T00:00:00.000Z,22074110.175719354,71.93,186993405740.0,9739.0,28539557576.0,9539.45226892,9463.6056622,0.008014556969860764
2020-06-02T00:00:00.000Z,9377512.46287941,71.43,175277218229.0,12767.0,39672835308.0,10115.7122097,10167.2681012,-0.0050707713209525
2020-06-03T00:00:00.000Z,5587877.453385785,71.36,177619631126.0,6714.0,33851832675.0,9617.18512378,9529.80414872,0.009169230940778149
2020-06-04T00:00:00.000Z,6154616.193505496,70.36,180276153545.0,6801.0,24814054073.0,9582.2896852,9656.71776526,-0.007707388977210634
2020-06-05T00:00:00.000Z,5177132.081542172,71.14,177801825145.0,6493.0,25861297837.0,9695.7018368,9800.63659532,-0.010706932911899787
2020-06-06T00:00:00.000Z,6441206.1106033,71.36,177595657884.0,5674.0,21982490972.0,9687.66151647,9665.53278908,0.002289447242370388
2020-06-07T00:00:00.000Z,5035877.253445537,70.64,179540253701.0,6592.0,19093884692.0,9621.78818585,9653.67926335,-0.003303515336486704
2020-06-08T00:00:00.000Z,14243278.434110772,73.36,179782576534.0,6033.0,26573775343.0,9747.43462773,9758.8524174,-0.0011699930669760304
2020-06-09T00:00:00.000Z,6064722.038278291,73.93,180237817527.0,6432.0,22867011288.0,9702.9393722,9771.48948366,-0.007015318552471407
2020-06-10T00:00:00.000Z,7176184.941651273,73.14,181616765438.0,7219.0,22735024618.0,9753.52380252,9795.70019463,-0.004305602588074515
2020-06-11T00:00:00.000Z,5341370.283280204,73.57,171518066850.0,9872.0,26627658851.0,9798.45780639,9870.09445278,-0.007257949428216701
2020-06-12T00:00:00.000Z,3381913.5816006786,71.0,174474896922.0,6171.0,30395382852.0,9510.45485442,9320.69085457,0.020359435025887298
2020-06-13T00:00:00.000Z,2580056.9679273227,70.79,174381819725.0,4947.0,20009338472.0,9430.2996639,9480.84378943,-0.005331184296734403
2020-06-14T00:00:00.000Z,3759024.718471166,69.71,172763239787.0,5713.0,16753259933.0,9455.50541708,9475.27733834,-0.0020866852287264397
2020-06-15T00:00:00.000Z,6650511.407345144,67.21,173947607772.0,9215.0,23482131284.0,9133.01361485,9386.78789214,-0.027035262776364345
2020-06-16T00:00:00.000Z,5712989.439158836,66.43,175563963385.0,7636.0,23703778779.0,9514.90855868,9450.70198692,0.00679384154202125
2020-06-17T00:00:00.000Z,4382778.9457337065,70.64,174508805561.0,7697.0,19484860328.0,9515.47804331,9538.0243743,-0.002363836587663725
2020-06-18T00:00:00.000Z,13726274.248692974,79.07,173256688664.0,6987.0,19505992987.0,9429.23495296,9480.25536624,-0.005381755164706736
2020-06-19T00:00:00.000Z,4515297.30157837,81.79,170985625732.0,7746.0,19309177130.0,9381.9065686,9411.84046197,-0.003180450570847518
2020-06-20T00:00:00.000Z,4102821.9329522983,80.64,171809438651.0,6318.0,17986429126.0,9301.83542835,9288.01871603,0.0014875844614905974
2020-06-21T00:00:00.000Z,5667657.386353241,80.79,171289415079.0,4964.0,15603805842.0,9373.55203207,9332.340762,0.004415962845871054
2020-06-22T00:00:00.000Z,8259155.093553442,81.36,177651397437.0,9213.0,17033481935.0,9452.54167725,9303.62971409,0.01600579211944314
2020-06-23T00:00:00.000Z,10561615.18828675,77.36,177310052079.0,6806.0,20423089813.0,9622.45441398,9648.71760979,-0.002721936413949083
2020-06-24T00:00:00.000Z,12280330.21033728,81.0,171498781280.0,9369.0,17931261719.0,9383.29073348,9629.65836578,-0.02558425469957409
2020-06-25T00:00:00.000Z,3640130.830332478,78.86,170537981462.0,8385.0,20009737089.0,9224.64189631,9313.61034868,-0.009552520348095636
2020-06-26T00:00:00.000Z,15871729.83577369,77.21,168741367622.0,7490.0,17961303562.0,9187.92523049,9260.99499378,-0.007890055370840317
2020-06-27T00:00:00.000Z,5228511.048589202,76.43,166584831506.0,8167.0,16218240145.0,9166.45344867,9162.91760386,0.00038588634787134783
2020-06-28T00:00:00.000Z,6237301.205588393,75.71,168401806137.0,6353.0,16741797039.0,9053.19172615,9045.39095672,0.0008624026830155023
2020-06-29T00:00:00.000Z,6575026.088173023,76.43,169280659246.0,6605.0,15816911993.0,9086.15831077,9143.58219104,-0.006280238868117911
2020-06-30T00:00:00.000Z,11779466.725053245,73.14,168315606321.0,6107.0,15999768830.0,9175.56585619,9190.85446467,-0.001663458880648074
2020-07-01T00:00:00.000Z,7604691.475832363,72.36,170040592533.0,6555.0,16026508373.0,9169.54551535,9137.99340026,0.003452849406643545
2020-07-02T00:00:00.000Z,4106814.2873015488,64.64,168091974828.0,8554.0,15784601562.0,9201.98771073,9231.13965322,-0.003158000375374131
2020-07-03T00:00:00.000Z,4622941.128177313,60.86,167353160441.0,5618.0,15225234763.0,9089.99923777,9124.84264611,-0.0038185215560790774
2020-07-04T00:00:00.000Z,2352789.5782575654,60.57,168251076678.0,4875.0,12517890325.0,9063.38910816,9084.23373428,-0.002294593768689805
2020-07-05T00:00:00.000Z,2278626.572692984,58.5,167181726154.0,6309.0,12826309830.0,9041.38592097,9132.48795051,-0.009975598110141702
2020-07-06T00:00:00.000Z,5616813.498753863,54.0,172746103840.0,7746.0,15164930276.0,9204.92629774,9073.94286936,0.014435117155331797
2020-07-07T00:00:00.000Z,9158895.639969783,53.57,170485472276.0,6634.0,16523359674.0,9266.70326024,9375.47475925,-0.011601705705909498
2020-07-08T00:00:00.000Z,14547060.29093036,51.86,173738543115.0,8372.0,17255596613.0,9299.02326114,9252.27750386,0.00505235140866659
2020-07-09T00:00:00.000Z,5038869.745826644,54.57,170977231638.0,7763.0,19333622636.0,9383.32786631,9428.3330848,-0.004773401415203871
2020-07-10T00:00:00.000Z,4856009.445852718,55.71,171001933827.0,6603.0,17960674375.0,9179.35396361,9277.96790642,-0.010628829912395395
2020-07-11T00:00:00.000Z,2582326.354027684,58.5,170302234778.0,4888.0,15296639743.0,9208.36305861,9278.8078672,-0.0075920106977339485
2020-07-12T00:00:00.000Z,7244304.744304983,59.0,170977422928.0,6116.0,13107304278.0,9265.39483451,9240.34632654,0.0027107758827237104
2020-07-13T00:00:00.000Z,5942765.86110155,57.07,170379677119.0,5442.0,16416293309.0,9273.62548151,9276.49985018,-0.00030985487160269755
2020-07-14T00:00:00.000Z,10260321.49866482,58.64,170380670525.0,6150.0,19372387416.0,9218.91214061,9243.61385509,-0.0026723005598505477
2020-07-15T00:00:00.000Z,14560387.49657697,55.36,169460074576.0,8231.0,15800696817.0,9222.13197715,9243.21341642,-0.002280747865514993
2020-07-16T00:00:00.000Z,4257503.378156538,56.71,168350501976.0,8455.0,16748351375.0,9109.40087529,9192.83736784,-0.009076250260000428
2020-07-17T00:00:00.000Z,5234189.981427017,53.29,168710427574.0,6116.0,14328760730.0,9124.79645953,9132.22786293,-0.0008137558010533044
2020-07-18T00:00:00.000Z,3260755.781810197,53.21,168858972269.0,5105.0,13044255324.0,9159.91773049,9151.39223963,0.000931605884302549
2020-07-19T00:00:00.000Z,3989601.6968302233,55.64,169360219986.0,5511.0,12377870480.0,9127.85554908,9159.03990531,-0.003404762568172757
2020-07-20T00:00:00.000Z,3163153.4823550563,56.71,168970262859.0,6748.0,13352406800.0,9143.25230099,9185.81691242,-0.004633731744908703
2020-07-21T00:00:00.000Z,8261306.000466921,57.0,172861732402.0,9970.0,16246765914.0,9324.69980862,9164.2313647,0.017510300376975714
2020-07-22T00:00:00.000Z,8268971.828311224,58.71,175644844408.0,9399.0,16654352271.0,9352.88709147,9374.88752808,-0.0023467413922677663
2020-07-23T00:00:00.000Z,6514918.857574577,57.79,176680237480.0,11062.0,17171644361.0,9507.38077858,9525.36344997,-0.0018878724664366285
2020-07-24T00:00:00.000Z,5205889.085351831,57.93,175875016548.0,8894.0,18325004060.0,9523.40287534,9581.07201141,-0.006019069265038716
2020-07-25T00:00:00.000Z,5007210.486534907,56.14,178469614078.0,9953.0,16210355629.0,9578.49485282,9536.89268563,0.004362235013159489
2020-07-26T00:00:00.000Z,5625328.818384122,56.57,182685328095.0,11765.0,21468086899.0,9957.20513864,9677.11349729,0.028943717713803538
2020-07-27T00:00:00.000Z,15123000.289133193,55.64,202719581737.0,23391.0,23791663123.0,10243.8628888,9905.16724705,0.03419383371349659
2020-07-28T00:00:00.000Z,22320437.34007845,56.93,201290022193.0,15040.0,36639611378.0,10955.0927569,10990.8733998,-0.0032554867660153732
2020-07-29T00:00:00.000Z,10312566.714947917,54.93,204761455133.0,12207.0,25414859986.0,11082.188634,10912.8230505,0.015519868939159694
2020-07-30T00:00:00.000Z,11827771.12975208,55.36,204969047788.0,9041.0,24726623372.0,10930.7778967,11100.4681253,-0.015286763286427847
2020-07-31T00:00:00.000Z,14743184.260879045,57.5,208895308529.0,10350.0,20670767121.0,11199.6372049,11111.2142899,0.007957988451395155
2020-08-01T00:00:00.000Z,7345301.018539122,59.5,216950669098.0,12305.0,26977389040.0,11639.0983212,11323.4664207,0.02787414107777153
2020-08-02T00:00:00.000Z,8621557.184702132,59.07,203936136730.0,15082.0,30376479358.0,11070.0867374,11759.5927707,-0.058633495797402374
2020-08-03T00:00:00.000Z,17154125.24563852,61.64,207503423456.0,9261.0,20205154847.0,11179.5357608,11053.613901,0.011391917695678416
2020-08-04T00:00:00.000Z,9094092.54633655,65.0,206767135617.0,9036.0,23419964169.0,11139.6902867,11246.3487749,-0.009483832516206771
2020-08-05T00:00:00.000Z,4919090.7148540765,65.71,216761492406.0,10532.0,21554791124.0,11432.1812399,11205.8929179,0.02019368948622856
2020-08-06T00:00:00.000Z,14747479.27859044,65.93,217361012897.0,10123.0,24676685692.0,11709.3487719,11747.0228312,-0.003207115525470632
2020-08-07T00:00:00.000Z,14699208.429319747,65.79,214097928027.0,10811.0,23394325057.0,11756.9158554,11778.8942824,-0.001865915974204977
2020-08-08T00:00:00.000Z,5636510.141604505,64.86,216924147851.0,7842.0,21932869591.0,11778.9624891,11601.4727146,0.015298900309150912
2020-08-09T00:00:00.000Z,4431093.510460132,64.71,215490364255.0,7366.0,18266988338.0,11701.8965594,11754.0458135,-0.00443670672442889
2020-08-10T00:00:00.000Z,6076817.131964455,64.64,219300673639.0,12160.0,24302004067.0,11752.720763,11675.7393433,0.006593280085870929
2020-08-11T00:00:00.000Z,6112904.572000843,63.07,210616121945.0,11887.0,23509778933.0,11751.7195052,11881.64754,-0.010935186754411949
2020-08-12T00:00:00.000Z,11434128.06115102,66.14,213846666475.0,8531.0,27637429932.0,11500.3603297,11410.5256775,0.007872963502211186
2020-08-13T00:00:00.000Z,6354166.830992244,63.5,217534728413.0,9986.0,25547428625.0,11563.5847937,11584.9345762,-0.0018428919351743368
2020-08-14T00:00:00.000Z,9929892.48830442,68.14,217265120503.0,8620.0,27485039406.0,11774.272369,11784.1373895,-0.0008371440499997443
2020-08-15T00:00:00.000Z,5430256.57940505,68.64,219064372745.0,9859.0,23970037986.0,11863.1034647,11768.870619299998,0.008006957374947197
2020-08-16T00:00:00.000Z,5857291.383922027,67.36,219628780049.0,7854.0,21465468636.0,11783.7057827,11865.69857,-0.006910068279275335
2020-08-17T00:00:00.000Z,18548189.40560417,67.86,226261747567.0,12808.0,20596778580.0,11909.3170219,11895.6577737,0.0011482549733566431
2020-08-18T00:00:00.000Z,6238669.322168962,66.14,221413097553.0,10279.0,29970916165.0,12253.707635,12254.401908299998,-5.665501304713907e-05
2020-08-19T00:00:00.000Z,7417536.414558927,65.43,217122068305.0,10144.0,27963028340.0,11852.5558176,11991.2332456,-0.011564901220721931
2020-08-20T00:00:00.000Z,8179863.928686692,67.36,219343936068.0,7484.0,21994615824.0,11813.6864403,11758.2835921,0.0047118142512928285
2020-08-21T00:00:00.000Z,7051817.726462435,66.5,213952917930.0,8018.0,21739340192.0,11741.2025989,11878.026439,-0.01151907185950993
2020-08-22T00:00:00.000Z,4227478.959613406,64.71,215742068895.0,6075.0,24856248066.0,11578.4464362,11585.4775342,-0.0006068889244526771
2020-08-23T00:00:00.000Z,3971833.133559365,62.86,215439967321.0,5663.0,18259824869.0,11576.5085765,11681.8255623,-0.009015456123560242
2020-08-24T00:00:00.000Z,5290916.1682947995,70.57,217477962650.0,6170.0,20778152977.0,11780.885122,11664.8479948,0.009947590165917872
2020-08-25T00:00:00.000Z,6940239.691410561,80.36,209942744481.0,9011.0,21887050085.0,11640.0827341,11774.5958414,-0.011424010565784796
2020-08-26T00:00:00.000Z,11568375.542543724,82.43,212210534428.0,7314.0,26502463108.0,11400.612732,11366.1350817,0.0030333662280250364
2020-08-27T00:00:00.000Z,5940804.657473044,88.86,209172436817.0,7248.0,22048044506.0,11372.9175187,11488.3634896,-0.010048948312308304
2020-08-28T00:00:00.000Z,11830418.282623675,93.0,213231661583.0,5412.0,23669650982.0,11476.0608762,11323.3970324,0.013482159405272016
2020-08-29T00:00:00.000Z,3883686.547324385,94.43,212583870983.0,4435.0,19111044008.0,11487.5349586,11542.4997333,-0.0047619472358682614
2020-08-30T00:00:00.000Z,5381805.605770568,98.71,216373660045.0,4821.0,18987259179.0,11612.9884893,11506.8653177,0.00922259613456675
2020-08-31T00:00:00.000Z,11682091.656964865,102.14,215817677822.0,5732.0,21207947643.0,11710.976313299998,11711.506161,-4.524163610705398e-05
2020-09-01T00:00:00.000Z,19347179.811424166,104.14,221181001607.0,6939.0,27429298951.0,11908.971276,11680.8204905,0.019532085582990917
2020-09-02T00:00:00.000Z,9084933.84809684,105.14,210909793681.0,5912.0,29267928020.0,11412.905060100002,11970.4787405,-0.04657906274989209
2020-09-03T00:00:00.000Z,8981454.47712589,106.07,189322069063.0,8579.0,25233481101.0,11272.588463200002,11414.0337325,-0.012392224573268185
2020-09-04T00:00:00.000Z,17115372.334801365,120.86,194255818704.0,7106.0,36010478710.0,10454.3668133,10245.296686,0.020406449291574917
2020-09-05T00:00:00.000Z,7420604.077178419,127.71,187940141276.0,7169.0,33156705015.0,10221.0726865,10511.8138807,-0.027658518073061692
2020-09-06T00:00:00.000Z,6980780.196029964,134.79,189997214393.0,4811.0,49116629482.0,10250.0084365,10169.567221,0.007909993980264079
2020-09-07T00:00:00.000Z,6887275.526856834,131.86,191657203885.0,6173.0,34167906591.0,10044.0870879,10280.3517032,-0.0229821529575158
2020-09-08T00:00:00.000Z,5513632.611250045,130.07,187267336728.0,5701.0,33156852323.0,9990.87507768,10369.5637386,-0.03651924714155102
2020-09-09T00:00:00.000Z,8069075.304391301,133.14,189325507175.0,5086.0,30754397072.0,10231.719068200002,10131.5166457,0.009890170050949876
2020-09-10T00:00:00.000Z,8205143.935381344,129.0,191568387062.0,5529.0,43679651597.0,10313.098907,10242.3477803,0.006907705949614668
2020-09-11T00:00:00.000Z,7796954.600821137,123.36,192275791669.0,4362.0,31047245397.0,10296.0464056,10363.1390401,-0.006474161375273152
2020-09-12T00:00:00.000Z,5708163.6920351675,120.14,193049493277.0,3821.0,74954793838.0,10362.3901019,10400.9146854,-0.0037039611096974156
2020-09-13T00:00:00.000Z,3331819.795705088,116.71,190870759062.0,5116.0,27574093494.0,10366.3302086,10442.1706031,-0.007262895559040581
2020-09-14T00:00:00.000Z,5755277.700981739,116.57,197484272947.0,4327.0,27819342225.0,10447.294362,10323.7557975,0.011966436142350118
2020-09-15T00:00:00.000Z,7084065.202213587,120.0,199641896762.0,4277.0,30725658801.0,10851.0760589,10680.8374328,0.015938696489959842
2020-09-16T00:00:00.000Z,24162775.99007204,120.86,202912365548.0,6923.0,40013116231.0,10902.6059036,10796.9509861,0.00978562537109043
2020-09-17T00:00:00.000Z,9833377.544631004,119.14,202475761712.0,5566.0,38462035459.0,10884.5917828,10973.2522347,-0.008079687772020236
2020-09-18T00:00:00.000Z,13213901.564651435,104.93,202205464819.0,5266.0,27950845204.0,11010.6196288,10948.989915200002,0.005628803577071501
2020-09-19T00:00:00.000Z,10952807.244026504,101.36,205185696336.0,4686.0,26386974775.0,11107.6926933,10933.7526485,0.015908540314734713
2020-09-20T00:00:00.000Z,9002262.475508403,96.07,202308927892.0,4982.0,23293269923.0,10967.9903847,11094.3462761,-0.011389214673441615
2020-09-21T00:00:00.000Z,5991079.829560072,98.29,193514327128.0,7447.0,28300534241.0,10635.8758172,10938.2712894,-0.027645636517814626
2020-09-22T00:00:00.000Z,9305397.095082002,97.79,194932197947.0,5109.0,28353492570.0,10477.3506902,10462.2596185,0.001442429479891291
2020-09-23T00:00:00.000Z,5772827.530702155,95.57,189529920746.0,6061.0,23454446684.0,10487.93708717,10538.4603213,-0.004794176055100176
2020-09-24T00:00:00.000Z,11105673.896183535,100.79,199045623654.0,5738.0,52654825291.0,10393.31595335,10246.18649281,0.014359436131993515
2020-09-25T00:00:00.000Z,12347746.65556532,102.21,197809986226.0,4542.0,47756688245.0,10639.50550014,10760.06625677,-0.011204462291683962
2020-09-26T00:00:00.000Z,6428194.407782754,103.64,198893019774.0,3828.0,39376643189.0,10716.87254208,10692.71721234,0.0022590450360104827
2020-09-27T00:00:00.000Z,6213299.247157953,103.0,199357967523.0,4620.0,52460897880.0,10635.69002229,10750.72357903,-0.010700075757168602
2020-09-28T00:00:00.000Z,4774255.815721262,106.36,198154065044.0,4596.0,45601658996.0,10889.26126741,10775.26937624,0.010579029367131957
2020-09-29T00:00:00.000Z,19718932.399918426,108.86,200660083839.0,4969.0,58862214222.0,10773.18253418,10709.65218175,0.005932064958959167
2020-09-30T00:00:00.000Z,12185912.300589345,112.29,199556965504.0,4338.0,51475450270.0,10691.95569425,10844.64098118,-0.01407933072150319
2020-10-01T00:00:00.000Z,5576369.643018679,116.36,196512086756.0,6257.0,35003714253.0,10921.03844693,10784.49157795,0.012661409950857959
2020-10-02T00:00:00.000Z,14300562.295004325,128.64,195716085732.0,5927.0,51765646244.0,10459.10847641,10619.45190766,-0.015099030782779159
2020-10-03T00:00:00.000Z,3020122.8844397226,134.71,195233191301.0,3691.0,49266474870.0,10543.91680613,10575.97504191,-0.003031232170363537
2020-10-04T00:00:00.000Z,3988466.678671138,140.71,197468899357.0,4194.0,56666177699.0,10604.89661474,10549.32889962,0.005267417069724823
2020-10-05T00:00:00.000Z,5666582.352770767,152.0,199769602128.0,4831.0,58301212774.0,10682.36107169,10669.58254327,0.001197659643025132
2020-10-06T00:00:00.000Z,6073861.273696129,157.64,196281911458.0,5151.0,49344394922.0,10698.2494686,10793.33942751,-0.008810059161822922
2020-10-07T00:00:00.000Z,13710573.577636227,160.0,197485816055.0,4338.0,49570307017.0,10609.48924263,10604.40588882,0.0004793624332466263
2020-10-08T00:00:00.000Z,7704715.716623479,164.43,202064144550.0,7035.0,57101064908.0,10612.246256,10668.96895539,-0.00531660553397185
2020-10-09T00:00:00.000Z,10060326.342554737,165.5,204827451843.0,5866.0,38630474219.0,11037.3073631,10915.68573098,0.011141914041627505
2020-10-10T00:00:00.000Z,4074614.8252635496,164.93,209130239495.0,6052.0,26153114035.0,11328.86985113,11064.45759247,0.023897444266942496
2020-10-11T00:00:00.000Z,6160949.586386746,180.14,210766812992.0,5302.0,21053412492.0,11371.95414365,11296.3614282,0.006691775571317362
2020-10-12T00:00:00.000Z,10471870.953921607,183.0,213950143824.0,6969.0,22258538968.0,11250.04104749,11384.1819535,-0.011783095751448236
2020-10-13T00:00:00.000Z,4847612.498947226,178.86,211565586739.0,5730.0,28486303895.0,11512.80405451,11555.3628878,-0.00368303736570088
2020-10-14T00:00:00.000Z,8040320.049230943,176.36,211643390713.0,4991.0,23126408222.0,11386.69986424,11425.899400700002,-0.0034307615606698717
2020-10-15T00:00:00.000Z,6317294.276871503,171.21,212873103428.0,5092.0,25735368003.0,11324.11504895,11429.50688675,-0.009221031042220948
2020-10-16T00:00:00.000Z,5080197.710257959,162.57,209676088344.0,4493.0,29665553138.0,11376.32141557,11495.34965037,-0.010354468408550659
2020-10-17T00:00:00.000Z,2887823.6929949187,156.21,210353665235.0,3539.0,21166911942.0,11339.86632038,11322.12268618,0.0015671649823807605
2020-10-18T00:00:00.000Z,3208017.6415507807,150.21,212682581771.0,3917.0,19935772532.0,11416.14676313,11358.10156733,0.0051104663447418324
2020-10-19T00:00:00.000Z,16161929.991876924,137.43,217482407293.0,6705.0,20132113260.0,11493.06149593,11483.35971184,0.0008448558900404065
2020-10-20T00:00:00.000Z,9339805.37456673,128.07,220721282865.0,8087.0,29199011781.0,11767.34483543,11742.03715033,0.0021553061684265987
2020-10-21T00:00:00.000Z,16030164.068350475,129.43,237532386963.0,13885.0,36965383923.0,12322.83911407,11916.33514058,0.034113170592667184
2020-10-22T00:00:00.000Z,33978934.115584664,126.64,240166387522.0,9755.0,42251977202.0,12952.21575471,12823.68918938,0.010022588931462816
2020-10-23T00:00:00.000Z,51392691.51290357,122.86,239557562148.0,6015.0,35533761875.0,12982.33652171,12965.89129043,0.001268345608615309
2020-10-24T00:00:00.000Z,13739367.693127636,124.93,242839876186.0,5715.0,26680249995.0,12989.32475809,12931.53902256,0.004468589193381303
2020-10-25T00:00:00.000Z,7413869.626820607,109.43,241425217440.0,6200.0,28044230404.0,12956.8924157,13108.06261161,-0.011532611674901943
2020-10-26T00:00:00.000Z,5327943.531757515,101.36,242250997936.0,7235.0,24243784895.0,13128.9203007,13031.17431056,0.007500934897386164
2020-10-27T00:00:00.000Z,14541757.300242733,98.36,252985946390.0,9880.0,33646013200.0,13429.51440399,13075.24769656,0.02709445477833705
2020-10-28T00:00:00.000Z,15207678.304440135,99.79,245899824465.0,9160.0,37819525616.0,13337.14165252,13654.21844012,-0.023221892120045246
2020-10-29T00:00:00.000Z,13937626.152525207,98.29,248995322466.0,6858.0,32991884530.0,13084.75561205,13271.28536861,-0.01405513869825993
2020-10-30T00:00:00.000Z,7232900.661590284,99.57,251018154920.0,7450.0,34140280129.0,13352.17903308,13437.8832414,-0.006377805699037488
2020-10-31T00:00:00.000Z,7743365.964615055,101.93,255372071116.0,7002.0,32824738246.0,13926.148575,13546.52226938,0.028023894108828967
2020-11-01T00:00:00.000Z,9935478.447541064,105.64,254569759063.0,5874.0,26378975610.0,13670.91820123,13780.99470249,-0.007987558491703767
2020-11-02T00:00:00.000Z,18933841.923483696,101.29,251119864445.0,6753.0,29308927159.0,13407.92416938,13737.10982864,-0.02396323996578178
2020-11-03T00:00:00.000Z,230158662.20213017,97.5,258541441764.0,7597.0,30916793773.0,13525.92183118,13550.4893841,-0.0018130380552031648
2020-11-04T00:00:00.000Z,12986568.581059845,91.71,261954213176.0,7826.0,32413047376.0,13726.77747562,13950.30084729,-0.016022835214584086
2020-11-05T00:00:00.000Z,20150938.14245899,84.93,288771509681.0,13736.0,33737597901.0,14711.96505755,14133.70715301,0.04091339223884022
2020-11-06T00:00:00.000Z,19626166.23141519,83.14,288526920959.0,10355.0,75799260251.0,15561.88906763,15579.84846029,-0.0011527321787356245
2020-11-07T00:00:00.000Z,12354127.269563107,79.79,274970333140.0,9296.0,33205564513.0,15519.43543,15565.88058083,-0.0029837792079169625
2020-11-08T00:00:00.000Z,11477548.30798693,82.79,286955182899.0,6742.0,35177807914.0,15151.6574012,14833.7541075,0.021431074790384187
2020-11-09T00:00:00.000Z,13513213.08358205,81.64,284236108837.0,7297.0,29844382569.0,15766.95202018,15479.56703842,0.01856544056088365
2020-11-10T00:00:00.000Z,10284744.612793256,87.43,283468380961.0,6096.0,35091512987.0,15288.23840212,15332.31559743,-0.0028747905057073912
2020-11-11T00:00:00.000Z,13948199.078815952,85.07,291077214052.0,7975.0,28442779175.0,15595.27599204,15290.90268148,0.019905516168685747
2020-11-12T00:00:00.000Z,18304643.71731894,86.79,301736853825.0,8756.0,33722651546.0,15795.84116743,15701.33973237,0.006018686091173254
2020-11-13T00:00:00.000Z,15446771.286648758,84.29,302505533181.0,7441.0,35803771744.0,16220.57347122,16276.34394919,-0.0034264745291756405
2020-11-14T00:00:00.000Z,11351768.47049037,80.93,297877068423.0,6455.0,30711651232.0,15922.09717858,16317.80819009,-0.024250255113938676
2020-11-15T00:00:00.000Z,7823964.440892876,77.29,295790551598.0,5205.0,25964398121.0,15963.87529094,16068.13870685,-0.006488829715264603
2020-11-16T00:00:00.000Z,12296555.46535993,75.29,309817178277.0,8068.0,27787415341.0,16277.92103176,15955.58743887,0.0202019257595462
2020-11-17T00:00:00.000Z,20352780.176705506,78.93,327257094857.0,13135.0,34390742333.0,16960.08302294,16712.2142724,0.014831592420960825
2020-11-18T00:00:00.000Z,28631000.634580586,80.43,330218014062.0,14732.0,53287656455.0,18189.8690862,17645.40576746,0.03085581175719108
2020-11-19T00:00:00.000Z,14084629.950426787,84.36,330475167134.0,9668.0,42263471840.0,17704.32639483,17804.00563217,-0.005598697248212976
2020-11-20T00:00:00.000Z,31138993.59834881,85.36,345411881099.0,10945.0,37431726815.0,18256.81786714,17817.09024754,0.02468010283894204
2020-11-21T00:00:00.000Z,18461591.081511788,84.14,345819234185.0,9723.0,39481762643.0,18504.7483164,18621.31436938,-0.006259818757567206
2020-11-22T00:00:00.000Z,9940489.87062899,83.71,340790183317.0,8791.0,42783855472.0,17709.23526029,18642.23276593,-0.05004751938003472
2020-11-23T00:00:00.000Z,12414689.859962612,85.79,340698070308.0,9514.0,43122113506.0,18577.78738403,18370.00252365,0.011311095908260968
2020-11-24T00:00:00.000Z,27356320.36852926,81.36,354504361032.0,12942.0,53180473863.0,18957.42433401,18364.12159134,0.03230771151884465
2020-11-25T00:00:00.000Z,14351230.279047595,80.07,347558803507.0,10715.0,49093987228.0,19263.67792178,19107.46444977,0.008175520745866447
2020-11-26T00:00:00.000Z,39189172.77926008,77.29,318231964319.0,15316.0,58296667163.0,17111.91931987,18732.120777400003,-0.08649322075078378
2020-11-27T00:00:00.000Z,22278880.832287107,75.07,317464460530.0,8530.0,48621953379.0,16847.04688962,17150.62357809,-0.017700621035017024
2020-11-28T00:00:00.000Z,6000692.310509412,77.0,328782832212.0,7646.0,33791021665.0,17174.31522074,17108.40172774,0.003852697291595987
2020-11-29T00:00:00.000Z,9413605.54219929,74.93,337336592123.0,8207.0,35823813928.0,18122.75843388,17717.415011200002,0.022878248459143827
2020-11-30T00:00:00.000Z,24338657.06747461,77.57,364229729426.0,12623.0,36079177273.0,18621.95437412,18177.48341979,0.024451732072333948
2020-12-01T00:00:00.000Z,25443248.52000431,76.36,348976597318.0,12065.0,52949733091.0,19433.020760728752,19625.83502949,-0.009824512866409205
2020-12-02T00:00:00.000Z,15314603.025804102,78.21,356381007571.0,9578.0,50005133530.0,19104.13965506,18802.99829969,0.01601560296769081
2020-12-03T00:00:00.000Z,18248456.911227454,81.0,360933936017.0,8923.0,36521545676.0,19367.03268709,19201.09115697,0.008642296875912803
2020-12-04T00:00:00.000Z,16591277.954798926,84.14,347111351136.0,8408.0,33614986064.0,18908.22600469,19445.39847988,-0.02762465761479808
2020-12-05T00:00:00.000Z,6479897.225780178,86.36,355563938256.0,6731.0,34408684562.0,18990.30654049,18699.76561337,0.01553714271756802
2020-12-06T00:00:00.000Z,7867150.034808973,87.43,359123541247.0,7362.0,26444088190.0,19083.54332292,19154.231131,-0.0036904539574860564
2020-12-07T00:00:00.000Z,16234869.776866553,94.36,356293229783.0,6549.0,26486362314.0,19135.32526588,19345.12095871,-0.010844889172716095
2020-12-08T00:00:00.000Z,12930813.646411402,95.57,340148764252.0,8477.0,30174658056.0,18784.39137332,19191.63128698,-0.02121966119348488
2020-12-09T00:00:00.000Z,13923946.96976956,100.0,344486483494.0,9071.0,38799956416.0,18279.27440129,18321.14491611,-0.002285365625986701
2020-12-10T00:00:00.000Z,11670367.03172216,107.43,339136939586.0,7129.0,26960505765.0,18212.27433936,18553.91537685,-0.01841342005452236
2020-12-11T00:00:00.000Z,33679438.76849894,108.57,335326168919.0,8699.0,27988139339.0,17670.65238177,18264.99210672,-0.032539829279823976
2020-12-12T00:00:00.000Z,20063588.344451133,107.07,349170613899.0,7234.0,22535016882.0,18498.06845435,18058.90334725,0.024318481507730846
2020-12-13T00:00:00.000Z,43882904.84605528,109.0,355479173806.0,7418.0,24672890154.0,19267.27286627,18803.65687045,0.024655629434962432
2020-12-14T00:00:00.000Z,14131689.500123374,110.64,357432550020.0,6103.0,23779605222.0,19110.25523544,19142.3825335,-0.001678333300662885
2020-12-15T00:00:00.000Z,15782198.056010915,111.79,360614771027.0,6395.0,25354679621.0,19298.22624083,19246.64434137,0.0026800463782212557
2020-12-16T00:00:00.000Z,22438307.271740407,113.07,395799863746.0,12690.0,26949022567.0,19702.03639787,19417.07603342,0.014675760859129262
2020-12-17T00:00:00.000Z,30449584.22526582,113.71,423576934966.0,15434.0,68353822969.0,22742.3301946,21310.59813054,0.06718403938217954
2020-12-18T00:00:00.000Z,33386694.570897564,112.14,429781092528.0,9417.0,56867050191.0,22863.12843138,22805.16149213,0.0025418341926674907
2020-12-19T00:00:00.000Z,15135790.7995872,114.93,443399267277.0,8835.0,35025394172.0,22929.05218271,23137.96056165,-0.00902881558568554
2020-12-20T00:00:00.000Z,23514175.71396409,114.0,436129331482.0,9107.0,42014946109.0,23561.82728187,23869.83196434,-0.012903512807720622
2020-12-21T00:00:00.000Z,18171115.344582632,106.0,423625088584.0,9575.0,46789822166.0,22707.68109708,23477.29519711,-0.03278120812335907
2020-12-22T00:00:00.000Z,42709588.04188834,105.79,436578348040.0,8318.0,48981727657.0,23101.32254046,22803.0814087,0.013078983774807495
2020-12-23T00:00:00.000Z,29291652.59762776,98.79,431808778580.0,8594.0,47334403134.0,23109.62118559,23499.29170507,-0.016582224024902403
2020-12-24T00:00:00.000Z,15967841.090894695,92.93,441017197764.0,7920.0,50963687493.0,23233.34062529,23241.34486501,-0.00034439658145823514
2020-12-25T00:00:00.000Z,6718981.685136047,89.0,458297232692.0,7298.0,41135832249.0,24578.23732303,23735.94972763,0.03548573387900002
2020-12-26T00:00:00.000Z,14760322.464541655,88.5,491250863157.0,12007.0,42520360593.0,24856.5048017,24664.79027412,0.007772801854356716
2020-12-27T00:00:00.000Z,24271134.617713314,90.21,488213268382.0,13306.0,63251570096.0,27567.24533542,26437.0375091,0.04275092570152645
2020-12-28T00:00:00.000Z,84472304.43702452,90.5,503339329917.0,11714.0,63042164938.0,26813.48582007,26272.29456706,0.02059931429394611
2020-12-29T00:00:00.000Z,26219517.11887331,87.71,508523687097.0,10633.0,46048726105.0,26714.8202006,27084.80788628,-0.013660340041304855
2020-12-30T00:00:00.000Z,16333836.714809336,83.07,536033807161.0,11907.0,52195737073.0,27739.44642749,27362.436557300003,0.013778373479295027
2020-12-31T00:00:00.000Z,18357616.01239078,75.0,539051138108.0,11232.0,47596177504.0,29009.37981642,28840.95341968,0.005839834567503315
2021-01-01T00:00:00.000Z,24379355.841520336,72.64,546001594838.0,9024.0,45538150557.0,29338.77249425,29001.71982218,0.011621816710753413
2021-01-02T00:00:00.000Z,57136506.84010103,71.79,597205944669.0,18652.0,40217296589.0,29793.97256257,29374.15188907,0.014292180250358671
2021-01-03T00:00:00.000Z,37681055.23673871,72.93,609409213147.0,16374.0,87200857590.0,34194.31731498,32127.26793922,0.06433940724964685
2021-01-04T00:00:00.000Z,54092039.15991351,72.29,594384025391.0,13514.0,98294598666.0,30786.81139441,32782.02446581,-0.060863021851530384
2021-01-05T00:00:00.000Z,21238079.401936416,73.0,631980005970.0,12374.0,67901740206.0,31731.7696079,31971.91352155,-0.007511089803496973
2021-01-06T00:00:00.000Z,24219862.62528641,78.57,684671246324.0,13699.0,70830178036.0,35015.27551214,33992.42934365,0.030090410960317837
2021-01-07T00:00:00.000Z,39381012.30608607,79.5,732062681138.0,18067.0,78865062899.0,37736.75761959,36824.36441009,0.02477688954354361
2021-01-08T00:00:00.000Z,33294172.255267702,85.43,758625941267.0,15766.0,97579535740.0,41292.92748068,39371.04235311,0.04881468746326413
2021-01-09T00:00:00.000Z,27610884.038737357,86.71,748563483043.0,12304.0,78060563310.0,40679.46960376,40797.61071993,-0.002895785171857837
2021-01-10T00:00:00.000Z,21656229.592425834,87.64,713304617761.0,14364.0,67007941754.0,39453.65144192,40254.54649816,-0.019895766463959717
2021-01-11T00:00:00.000Z,24724522.264477305,88.57,661457321418.0,20593.0,102098218246.0,34282.0285524,38356.43950662,-0.10622495222782063
2021-01-12T00:00:00.000Z,15086542.49777879,93.29,630920422745.0,14230.0,107606748944.0,35369.98831875,35566.65594049,-0.005529550545012309
2021-01-13T00:00:00.000Z,16134535.832058808,92.79,694069582194.0,13191.0,76272994560.0,34414.7900894,33922.9605815,0.014498425239694891
2021-01-14T00:00:00.000Z,13917232.486593965,98.14,728904366964.0,14216.0,64487897092.0,38232.30995099,37316.35939997,0.02454554961277204
2021-01-15T00:00:00.000Z,18634828.766197033,104.43,685005864471.0,12950.0,63255540995.0,38046.81862325,39187.32812109,-0.02910403828288045
2021-01-16T00:00:00.000Z,10235469.92572993,100.86,673000645231.0,10420.0,73880396976.0,37594.08109366,36825.36585131,0.0208746125009008
2021-01-17T00:00:00.000Z,9343346.454658376,98.71,665831621391.0,10010.0,60450908125.0,35315.99064782,36178.13890106,-0.02383064136045825
2021-01-18T00:00:00.000Z,12467716.33973212,98.79,681470030572.0,10325.0,50857229192.0,36417.27359862,35791.27792129,0.01749017396659185
2021-01-19T00:00:00.000Z,13634553.175388198,97.07,671081200700.0,10902.0,58032406697.0,37154.73390342,36630.07568284,0.014323154151324503
2021-01-20T00:00:00.000Z,10855481.028798513,93.21,661400102161.0,10617.0,62029618259.0,34493.04887739,36069.80639361,-0.04371405543500044
2021-01-21T00:00:00.000Z,10164524.772810644,92.79,573565664943.0,12844.0,68069145637.0,32492.89210979,35547.750885500005,-0.08593676673243733
2021-01-22T00:00:00.000Z,12991203.797423167,95.79,614160521492.0,12509.0,92065071716.0,31639.44017963,30825.69850603,0.026398158453435225
2021-01-23T00:00:00.000Z,6341114.423519967,95.14,596733137645.0,9133.0,58155899780.0,31683.70792681,33005.76356216,-0.04005529618668456
2021-01-24T00:00:00.000Z,5805973.489759781,94.21,600888568010.0,9165.0,48237278547.0,32848.75223943,32067.64288212,0.024358178123080214
2021-01-25T00:00:00.000Z,10383172.967325777,95.36,602350097075.0,9828.0,58369327730.0,33205.24404452,32289.37808687,0.028364310863652688
2021-01-26T00:00:00.000Z,6811281.079055925,91.93,606169260387.0,9317.0,62534203826.0,31839.42440535,32366.39304887,-0.01628135216439869
2021-01-27T00:00:00.000Z,39173715.139164016,96.93,566417413554.0,11232.0,57648085609.0,30740.39141103,32569.84955679,-0.056170297703404766
2021-01-28T00:00:00.000Z,13476176.170949506,96.64,622910073820.0,11100.0,78072761225.0,31504.26942311,30432.54707881,0.035216320918673084
2021-01-29T00:00:00.000Z,16341475.983646074,97.57,638768671362.0,26658.0,108069233690.0,36896.32114628,33466.09635821,0.10249850330178974
2021-01-30T00:00:00.000Z,9781449.9366504,97.29,637924573284.0,15797.0,90728657832.0,33643.05265865,34316.38765032,-0.019621383186692255
2021-01-31T00:00:00.000Z,19003011.060841873,97.5,616452744533.0,12750.0,55162723834.0,33589.44871469,34269.52154165,-0.01984482993535417
2021-02-01T00:00:00.000Z,7117660.350558006,101.0,631861279152.0,14101.0,65238136205.0,34312.13554778,33114.35774753,0.03617095066080053
2021-02-02T00:00:00.000Z,7447890.475780427,102.93,661114581664.0,12688.0,63586996357.0,34738.8725417,33940.89480922,0.02351080420729603
2021-02-03T00:00:00.000Z,11147934.31956665,108.07,697672910488.0,12644.0,62717570195.0,35943.39930597,35510.28903716,0.012196754252176563
2021-02-04T00:00:00.000Z,15314735.4714788,109.86,687542752523.0,14042.0,71824368127.0,37481.3609896,37472.09010368,0.00024740776119901604
2021-02-05T00:00:00.000Z,20673546.648285907,108.93,710266752534.0,11780.0,62524360042.0,37604.19272551,36926.06446515,0.018364487799668098
2021-02-06T00:00:00.000Z,9675547.750731822,109.21,731192490093.0,13914.0,75416561477.0,40221.45383656,38144.30686267,0.05445496706411014
2021-02-07T00:00:00.000Z,25512699.55883668,107.5,724478833211.0,13362.0,66986725945.0,39026.79177807,39266.01073494,-0.006092265356030528
2021-02-08T00:00:00.000Z,18202142.27705809,109.07,860342706260.0,23988.0,65178250055.0,39385.38829622,38903.44147971,0.012388282326162715
2021-02-09T00:00:00.000Z,24809606.72697877,114.93,865682956619.0,20969.0,126492821886.0,46370.34194239,46196.46371944,0.003763885997984504
2021-02-10T00:00:00.000Z,17821382.18806841,114.14,836616907527.0,16665.0,86889148143.0,46513.43901037,46481.10423596,0.0006956541790799338
2021-02-11T00:00:00.000Z,14364959.200107552,113.07,892364856136.0,15629.0,85392132746.0,46068.3204568,44918.18449192,0.02560513025825628
2021-02-12T00:00:00.000Z,13714248.337735327,114.79,884874050612.0,15322.0,87966337322.0,47601.05113281,47909.33119483,-0.006434655928849078
2021-02-13T00:00:00.000Z,8389681.230420252,115.86,877478894464.0,12659.0,76233976328.0,46478.62400977,47504.85118326,-0.02160257632491281
2021-02-14T00:00:00.000Z,10337083.718509164,114.43,907551330153.0,13732.0,76365326925.0,49014.44910444,47105.51747252,0.040524586807344096
2021-02-15T00:00:00.000Z,7558678.188719243,114.64,893210080039.0,12157.0,81534144351.0,47857.97122009,48717.2902111,-0.017638891393310818
2021-02-16T00:00:00.000Z,15670675.674964948,115.64,916623418254.0,13322.0,72349111800.0,48917.64403571,47945.05683234,0.020285453133803942
2021-02-17T00:00:00.000Z,16477986.680562194,112.86,971611626454.0,15286.0,89401162836.0,51345.55387311,49199.87134362,0.04361154756898051
2021-02-18T00:00:00.000Z,21230215.63959754,115.71,962915078024.0,13676.0,54870020716.0,51357.84731291,52149.00753587,-0.015171146304477738
2021-02-19T00:00:00.000Z,22507969.99955849,114.79,1041380696669.0,15942.0,54201969624.0,52696.74042472,51679.79669449,0.019677781169336987
2021-02-20T00:00:00.000Z,18744490.06686393,113.79,1045371087640.0,15299.0,62512623357.0,56221.31271979,55888.13368221,0.0059615345088193635
2021-02-21T00:00:00.000Z,14111332.824697465,114.29,1072263294725.0,14768.0,64539331019.0,57371.3138002,56099.52051348,0.022670305825776248
2021-02-22T00:00:00.000Z,14395697.532723986,108.5,1010205212981.0,15606.0,60096374526.0,54784.86074989,57539.9436679,-0.04788122376190272
2021-02-23T00:00:00.000Z,34745307.36440357,107.07,909925854460.0,17623.0,107325188700.0,45976.53371092,54207.31906543,-0.1518390043339936
2021-02-24T00:00:00.000Z,31137683.76156551,101.43,926393090751.0,14530.0,82313766807.0,50384.6844566,48824.42686909,0.031956495704361786
2021-02-25T00:00:00.000Z,18583224.582256787,97.43,877766126138.0,14446.0,54794043347.0,50354.23116642,49705.33331637,0.013054893846497816
2021-02-26T00:00:00.000Z,20334427.334280197,90.43,863752275053.0,12640.0,67719627706.0,46338.86476,47093.85301914,-0.016031566982492397
2021-02-27T00:00:00.000Z,8826419.141267762,91.64,860978135421.0,11936.0,54284638538.0,47355.8629641,46339.76008289,0.021927236554363874
2021-02-28T00:00:00.000Z,10894216.37886036,95.29,841428977515.0,15113.0,47302454358.0,45364.42070698,46188.45127539,-0.017840619151676396
2021-03-01T00:00:00.000Z,8059828.398750458,95.14,925235527882.0,13829.0,54181353396.0,47719.21833417,45137.77046805,0.0571904159056157
2021-03-02T00:00:00.000Z,18185244.914954387,100.93,901933683269.0,11704.0,49687572635.0,48980.10755828,49631.24137077,-0.013119434342286828
2021-03-03T00:00:00.000Z,8191348.145809824,102.5,942236576905.0,11428.0,52690548558.0,51519.94791082,48378.98805435,0.0649240503530455
2021-03-04T00:00:00.000Z,10629720.095726846,101.29,905414104807.0,11346.0,54911983711.0,49381.97370535,50538.24341445,-0.0228791036446945
2021-03-05T00:00:00.000Z,16823627.331600826,98.79,912285065720.0,10684.0,48938335168.0,47499.88635807,48561.16615390001,-0.02185449567801976
2021-03-06T00:00:00.000Z,6813886.334835389,103.5,912054166028.0,10153.0,41270255926.0,48286.10301461,48927.3045548,-0.013105188320191124
2021-03-07T00:00:00.000Z,5054612.783979664,103.93,954880954585.0,11116.0,39351111397.0,50688.55902830001,48912.38173056,0.036313449374113474
2021-03-08T00:00:00.000Z,22796461.82632945,106.71,974321883623.0,10908.0,45765446910.0,50401.03933792,51206.69295308,-0.015733365478184727
2021-03-09T00:00:00.000Z,9946090.448253663,104.79,1022439972862.0,12511.0,53428844808.0,54248.5429231,52246.52230995,0.038318734427396
2021-03-10T00:00:00.000Z,9531871.927027427,107.79,1044580057477.0,13626.0,49322105479.0,54885.24069247,54824.11781138,0.00111489037179385
2021-03-11T00:00:00.000Z,38348084.28914809,113.07,1078135604118.0,11442.0,55881467570.0,56089.88770979,56008.54940114,0.0014522480856885148
2021-03-12T00:00:00.000Z,15561592.876038374,115.64,1069366321844.0,12261.0,55153217613.0,56505.97863453,57805.12301924,-0.022474554448705025
2021-03-13T00:00:00.000Z,10830665.60871121,113.71,1142369158667.0,15504.0,62601247861.0,59859.40504114,57332.08896391,0.04408205113232355
2021-03-14T00:00:00.000Z,18748046.041460834,113.86,1106226132525.0,12840.0,52325960243.0,60220.2846541,61243.08476552,-0.016700662863994617
2021-03-15T00:00:00.000Z,10513482.79625001,120.79,1042946024860.0,13562.0,58182920527.0,56275.07270056,59302.31697742,-0.051047655996521314
2021-03-16T00:00:00.000Z,16385304.294633545,118.71,1059745818423.0,11505.0,61805584190.0,55438.8775756,55907.20022619,-0.008376785972025956
2021-03-17T00:00:00.000Z,13738181.445332648,116.71,1098337655327.0,10822.0,50961640719.0,55039.89937242,56804.90123161,-0.031071295274215482
2021-03-18T00:00:00.000Z,7060739.116561533,113.21,1079511086884.0,11470.0,58625896778.0,58269.98487096,58870.89333325,-0.010207225137360271
2021-03-19T00:00:00.000Z,6944187.683376977,118.21,1088666450746.0,11352.0,55612250404.0,58879.29731951,57858.92070527,0.017635597100708767
2021-03-20T00:00:00.000Z,13333212.673171652,118.93,1088105221978.0,11040.0,46533551450.0,59411.64372029,58346.65297359,0.018252816441451374
2021-03-21T00:00:00.000Z,6370600.090776564,118.79,1073417235408.0,10875.0,57389834721.0,56391.64724637,58313.64260857,-0.03295961761643645
2021-03-22T00:00:00.000Z,11243799.767517718,118.57,1017595269117.0,13080.0,47643617657.0,57879.04435691,57523.42098673,0.006182236106264252
2021-03-23T00:00:00.000Z,19134575.47288773,119.36,1021563479682.0,11924.0,61999615726.0,54350.72253279,54529.14561107,-0.003272068107441219
2021-03-24T00:00:00.000Z,9882689.475702478,121.43,984948142898.0,15487.0,57906063120.0,56631.74190656,54738.94493032,0.03457861635165664
2021-03-25T00:00:00.000Z,23244318.3142122,119.36,965028762666.0,15017.0,76555713016.0,52473.00065698,52774.26369049,-0.005708521776387847
2021-03-26T00:00:00.000Z,12692203.446884202,118.0,1029150697411.0,11508.0,63642648151.0,52896.00048799,51704.1619252,0.02305111461847558
2021-03-27T00:00:00.000Z,14162210.8465014,118.79,1044814147412.0,11567.0,47345614273.0,54687.98153269,55137.31372578,-0.00814933051190538
2021-03-28T00:00:00.000Z,7825437.617436114,117.57,1044446559059.0,11023.0,50636325310.0,56054.57031602,55973.51084173,0.0014481756293472836
2021-03-29T00:00:00.000Z,7916117.926794092,107.07,1078088296477.0,11912.0,54229414602.0,57883.07881382,55950.7457745,0.03453632319947874
2021-03-30T00:00:00.000Z,10823563.586577272,100.0,1099939890804.0,11918.0,57997194705.0,59319.61597949,57750.19987147,0.02717594244717634
2021-03-31T00:00:00.000Z,13898597.193845166,96.36,1100016786763.0,12523.0,55332876261.0,58276.76767329,58917.6930451,-0.010878317508450114
2021-04-01T00:00:00.000Z,730348.3650803878,89.79,1106714141147.0,1781.0,68036522609.0,59276.85946817,58918.83271375,0.0060766097685510095
