"Date","Price","Social Volume"
"2019-04-01T12:00:00.000Z","60.6779939756","251"
"2019-04-02T00:00:00.000Z","68.2383557423","377"
"2019-04-02T12:00:00.000Z","76.1932596939","625"
"2019-04-03T00:00:00.000Z","82.3205132078","539"
"2019-04-03T12:00:00.000Z","85.1739312234","1841"
"2019-04-04T00:00:00.000Z","86.5915354035","412"
"2019-04-04T12:00:00.000Z","84.9809052844","495"
"2019-04-05T00:00:00.000Z","88.2996962698","333"
"2019-04-05T12:00:00.000Z","88.6778605953","336"
"2019-04-06T00:00:00.000Z","87.5063043625","185"
"2019-04-06T12:00:00.000Z","92.573417164","646"
"2019-04-07T00:00:00.000Z","92.7688515961","318"
"2019-04-07T12:00:00.000Z","92.3123691536","419"
"2019-04-08T00:00:00.000Z","87.7213270498","498"
"2019-04-08T12:00:00.000Z","89.493042548","699"
"2019-04-09T00:00:00.000Z","88.3758093493","308"
"2019-04-09T12:00:00.000Z","86.7743315292","689"
"2019-04-10T00:00:00.000Z","87.6854774179","218"
"2019-04-10T12:00:00.000Z","88.3777407722","428"
"2019-04-11T00:00:00.000Z","78.238515109","471"
"2019-04-11T12:00:00.000Z","79.6779906128","430"
"2019-04-12T00:00:00.000Z","79.7943235903","205"
"2019-04-12T12:00:00.000Z","78.9639611934","284"
"2019-04-13T00:00:00.000Z","76.9712429872","242"
"2019-04-13T12:00:00.000Z","78.221303601","476"
"2019-04-14T00:00:00.000Z","78.4466274951","325"
"2019-04-14T12:00:00.000Z","82.9375212398","448"
"2019-04-15T00:00:00.000Z","81.2161007228","228"
"2019-04-15T12:00:00.000Z","79.0546990538","358"
"2019-04-16T00:00:00.000Z","78.7959405176","234"
"2019-04-16T12:00:00.000Z","81.3492781191","274"
"2019-04-17T00:00:00.000Z","80.2997835195","199"
"2019-04-17T12:00:00.000Z","79.3274682066","344"
"2019-04-18T00:00:00.000Z","80.1434321104","203"
"2019-04-18T12:00:00.000Z","82.0988163512","317"
"2019-04-19T00:00:00.000Z","81.7808913502","166"
"2019-04-19T12:00:00.000Z","82.5692227845","456"
"2019-04-20T00:00:00.000Z","81.3054037034","269"
"2019-04-20T12:00:00.000Z","81.5220146553","266"
"2019-04-21T00:00:00.000Z","75.7994058653","396"
"2019-04-21T12:00:00.000Z","77.331559117","277"
"2019-04-22T00:00:00.000Z","77.2599372276","267"
"2019-04-22T12:00:00.000Z","76.948077732","365"
"2019-04-23T00:00:00.000Z","78.3834454629","314"
"2019-04-23T12:00:00.000Z","74.8450217987","521"
"2019-04-24T00:00:00.000Z","72.8347154255","495"
"2019-04-24T12:00:00.000Z","73.3089431536","542"
"2019-04-25T00:00:00.000Z","74.2473188022","260"
"2019-04-25T12:00:00.000Z","71.2481178331","319"
"2019-04-26T00:00:00.000Z","72.5815098536","220"
"2019-04-26T12:00:00.000Z","73.1153465683","210"
"2019-04-27T00:00:00.000Z","72.3756805487","231"
"2019-04-27T12:00:00.000Z","72.1203074518","162"
"2019-04-28T00:00:00.000Z","72.4321367343","123"
"2019-04-28T12:00:00.000Z","69.784255653","306"
"2019-04-29T00:00:00.000Z","68.7296687109","139"
"2019-04-29T12:00:00.000Z","67.9603802114","270"
"2019-04-30T00:00:00.000Z","72.0075201264","256"
"2019-04-30T12:00:00.000Z","74.28087406","338"
"2019-05-01T00:00:00.000Z","73.4804169367","255"
"2019-05-01T12:00:00.000Z","73.6577686214","240"
"2019-05-02T00:00:00.000Z","73.937924999","180"
"2019-05-02T12:00:00.000Z","73.7644482518","258"
"2019-05-03T00:00:00.000Z","79.4938230587","288"
"2019-05-03T12:00:00.000Z","79.3265344093","303"
"2019-05-04T00:00:00.000Z","77.7713708348","211"
"2019-05-04T12:00:00.000Z","78.0638386356","231"
"2019-05-05T00:00:00.000Z","76.0425294169","180"
"2019-05-05T12:00:00.000Z","75.9843672914","203"
"2019-05-06T00:00:00.000Z","73.9983279395","243"
"2019-05-06T12:00:00.000Z","74.9799397999","315"
"2019-05-07T00:00:00.000Z","76.8816805012","227"
"2019-05-07T12:00:00.000Z","74.6930011516","341"
"2019-05-08T00:00:00.000Z","74.3980716458","216"
"2019-05-08T12:00:00.000Z","74.6202879446","251"
"2019-05-09T00:00:00.000Z","74.0757529459","317"
"2019-05-09T12:00:00.000Z","74.1771403698","446"
"2019-05-10T00:00:00.000Z","76.247556521","411"
"2019-05-10T12:00:00.000Z","77.162751379","440"
"2019-05-11T00:00:00.000Z","86.0920003409","580"
"2019-05-11T12:00:00.000Z","89.2222559729","698"
"2019-05-12T00:00:00.000Z","87.2326035471","405"
"2019-05-12T12:00:00.000Z","84.5655110516","264"
"2019-05-13T00:00:00.000Z","87.3685650238","215"
"2019-05-13T12:00:00.000Z","88.0582361061","782"
"2019-05-14T00:00:00.000Z","90.3749434122","436"
"2019-05-14T12:00:00.000Z","91.6204061122","577"
"2019-05-15T00:00:00.000Z","92.3231436659","560"
"2019-05-15T12:00:00.000Z","101.744566017","1421"
"2019-05-16T00:00:00.000Z","94.8922930993","687"
"2019-05-16T12:00:00.000Z","95.5855849808","615"
"2019-05-17T00:00:00.000Z","87.2702024822","467"
"2019-05-17T12:00:00.000Z","88.9952344815","582"
"2019-05-18T00:00:00.000Z","87.2238799849","248"
"2019-05-18T12:00:00.000Z","86.6753308508","405"
"2019-05-19T00:00:00.000Z","93.5125299956","335"
"2019-05-19T12:00:00.000Z","95.3212014721","453"
"2019-05-20T00:00:00.000Z","91.2619168744","277"
"2019-05-20T12:00:00.000Z","91.493678397","518"
"2019-05-21T00:00:00.000Z","90.3364469914","401"
"2019-05-21T12:00:00.000Z","91.5077485162","488"
"2019-05-22T00:00:00.000Z","89.98723829","299"
"2019-05-22T12:00:00.000Z","88.2105722826","448"
"2019-05-23T00:00:00.000Z","86.6736032092","245"
"2019-05-23T12:00:00.000Z","89.1767760856","331"
"2019-05-24T00:00:00.000Z","98.826195295","467"
"2019-05-24T12:00:00.000Z","100.045539418","544"
"2019-05-25T00:00:00.000Z","103.174811291","522"
"2019-05-25T12:00:00.000Z","102.700590371","420"
"2019-05-26T00:00:00.000Z","100.076849804","247"
"2019-05-26T12:00:00.000Z","111.418602843","684"
"2019-05-27T00:00:00.000Z","113.482611956","408"
"2019-05-27T12:00:00.000Z","118.032603284","730"
"2019-05-28T00:00:00.000Z","114.881117478","312"
"2019-05-28T12:00:00.000Z","114.925445645","354"
"2019-05-29T00:00:00.000Z","114.473219231","259"
"2019-05-29T12:00:00.000Z","115.081232591","465"
"2019-05-30T00:00:00.000Z","116.68678476","321"
"2019-05-30T12:00:00.000Z","108.795580409","468"
"2019-05-31T00:00:00.000Z","107.884542572","225"
"2019-05-31T12:00:00.000Z","114.536959268","324"
"2019-06-01T00:00:00.000Z","113.841511765","194"
"2019-06-01T12:00:00.000Z","112.619266718","256"
"2019-06-02T00:00:00.000Z","115.193654825","140"
"2019-06-02T12:00:00.000Z","114.702837715","218"
"2019-06-03T00:00:00.000Z","112.708509116","213"
"2019-06-03T12:00:00.000Z","107.468575541","388"
"2019-06-04T00:00:00.000Z","104.688949071","232"
"2019-06-04T12:00:00.000Z","102.119497337","329"
"2019-06-05T00:00:00.000Z","103.641571525","207"
"2019-06-05T12:00:00.000Z","103.849290191","263"
"2019-06-06T00:00:00.000Z","104.514731486","248"
"2019-06-06T12:00:00.000Z","111.107226389","759"
"2019-06-07T00:00:00.000Z","113.078763016","469"
"2019-06-07T12:00:00.000Z","117.374409829","1225"
"2019-06-08T00:00:00.000Z","116.891787022","353"
"2019-06-08T12:00:00.000Z","118.586055526","692"
"2019-06-09T00:00:00.000Z","117.547931259","376"
"2019-06-09T12:00:00.000Z","115.132302792","632"
"2019-06-10T00:00:00.000Z","124.082516945","461"
"2019-06-10T12:00:00.000Z","129.071435158","1462"
"2019-06-11T00:00:00.000Z","127.033058591","934"
"2019-06-11T12:00:00.000Z","136.029740452","2548"
"2019-06-12T00:00:00.000Z","138.482961321","1351"
"2019-06-12T12:00:00.000Z","135.653751666","1548"
"2019-06-13T00:00:00.000Z","134.627687455","596"
"2019-06-13T12:00:00.000Z","131.351766243","1237"
"2019-06-14T00:00:00.000Z","131.045838326","688"
"2019-06-14T12:00:00.000Z","133.053272851","955"
"2019-06-15T00:00:00.000Z","135.709040362","669"
"2019-06-15T12:00:00.000Z","138.1270843","538"
"2019-06-16T00:00:00.000Z","135.068419765","453"
"2019-06-16T12:00:00.000Z","137.129940539","580"
"2019-06-17T00:00:00.000Z","136.221728797","388"
"2019-06-17T12:00:00.000Z","134.438098499","544"
"2019-06-18T00:00:00.000Z","131.284818128","371"
"2019-06-18T12:00:00.000Z","135.158731405","755"
"2019-06-19T00:00:00.000Z","137.559360614","617"
"2019-06-19T12:00:00.000Z","136.603195708","683"
"2019-06-20T00:00:00.000Z","135.166231232","336"
"2019-06-20T12:00:00.000Z","135.479836064","499"
"2019-06-21T00:00:00.000Z","139.392288917","452"
"2019-06-21T12:00:00.000Z","138.883765671","498"
"2019-06-22T00:00:00.000Z","140.637341772","662"
"2019-06-22T12:00:00.000Z","141.90304461","644"
"2019-06-23T00:00:00.000Z","140.206022133","254"
"2019-06-23T12:00:00.000Z","136.882167747","468"
"2019-06-24T00:00:00.000Z","134.995501093","299"
"2019-06-24T12:00:00.000Z","135.532759271","626"
"2019-06-25T00:00:00.000Z","134.446768754","330"
"2019-06-25T12:00:00.000Z","136.489390067","712"
"2019-06-26T00:00:00.000Z","136.37456441","651"
"2019-06-26T12:00:00.000Z","131.265098175","1014"
"2019-06-27T00:00:00.000Z","118.974569714","582"
"2019-06-27T12:00:00.000Z","114.404768324","737"
"2019-06-28T00:00:00.000Z","119.586606528","263"
"2019-06-28T12:00:00.000Z","120.150093541","374"
"2019-06-29T00:00:00.000Z","128.000628809","332"
"2019-06-29T12:00:00.000Z","133.724641898","733"
"2019-06-30T00:00:00.000Z","131.714160867","401"
"2019-06-30T12:00:00.000Z","122.249117942","402"
"2019-07-01T00:00:00.000Z","122.082826914","259"
"2019-07-01T12:00:00.000Z","122.583715294","428"
"2019-07-02T00:00:00.000Z","115.816327592","259"
"2019-07-02T12:00:00.000Z","119.243699452","319"
"2019-07-03T00:00:00.000Z","119.779367233","272"
"2019-07-03T12:00:00.000Z","122.564113507","279"
"2019-07-04T00:00:00.000Z","123.955632653","286"
"2019-07-04T12:00:00.000Z","119.976923415","338"
"2019-07-05T00:00:00.000Z","120.0042075","185"
"2019-07-05T12:00:00.000Z","118.352507968","302"
"2019-07-06T00:00:00.000Z","118.72940666","192"
"2019-07-06T12:00:00.000Z","117.82361999","272"
"2019-07-07T00:00:00.000Z","119.040350356","154"
"2019-07-07T12:00:00.000Z","120.32087848","290"
"2019-07-08T00:00:00.000Z","120.319238353","225"
"2019-07-08T12:00:00.000Z","123.285484768","429"
"2019-07-09T00:00:00.000Z","120.023867335","286"
"2019-07-09T12:00:00.000Z","119.500996935","357"
"2019-07-10T00:00:00.000Z","119.043266026","320"
"2019-07-10T12:00:00.000Z","108.570405474","814"
"2019-07-11T00:00:00.000Z","103.577627371","422"
"2019-07-11T12:00:00.000Z","102.644301431","540"
"2019-07-12T00:00:00.000Z","105.292063113","362"
"2019-07-12T12:00:00.000Z","105.300057165","347"
"2019-07-13T00:00:00.000Z","100.286036781","182"
"2019-07-13T12:00:00.000Z","101.024796062","274"
"2019-07-14T00:00:00.000Z","93.4588295324","261"
"2019-07-14T12:00:00.000Z","89.7704785959","408"
"2019-07-15T00:00:00.000Z","88.9792894381","314"
"2019-07-15T12:00:00.000Z","90.9229714991","385"
"2019-07-16T00:00:00.000Z","90.1280846946","221"
"2019-07-16T12:00:00.000Z","79.4999322007","484"
"2019-07-17T00:00:00.000Z","78.2998320285","371"
"2019-07-17T12:00:00.000Z","89.8107196176","857"
"2019-07-18T00:00:00.000Z","93.4635081798","343"
"2019-07-18T12:00:00.000Z","101.081941264","539"
"2019-07-19T00:00:00.000Z","96.9595252393","231"
"2019-07-19T12:00:00.000Z","98.4026545798","349"
"2019-07-20T00:00:00.000Z","98.7934122001","250"
"2019-07-20T12:00:00.000Z","100.609941111","384"
"2019-07-21T00:00:00.000Z","99.276192946","207"
"2019-07-21T12:00:00.000Z","99.6275890552","240"
"2019-07-22T00:00:00.000Z","97.088923757","233"
"2019-07-22T12:00:00.000Z","95.4173879285","335"
"2019-07-23T00:00:00.000Z","91.8471552215","216"
"2019-07-23T12:00:00.000Z","90.6226298464","259"
"2019-07-24T00:00:00.000Z","90.0794521484","238"
"2019-07-24T12:00:00.000Z","94.309669008","412"
"2019-07-25T00:00:00.000Z","95.0580264711","184"
"2019-07-25T12:00:00.000Z","93.4113433974","255"
"2019-07-26T00:00:00.000Z","93.7390027915","154"
"2019-07-26T12:00:00.000Z","94.3050152256","229"
"2019-07-27T00:00:00.000Z","89.5534563456","161"
"2019-07-27T12:00:00.000Z","88.8890206443","235"
"2019-07-28T00:00:00.000Z","89.1146997706","122"
"2019-07-28T12:00:00.000Z","89.7717975771","191"
"2019-07-29T00:00:00.000Z","88.9973172638","132"
"2019-07-29T12:00:00.000Z","90.471448827","281"
"2019-07-30T00:00:00.000Z","90.4118843816","217"
"2019-07-30T12:00:00.000Z","90.5669481151","226"
"2019-07-31T00:00:00.000Z","93.1595670007","209"
"2019-07-31T12:00:00.000Z","98.5095781702","582"
"2019-08-01T00:00:00.000Z","97.2995512969","298"
"2019-08-01T12:00:00.000Z","99.1797221962","401"
"2019-08-02T00:00:00.000Z","97.534938172","248"
"2019-08-02T12:00:00.000Z","95.016814122","421"
"2019-08-03T00:00:00.000Z","95.4846281687","256"
"2019-08-03T12:00:00.000Z","94.5808806283","339"
"2019-08-04T00:00:00.000Z","92.1371075849","314"
"2019-08-04T12:00:00.000Z","93.2037819251","457"
"2019-08-05T00:00:00.000Z","102.360419688","1064"
"2019-08-05T12:00:00.000Z","96.8895988002","549"
"2019-08-06T00:00:00.000Z","95.6601379177","364"
"2019-08-06T12:00:00.000Z","93.0697157826","379"
"2019-08-07T00:00:00.000Z","92.6935241673","205"
"2019-08-07T12:00:00.000Z","90.9125986794","426"
"2019-08-08T00:00:00.000Z","90.1263405775","190"
"2019-08-08T12:00:00.000Z","90.0316084005","358"
"2019-08-09T00:00:00.000Z","86.0005241338","208"
"2019-08-09T12:00:00.000Z","84.3909948785","574"
"2019-08-10T00:00:00.000Z","83.4073597343","458"
"2019-08-10T12:00:00.000Z","85.4194762795","502"
"2019-08-11T00:00:00.000Z","87.3908243627","386"
"2019-08-11T12:00:00.000Z","89.7526674359","567"
"2019-08-12T00:00:00.000Z","86.3444245226","248"
"2019-08-12T12:00:00.000Z","85.7492298819","381"
"2019-08-13T00:00:00.000Z","86.2895578907","217"
"2019-08-13T12:00:00.000Z","84.4203493571","247"
"2019-08-14T00:00:00.000Z","83.1582243188","197"
"2019-08-14T12:00:00.000Z","76.0649859941","315"
"2019-08-15T00:00:00.000Z","76.5048198625","182"
"2019-08-15T12:00:00.000Z","76.3889783029","250"
"2019-08-16T00:00:00.000Z","73.5756090625","155"
"2019-08-16T12:00:00.000Z","74.9201538873","238"
"2019-08-17T00:00:00.000Z","73.8112135395","135"
"2019-08-17T12:00:00.000Z","72.7977220768","239"
"2019-08-18T00:00:00.000Z","76.0685271492","182"
"2019-08-18T12:00:00.000Z","76.2699484391","318"
"2019-08-19T00:00:00.000Z","78.3335463025","143"
"2019-08-19T12:00:00.000Z","77.2631905343","231"
"2019-08-20T00:00:00.000Z","75.6555856396","147"
"2019-08-20T12:00:00.000Z","75.1965663598","280"
"2019-08-21T00:00:00.000Z","72.2687544246","156"
"2019-08-21T12:00:00.000Z","72.9649534092","238"
"2019-08-22T00:00:00.000Z","73.212386862","157"
"2019-08-22T12:00:00.000Z","73.5985957813","217"
"2019-08-23T00:00:00.000Z","73.3140075336","239"
"2019-08-23T12:00:00.000Z","75.4028134995","198"
"2019-08-24T00:00:00.000Z","72.8537599742","122"
"2019-08-24T12:00:00.000Z","73.4636165112","160"
"2019-08-25T00:00:00.000Z","74.03244765","123"
"2019-08-25T12:00:00.000Z","72.3081471739","195"
"2019-08-26T00:00:00.000Z","74.2073749951","151"
"2019-08-26T12:00:00.000Z","73.8571740551","278"
"2019-08-27T00:00:00.000Z","73.0238888276","168"
"2019-08-27T12:00:00.000Z","72.8362287979","230"
"2019-08-28T00:00:00.000Z","72.3181074216","187"
"2019-08-28T12:00:00.000Z","67.4255418594","287"
"2019-08-29T00:00:00.000Z","65.2201558298","200"
"2019-08-29T12:00:00.000Z","64.098055358","232"
"2019-08-30T00:00:00.000Z","64.358210788","189"
"2019-08-30T12:00:00.000Z","64.3329790986","185"
"2019-08-31T00:00:00.000Z","63.9018715013","111"
"2019-08-31T12:00:00.000Z","64.5760532334","147"
"2019-09-01T00:00:00.000Z","64.7080825955","137"
"2019-09-01T12:00:00.000Z","66.1447228307","300"
"2019-09-02T00:00:00.000Z","65.8060077908","113"
"2019-09-02T12:00:00.000Z","66.9449522931","221"
"2019-09-03T00:00:00.000Z","68.5885680821","209"
"2019-09-03T12:00:00.000Z","69.1765010412","234"
"2019-09-04T00:00:00.000Z","67.6625793509","147"
"2019-09-04T12:00:00.000Z","67.285630942","219"
"2019-09-05T00:00:00.000Z","65.7303873061","143"
"2019-09-05T12:00:00.000Z","65.3955698556","226"
"2019-09-06T00:00:00.000Z","67.5275214064","161"
"2019-09-06T12:00:00.000Z","65.2368801491","206"
"2019-09-07T00:00:00.000Z","67.1025974924","99"
"2019-09-07T12:00:00.000Z","69.0387130318","280"
"2019-09-08T00:00:00.000Z","69.6035977658","237"
"2019-09-08T12:00:00.000Z","70.5493658145","127"
"2019-09-09T00:00:00.000Z","70.5764505919","129"
"2019-09-09T12:00:00.000Z","70.192236678","179"
"2019-09-10T00:00:00.000Z","71.1827094101","178"
"2019-09-10T12:00:00.000Z","70.8233944117","719"
"2019-09-11T00:00:00.000Z","71.0763348839","1011"
"2019-09-11T12:00:00.000Z","69.9221432504","198"
"2019-09-12T00:00:00.000Z","69.421104193","117"
"2019-09-12T12:00:00.000Z","69.225073175","173"
"2019-09-13T00:00:00.000Z","69.1208478372","100"
"2019-09-13T12:00:00.000Z","68.9886186746","132"
"2019-09-14T00:00:00.000Z","68.6595740754","88"
"2019-09-14T12:00:00.000Z","70.5623041408","117"
"2019-09-15T00:00:00.000Z","70.6361485269","98"
"2019-09-15T12:00:00.000Z","70.3151768163","132"
"2019-09-16T00:00:00.000Z","71.094570182","140"
"2019-09-16T12:00:00.000Z","72.5731088494","252"
"2019-09-17T00:00:00.000Z","72.8002949684","135"
"2019-09-17T12:00:00.000Z","74.2212287374","250"
"2019-09-18T00:00:00.000Z","75.5307596513","191"
"2019-09-18T12:00:00.000Z","77.969133904","252"
"2019-09-19T00:00:00.000Z","74.1987457622","136"
"2019-09-19T12:00:00.000Z","77.0596237469","173"
"2019-09-20T00:00:00.000Z","75.5662111331","109"
"2019-09-20T12:00:00.000Z","75.149092387","149"
"2019-09-21T00:00:00.000Z","73.8039350458","86"
"2019-09-21T12:00:00.000Z","73.5165287108","141"
"2019-09-22T00:00:00.000Z","72.5544777328","121"
"2019-09-22T12:00:00.000Z","72.6132108664","168"
"2019-09-23T00:00:00.000Z","73.4558745863","174"
"2019-09-23T12:00:00.000Z","66.8518935239","424"
"2019-09-24T00:00:00.000Z","67.0473885112","175"
"2019-09-24T12:00:00.000Z","55.8236396096","380"
"2019-09-25T00:00:00.000Z","55.094431555","158"
"2019-09-25T12:00:00.000Z","57.6580077078","229"
"2019-09-26T00:00:00.000Z","56.9791566106","173"
"2019-09-26T12:00:00.000Z","55.540617166","232"
"2019-09-27T00:00:00.000Z","55.0715645869","166"
"2019-09-27T12:00:00.000Z","56.3608494395","148"
"2019-09-28T00:00:00.000Z","55.5712772089","111"
"2019-09-28T12:00:00.000Z","55.682246555","123"
"2019-09-29T00:00:00.000Z","54.8419202734","83"
"2019-09-29T12:00:00.000Z","54.3143365735","74"
"2019-09-30T00:00:00.000Z","55.3820205251","86"
"2019-09-30T12:00:00.000Z","56.0569087721","124"
"2019-10-01T00:00:00.000Z","56.2224252783","113"
"2019-10-01T12:00:00.000Z","56.0580761672","132"
"2019-10-02T00:00:00.000Z","56.6137847375","140"
"2019-10-02T12:00:00.000Z","56.508924523","106"
"2019-10-03T00:00:00.000Z","55.9177519193","103"
"2019-10-03T12:00:00.000Z","56.5237112883","148"
"2019-10-04T00:00:00.000Z","57.2558133591","111"
"2019-10-04T12:00:00.000Z","56.8532121139","180"
"2019-10-05T00:00:00.000Z","56.4077878721","53"
"2019-10-05T12:00:00.000Z","56.8438715454","123"
"2019-10-06T00:00:00.000Z","56.5459244637","84"
"2019-10-06T12:00:00.000Z","55.4115690949","110"
"2019-10-07T00:00:00.000Z","56.0953288772","80"
"2019-10-07T12:00:00.000Z","57.7883001149","186"
"2019-10-08T00:00:00.000Z","57.3937754742","65"
"2019-10-08T12:00:00.000Z","57.3985867554","113"
"2019-10-09T00:00:00.000Z","57.9719183033","122"
"2019-10-09T12:00:00.000Z","59.430865842","182"
"2019-10-10T00:00:00.000Z","58.122518722","92"
"2019-10-10T12:00:00.000Z","57.7760831796","131"
"2019-10-11T00:00:00.000Z","56.7122821256","87"
"2019-10-11T12:00:00.000Z","56.296968974","138"
"2019-10-12T00:00:00.000Z","56.5621370174","58"
"2019-10-12T12:00:00.000Z","55.9828696793","125"
"2019-10-13T00:00:00.000Z","56.6847711911","88"
"2019-10-13T12:00:00.000Z","56.7139949094","144"
"2019-10-14T00:00:00.000Z","57.0242726616","158"
"2019-10-14T12:00:00.000Z","56.9754006967","204"
"2019-10-15T00:00:00.000Z","55.8559004125","176"
"2019-10-15T12:00:00.000Z","54.9442081295","172"
"2019-10-16T00:00:00.000Z","54.2657044513","129"
"2019-10-16T12:00:00.000Z","52.9231066814","162"
"2019-10-17T00:00:00.000Z","53.9560456696","155"
"2019-10-17T12:00:00.000Z","54.8844752045","205"
"2019-10-18T00:00:00.000Z","53.5488875274","123"
"2019-10-18T12:00:00.000Z","53.4916924251","169"
"2019-10-19T00:00:00.000Z","53.5049605875","78"
"2019-10-19T12:00:00.000Z","54.0345715635","164"
"2019-10-20T00:00:00.000Z","53.5452471801","100"
"2019-10-20T12:00:00.000Z","54.9343797095","142"
"2019-10-21T00:00:00.000Z","55.0921324039","131"
"2019-10-21T12:00:00.000Z","54.9382982595","209"
"2019-10-22T00:00:00.000Z","54.8304262794","172"
"2019-10-22T12:00:00.000Z","53.7443620925","267"
"2019-10-23T00:00:00.000Z","52.826316924","137"
"2019-10-23T12:00:00.000Z","49.6279561923","263"
"2019-10-24T00:00:00.000Z","49.6079955458","131"
"2019-10-24T12:00:00.000Z","50.0676659166","287"
"2019-10-25T00:00:00.000Z","50.7473752776","80"
"2019-10-25T12:00:00.000Z","56.9459763381","248"
"2019-10-26T00:00:00.000Z","56.4428188061","149"
"2019-10-26T12:00:00.000Z","56.775251712","159"
"2019-10-27T00:00:00.000Z","57.4053982322","143"
"2019-10-27T12:00:00.000Z","59.9139888283","196"
"2019-10-28T00:00:00.000Z","59.5766329437","149"
"2019-10-28T12:00:00.000Z","58.1268402987","167"
"2019-10-29T00:00:00.000Z","60.0833442332","121"
"2019-10-29T12:00:00.000Z","59.8696243646","195"
"2019-10-30T00:00:00.000Z","58.5395202278","133"
"2019-10-30T12:00:00.000Z","58.4209716297","163"
"2019-10-31T00:00:00.000Z","58.381015022","81"
"2019-10-31T12:00:00.000Z","58.7806836326","162"
"2019-11-01T00:00:00.000Z","58.5651063982","108"
"2019-11-01T12:00:00.000Z","58.5790850619","115"
"2019-11-02T00:00:00.000Z","58.6106836931","104"
"2019-11-02T12:00:00.000Z","58.5921025152","162"
"2019-11-03T00:00:00.000Z","57.9396570719","99"
"2019-11-03T12:00:00.000Z","58.6251891562","134"
"2019-11-04T00:00:00.000Z","60.3625686114","185"
"2019-11-04T12:00:00.000Z","61.5730574891","254"
"2019-11-05T00:00:00.000Z","62.7305053652","182"
"2019-11-05T12:00:00.000Z","63.3027644295","242"
"2019-11-06T00:00:00.000Z","63.6243561098","174"
"2019-11-06T12:00:00.000Z","64.2687453232","181"
"2019-11-07T00:00:00.000Z","61.9052862091","180"
"2019-11-07T12:00:00.000Z","61.8432220073","181"
"2019-11-08T00:00:00.000Z","60.9441425312","138"
"2019-11-08T12:00:00.000Z","60.5299177709","170"
"2019-11-09T00:00:00.000Z","61.1197476219","129"
"2019-11-09T12:00:00.000Z","61.8971432952","199"
"2019-11-10T00:00:00.000Z","62.8456919805","169"
"2019-11-10T12:00:00.000Z","63.8414664618","237"
"2019-11-11T00:00:00.000Z","61.9536495369","130"
"2019-11-11T12:00:00.000Z","61.899106855","124"
"2019-11-12T00:00:00.000Z","61.530040095","144"
"2019-11-12T12:00:00.000Z","61.3402972966","119"
"2019-11-13T00:00:00.000Z","61.6951754167","181"
"2019-11-13T12:00:00.000Z","61.0771521379","159"
"2019-11-14T00:00:00.000Z","59.7608161961","97"
"2019-11-14T12:00:00.000Z","59.4298942835","145"
"2019-11-15T00:00:00.000Z","59.7120311458","119"
"2019-11-15T12:00:00.000Z","57.8117103973","155"
"2019-11-16T00:00:00.000Z","58.5747326429","122"
"2019-11-16T12:00:00.000Z","58.6047494585","156"
"2019-11-17T00:00:00.000Z","59.867557864","111"
"2019-11-17T12:00:00.000Z","59.5732277141","94"
"2019-11-18T00:00:00.000Z","59.0231717836","70"
"2019-11-18T12:00:00.000Z","56.80095038","144"
"2019-11-19T00:00:00.000Z","55.5547769997","165"
"2019-11-19T12:00:00.000Z","55.633770987","123"
"2019-11-20T00:00:00.000Z","55.9157910558","102"
"2019-11-20T12:00:00.000Z","55.2909230079","136"
"2019-11-21T00:00:00.000Z","52.8835006228","145"
"2019-11-21T12:00:00.000Z","50.8830533118","154"
"2019-11-22T00:00:00.000Z","47.4559086817","95"
"2019-11-22T12:00:00.000Z","47.6155372253","132"
"2019-11-23T00:00:00.000Z","47.8371298961","66"
"2019-11-23T12:00:00.000Z","48.7064912945","99"
"2019-11-24T00:00:00.000Z","47.8385585128","125"
"2019-11-24T12:00:00.000Z","44.7342264543","152"
"2019-11-25T00:00:00.000Z","45.4424751807","162"
"2019-11-25T12:00:00.000Z","45.8303359717","129"
"2019-11-26T00:00:00.000Z","46.5578998723","72"
"2019-11-26T12:00:00.000Z","47.2733413597","140"
"2019-11-27T00:00:00.000Z","45.8304279953","74"
"2019-11-27T12:00:00.000Z","48.0088062763","105"
"2019-11-28T00:00:00.000Z","48.1347093154","93"
"2019-11-28T12:00:00.000Z","47.0569488598","127"
"2019-11-29T00:00:00.000Z","48.4418380478","70"
"2019-11-29T12:00:00.000Z","48.8791579725","132"
"2019-11-30T00:00:00.000Z","48.5030098575","66"
"2019-11-30T12:00:00.000Z","47.4754306825","122"
"2019-12-01T00:00:00.000Z","46.7824848545","68"
"2019-12-01T12:00:00.000Z","47.7111707214","220"
"2019-12-02T00:00:00.000Z","46.0934985758","105"
"2019-12-02T12:00:00.000Z","45.8170166941","176"
"2019-12-03T00:00:00.000Z","45.2581898231","138"
"2019-12-03T12:00:00.000Z","45.3816049176","151"
"2019-12-04T00:00:00.000Z","45.215583348","138"
"2019-12-04T12:00:00.000Z","45.1929506727","161"
"2019-12-05T00:00:00.000Z","45.3400003784","116"
"2019-12-05T12:00:00.000Z","45.3016395062","234"
"2019-12-06T00:00:00.000Z","44.9052004724","149"
"2019-12-06T12:00:00.000Z","45.6701186502","166"
"2019-12-07T00:00:00.000Z","46.0182106943","116"
"2019-12-07T12:00:00.000Z","45.6404906377","121"
"2019-12-08T00:00:00.000Z","46.1343964409","127"
"2019-12-08T12:00:00.000Z","45.8999137664","103"
"2019-12-09T00:00:00.000Z","45.4543903025","119"
"2019-12-09T12:00:00.000Z","44.9392434215","156"
"2019-12-10T00:00:00.000Z","44.6764745807","98"
"2019-12-10T12:00:00.000Z","44.6442411233","206"
"2019-12-11T00:00:00.000Z","44.6551066368","96"
"2019-12-11T12:00:00.000Z","43.9367080663","150"
"2019-12-12T00:00:00.000Z","44.0177888745","78"
"2019-12-12T12:00:00.000Z","44.0821699521","131"
"2019-12-13T00:00:00.000Z","44.1456820795","113"
"2019-12-13T12:00:00.000Z","44.4493774649","84"
"2019-12-14T00:00:00.000Z","43.993740783","81"
"2019-12-14T12:00:00.000Z","43.7515318268","130"
"2019-12-15T00:00:00.000Z","43.8405176516","60"
"2019-12-15T12:00:00.000Z","43.7568277758","119"
"2019-12-16T00:00:00.000Z","43.4242638897","88"
"2019-12-16T12:00:00.000Z","40.4094823115","251"
"2019-12-17T00:00:00.000Z","39.9057528775","119"
"2019-12-17T12:00:00.000Z","36.9269333207","190"
"2019-12-18T00:00:00.000Z","37.5536175656","105"
"2019-12-18T12:00:00.000Z","40.7934546736","150"
"2019-12-19T00:00:00.000Z","39.9607100618","65"
"2019-12-19T12:00:00.000Z","39.920295762","113"
"2019-12-20T00:00:00.000Z","40.3378418846","69"
"2019-12-20T12:00:00.000Z","40.3048177276","83"
"2019-12-21T00:00:00.000Z","40.1349576686","92"
"2019-12-21T12:00:00.000Z","40.0100981536","98"
"2019-12-22T00:00:00.000Z","41.2504214429","110"
"2019-12-22T12:00:00.000Z","42.0374053167","217"
"2019-12-23T00:00:00.000Z","42.3040410424","82"
"2019-12-23T12:00:00.000Z","40.862876384","91"
"2019-12-24T00:00:00.000Z","41.3936046255","73"
"2019-12-24T12:00:00.000Z","40.6343916049","100"
"2019-12-25T00:00:00.000Z","40.1678551477","139"
"2019-12-25T12:00:00.000Z","40.6034383271","129"
"2019-12-26T00:00:00.000Z","40.0981393436","85"
"2019-12-26T12:00:00.000Z","40.284054881","131"
"2019-12-27T00:00:00.000Z","40.3717892386","86"
"2019-12-27T12:00:00.000Z","41.225862147","192"
"2019-12-28T00:00:00.000Z","42.0900942495","120"
"2019-12-28T12:00:00.000Z","42.8425223762","229"
"2019-12-29T00:00:00.000Z","43.0373132752","102"
"2019-12-29T12:00:00.000Z","43.7539342918","118"
"2019-12-30T00:00:00.000Z","43.2305451244","136"
"2019-12-30T12:00:00.000Z","42.790712069","130"
"2019-12-31T00:00:00.000Z","42.4435711636","118"
"2019-12-31T12:00:00.000Z","41.4232767087","92"
"2020-01-01T00:00:00.000Z","41.9130781298","45"
"2020-01-01T12:00:00.000Z","41.9887127932","66"
"2020-01-02T00:00:00.000Z","41.6326884603","56"
"2020-01-02T12:00:00.000Z","39.8230153245","120"
"2020-01-03T00:00:00.000Z","41.8647892085","76"
"2020-01-03T12:00:00.000Z","42.4052277733","106"
"2020-01-04T00:00:00.000Z","42.660742625","80"
"2020-01-04T12:00:00.000Z","43.2913815968","100"
"2020-01-05T00:00:00.000Z","43.4629325323","81"
"2020-01-05T12:00:00.000Z","43.5675133618","156"
"2020-01-06T00:00:00.000Z","45.1437204474","112"
"2020-01-06T12:00:00.000Z","45.8236766628","132"
"2020-01-07T00:00:00.000Z","45.9510489558","97"
"2020-01-07T12:00:00.000Z","46.4483523139","187"
"2020-01-08T00:00:00.000Z","47.6982846267","168"
"2020-01-08T12:00:00.000Z","45.65376714","241"
"2020-01-09T00:00:00.000Z","45.19320849","106"
"2020-01-09T12:00:00.000Z","45.21593084","104"
"2020-01-10T00:00:00.000Z","45.2383962","92"
"2020-01-10T12:00:00.000Z","48.72732772","336"
"2020-01-11T00:00:00.000Z","48.36286338","108"
"2020-01-11T12:00:00.000Z","49.2637687","295"
"2020-01-12T00:00:00.000Z","50.18594065","93"
"2020-01-12T12:00:00.000Z","51.1223120276","265"
"2020-01-13T00:00:00.000Z","50.1734867","116"
"2020-01-13T12:00:00.000Z","49.73376765","145"
"2020-01-14T00:00:00.000Z","54.31070172","184"
"2020-01-14T12:00:00.000Z","58.3902666154","320"
"2020-01-15T00:00:00.000Z","57.97948","142"
"2020-01-15T12:00:00.000Z","58.05284983","152"
"2020-01-16T00:00:00.000Z","56.3583505991","74"
"2020-01-16T12:00:00.000Z","57.61825573","177"
"2020-01-17T00:00:00.000Z","59.52847001","176"
"2020-01-17T12:00:00.000Z","61.48712591","289"
"2020-01-18T00:00:00.000Z","59.63175165","99"
"2020-01-18T12:00:00.000Z","59.445708711500004","179"
"2020-01-19T00:00:00.000Z","57.63713082","134"
"2020-01-19T12:00:00.000Z","57.80069364","121"
"2020-01-20T00:00:00.000Z","56.96021104","91"
"2020-01-20T12:00:00.000Z","57.20326109","129"
"2020-01-21T00:00:00.000Z","57.6754518727","91"
"2020-01-21T12:00:00.000Z","57.6395931716","146"
"2020-01-22T00:00:00.000Z","58.20617878","94"
"2020-01-22T12:00:00.000Z","58.35472454","114"
"2020-01-23T00:00:00.000Z","56.45109994","87"
"2020-01-23T12:00:00.000Z","54.63026014","151"
"2020-01-24T00:00:00.000Z","53.49110448","103"
"2020-01-24T12:00:00.000Z","54.53178894","144"
"2020-01-25T00:00:00.000Z","53.22601212","102"
"2020-01-25T12:00:00.000Z","53.69778845","179"
"2020-01-26T00:00:00.000Z","54.77457037","102"
"2020-01-26T12:00:00.000Z","56.21271438","133"
"2020-01-27T00:00:00.000Z","57.80904662","106"
"2020-01-27T12:00:00.000Z","58.76326686","222"
"2020-01-28T00:00:00.000Z","60.0694176","122"
"2020-01-28T12:00:00.000Z","60.6637667782","170"
"2020-01-29T00:00:00.000Z","60.5042073","141"
"2020-01-29T12:00:00.000Z","60.0139158026","155"
"2020-01-30T00:00:00.000Z","61.97978695","144"
"2020-01-30T12:00:00.000Z","68.15906252","834"
"2020-01-31T00:00:00.000Z","68.04834836","246"
"2020-01-31T12:00:00.000Z","67.87949262","258"
"2020-02-01T00:00:00.000Z","69.55495102","286"
"2020-02-01T12:00:00.000Z","70.82001757","184"
"2020-02-02T00:00:00.000Z","71.5781490642","140"
"2020-02-02T12:00:00.000Z","70.23154173","203"
"2020-02-03T00:00:00.000Z","70.08809706","97"
"2020-02-03T12:00:00.000Z","69.7694823283","151"
"2020-02-04T00:00:00.000Z","67.72620194","94"
"2020-02-04T12:00:00.000Z","68.1146080768","217"
"2020-02-05T00:00:00.000Z","71.60406705","107"
"2020-02-05T12:00:00.000Z","72.5323810795","215"
"2020-02-06T00:00:00.000Z","74.65676602","121"
"2020-02-06T12:00:00.000Z","73.38868617","200"
"2020-02-07T00:00:00.000Z","74.2264241934","131"
"2020-02-07T12:00:00.000Z","74.35611575","112"
"2020-02-08T00:00:00.000Z","75.87503333","122"
"2020-02-08T12:00:00.000Z","76.46756358","229"
"2020-02-09T00:00:00.000Z","77.38505767","153"
"2020-02-09T12:00:00.000Z","77.09257993","183"
"2020-02-10T00:00:00.000Z","73.3052126","118"
"2020-02-10T12:00:00.000Z","74.3460785602","162"
"2020-02-11T00:00:00.000Z","74.28692094","110"
"2020-02-11T12:00:00.000Z","76.59739711","250"
"2020-02-12T00:00:00.000Z","79.24233108","160"
"2020-02-12T12:00:00.000Z","81.2297238039","447"
"2020-02-13T00:00:00.000Z","79.17221613","199"
"2020-02-13T12:00:00.000Z","80.3755116016","208"
"2020-02-14T00:00:00.000Z","81.7630311734","129"
"2020-02-14T12:00:00.000Z","82.99034907","212"
"2020-02-15T00:00:00.000Z","81.015695508","115"
"2020-02-15T12:00:00.000Z","76.5132459","138"
"2020-02-16T00:00:00.000Z","77.9387611718","130"
"2020-02-16T12:00:00.000Z","75.15259112","194"
"2020-02-17T00:00:00.000Z","70.8120286482","114"
"2020-02-17T12:00:00.000Z","73.25130447","218"
"2020-02-18T00:00:00.000Z","73.11914029","198"
"2020-02-18T12:00:00.000Z","77.03518149","227"
"2020-02-19T00:00:00.000Z","77.5399488908","135"
"2020-02-19T12:00:00.000Z","71.13594006","214"
"2020-02-20T00:00:00.000Z","69.36094103","191"
"2020-02-20T12:00:00.000Z","69.62484632","144"
"2020-02-21T00:00:00.000Z","71.85456821","105"
"2020-02-21T12:00:00.000Z","73.4858627398","173"
"2020-02-22T00:00:00.000Z","74.65737139","94"
"2020-02-22T12:00:00.000Z","75.1330769","179"
"2020-02-23T00:00:00.000Z","78.23357708","140"
"2020-02-23T12:00:00.000Z","79.5595153544","136"
"2020-02-24T00:00:00.000Z","77.01129911","121"
"2020-02-24T12:00:00.000Z","75.53561999","178"
"2020-02-25T00:00:00.000Z","74.47461764","100"
"2020-02-25T12:00:00.000Z","71.18024523","125"
"2020-02-26T00:00:00.000Z","66.0473061","84"
"2020-02-26T12:00:00.000Z","61.01430861","207"
"2020-02-27T00:00:00.000Z","61.11066788","133"
"2020-02-27T12:00:00.000Z","61.50788573","170"
"2020-02-28T00:00:00.000Z","58.78147355","79"
"2020-02-28T12:00:00.000Z","59.76395738","158"
"2020-02-29T00:00:00.000Z","59.73871345","75"
"2020-02-29T12:00:00.000Z","58.54326356","70"
"2020-03-01T00:00:00.000Z","59.517282831","80"
"2020-03-01T12:00:00.000Z","57.95668772","64"
"2020-03-02T00:00:00.000Z","59.77215169","63"
"2020-03-02T12:00:00.000Z","60.99555","112"
"2020-03-03T00:00:00.000Z","62.18080166","92"
"2020-03-03T12:00:00.000Z","61.14447561","115"
"2020-03-04T00:00:00.000Z","60.15984568","106"
"2020-03-04T12:00:00.000Z","60.38241897","107"
"2020-03-05T00:00:00.000Z","62.56054585","122"
"2020-03-05T12:00:00.000Z","62.04545979","144"
"2020-03-06T00:00:00.000Z","63.77326393","58"
"2020-03-06T12:00:00.000Z","63.02560065","86"
"2020-03-07T00:00:00.000Z","63.31861543","85"
"2020-03-07T12:00:00.000Z","60.54630926","72"
"2020-03-08T00:00:00.000Z","59.2897172638","64"
"2020-03-08T12:00:00.000Z","51.72860078","86"
"2020-03-09T00:00:00.000Z","49.58271417","66"
"2020-03-09T12:00:00.000Z","50.16814728","97"
"2020-03-10T00:00:00.000Z","50.67082648","72"
"2020-03-10T12:00:00.000Z","50.25638895","103"
"2020-03-11T00:00:00.000Z","48.55486161","60"
"2020-03-11T12:00:00.000Z","48.46378534","139"
"2020-03-12T00:00:00.000Z","33.82701132","111"
"2020-03-12T12:00:00.000Z","31.004512577","212"
"2020-03-13T00:00:00.000Z","34.16255895","212"
"2020-03-13T12:00:00.000Z","37.43795474","217"
"2020-03-14T00:00:00.000Z","36.19801501","76"
"2020-03-14T12:00:00.000Z","34.39658647","94"
"2020-03-15T00:00:00.000Z","36.18352211","50"
"2020-03-15T12:00:00.000Z","36.43709163","81"
"2020-03-16T00:00:00.000Z","31.0931733299","115"
"2020-03-16T12:00:00.000Z","32.8762152","88"
"2020-03-17T00:00:00.000Z","34.17923924","42"
"2020-03-17T12:00:00.000Z","33.56387001","55"
"2020-03-18T00:00:00.000Z","33.4159903","56"
"2020-03-18T12:00:00.000Z","33.68417723","85"
"2020-03-19T00:00:00.000Z","35.07048357","71"
"2020-03-19T12:00:00.000Z","39.07376593","113"
"2020-03-20T00:00:00.000Z","41.54366267","74"
"2020-03-20T12:00:00.000Z","38.13195588","104"
"2020-03-21T00:00:00.000Z","37.81210792","52"
"2020-03-21T12:00:00.000Z","38.34232788","78"
"2020-03-22T00:00:00.000Z","38.17876609","47"
"2020-03-22T12:00:00.000Z","35.62805385","126"
"2020-03-23T00:00:00.000Z","36.34736958","49"
"2020-03-23T12:00:00.000Z","38.76576717","91"
"2020-03-24T00:00:00.000Z","40.11004207","59"
"2020-03-24T12:00:00.000Z","40.49064582","121"
"2020-03-25T00:00:00.000Z","38.7936908","81"
"2020-03-25T12:00:00.000Z","39.15122284","81"
"2020-03-26T00:00:00.000Z","39.20080739","62"
"2020-03-26T12:00:00.000Z","40.160597","59"
"2020-03-27T00:00:00.000Z","39.94849732","39"
"2020-03-27T12:00:00.000Z","38.91847576","69"
"2020-03-28T00:00:00.000Z","37.84444184","51"
"2020-03-28T12:00:00.000Z","38.873758","100"
"2020-03-29T00:00:00.000Z","38.42384989","51"
"2020-03-29T12:00:00.000Z","37.33254256","119"
"2020-03-30T00:00:00.000Z","38.9047172","65"
"2020-03-30T12:00:00.000Z","39.13828904","89"
"2020-03-31T00:00:00.000Z","38.865079539999996","51"
"2020-03-31T12:00:00.000Z","39.29910172","106"
"2020-04-01T00:00:00.000Z","38.8616111","60"
"2020-04-01T12:00:00.000Z","39.38081279","98"
"2020-04-02T00:00:00.000Z","39.82141236","65"
"2020-04-02T12:00:00.000Z","39.87416665","103"
"2020-04-03T00:00:00.000Z","41.04636867","95"
"2020-04-03T12:00:00.000Z","40.35913504","92"
"2020-04-04T00:00:00.000Z","40.18677977","77"
"2020-04-04T12:00:00.000Z","40.67555711","88"
"2020-04-05T00:00:00.000Z","40.6432135","65"
"2020-04-05T12:00:00.000Z","40.67013927","69"
"2020-04-06T00:00:00.000Z","42.3793051892","85"
"2020-04-06T12:00:00.000Z","44.39112198","102"
"2020-04-07T00:00:00.000Z","46.34016289","101"
"2020-04-07T12:00:00.000Z","44.6679293","119"
"2020-04-08T00:00:00.000Z","45.7428906","102"
"2020-04-08T12:00:00.000Z","46.31985866","81"
"2020-04-09T00:00:00.000Z","45.84593701","56"
"2020-04-09T12:00:00.000Z","46.4003396927","96"
"2020-04-10T00:00:00.000Z","42.67559057","74"
"2020-04-10T12:00:00.000Z","42.26981235","53"
"2020-04-11T00:00:00.000Z","42.49009248","43"
"2020-04-11T12:00:00.000Z","42.31909769","58"
"2020-04-12T00:00:00.000Z","42.419247","40"
"2020-04-12T12:00:00.000Z","42.4502857","91"
"2020-04-13T00:00:00.000Z","40.8687172891","95"
"2020-04-13T12:00:00.000Z","41.20434234","247"
"2020-04-14T00:00:00.000Z","41.03609491","294"
"2020-04-14T12:00:00.000Z","41.0800941391","325"
"2020-04-15T00:00:00.000Z","40.89913069","253"
"2020-04-15T12:00:00.000Z","39.58906929","356"
"2020-04-16T00:00:00.000Z","42.34411374","110"
"2020-04-16T12:00:00.000Z","42.6750506128","86"
"2020-04-17T00:00:00.000Z","42.28329882","239"
"2020-04-17T12:00:00.000Z","42.74503552","248"
"2020-04-18T00:00:00.000Z","42.73999335","58"
"2020-04-18T12:00:00.000Z","44.36289744","263"
"2020-04-19T00:00:00.000Z","43.7221555","355"
"2020-04-19T12:00:00.000Z","42.63475094","65"
"2020-04-20T00:00:00.000Z","41.75206295","216"
"2020-04-20T12:00:00.000Z","40.82838424","254"
"2020-04-21T00:00:00.000Z","40.5878542","199"
"2020-04-21T12:00:00.000Z","41.04014175","311"
"2020-04-22T00:00:00.000Z","41.35300878","58"
"2020-04-22T12:00:00.000Z","41.8874131","258"
"2020-04-23T00:00:00.000Z","41.75706813","190"
"2020-04-23T12:00:00.000Z","42.93721546","395"
"2020-04-24T00:00:00.000Z","44.3105456025","254"
"2020-04-24T12:00:00.000Z","44.8152051325","215"
"2020-04-25T00:00:00.000Z","45.0194817","326"
"2020-04-25T12:00:00.000Z","44.7149101","518"
"2020-04-26T00:00:00.000Z","45.01573553","158"
"2020-04-26T12:00:00.000Z","44.68908811","143"
"2020-04-27T00:00:00.000Z","44.73854154","427"
"2020-04-27T12:00:00.000Z","44.71006432","316"
"2020-04-28T00:00:00.000Z","44.8433286","332"
"2020-04-28T12:00:00.000Z","46.02870344","571"
"2020-04-29T00:00:00.000Z","46.78062258","339"
"2020-04-29T12:00:00.000Z","49.18130189","718"
"2020-04-30T00:00:00.000Z","47.66369711","412"
"2020-04-30T12:00:00.000Z","46.71401966","153"
"2020-05-01T00:00:00.000Z","48.42647191","226"
"2020-05-01T12:00:00.000Z","47.79170327","296"
"2020-05-02T00:00:00.000Z","47.90722779","228"
"2020-05-02T12:00:00.000Z","49.45804612","248"
"2020-05-03T00:00:00.000Z","49.26793136","200"
"2020-05-03T12:00:00.000Z","48.26715747","140"
"2020-05-04T00:00:00.000Z","46.34814481","363"
"2020-05-04T12:00:00.000Z","47.47349286","427"
"2020-05-05T00:00:00.000Z","46.60057515","226"
"2020-05-05T12:00:00.000Z","46.78725938","266"
"2020-05-06T00:00:00.000Z","47.612652","518"
"2020-05-06T12:00:00.000Z","45.94286637","157"
"2020-05-07T00:00:00.000Z","45.77344282","280"
"2020-05-07T12:00:00.000Z","47.33011499","526"
"2020-05-08T00:00:00.000Z","47.22674004","426"
"2020-05-08T12:00:00.000Z","47.88221848","215"
"2020-05-09T00:00:00.000Z","47.48968455","88"
"2020-05-09T12:00:00.000Z","47.2605951263","412"
"2020-05-10T00:00:00.000Z","42.4374593675","255"
"2020-05-10T12:00:00.000Z","42.36762756","576"
"2020-05-11T00:00:00.000Z","42.18872381","92"
"2020-05-11T12:00:00.000Z","41.69996396","288"
"2020-05-12T00:00:00.000Z","42.559211930000004","82"
"2020-05-12T12:00:00.000Z","42.11187972","173"
"2020-05-13T00:00:00.000Z","42.42086352","131"
"2020-05-13T12:00:00.000Z","43.13455948","127"
"2020-05-14T00:00:00.000Z","43.73722693","109"
"2020-05-14T12:00:00.000Z","43.94533535","165"
"2020-05-15T00:00:00.000Z","43.59024472","217"
"2020-05-15T12:00:00.000Z","42.83398136","249"
"2020-05-16T00:00:00.000Z","43.36438978","459"
"2020-05-16T12:00:00.000Z","43.21289662","435"
"2020-05-17T00:00:00.000Z","44.06967094","100"
"2020-05-17T12:00:00.000Z","43.64083543","411"
"2020-05-18T00:00:00.000Z","44.82877652","303"
"2020-05-18T12:00:00.000Z","45.20107397","353"
"2020-05-19T00:00:00.000Z","45.21513128","250"
"2020-05-19T12:00:00.000Z","45.3836115","608"
"2020-05-20T00:00:00.000Z","45.363341","122"
"2020-05-20T12:00:00.000Z","44.17212611","336"
"2020-05-21T00:00:00.000Z","43.8553925655","322"
"2020-05-21T12:00:00.000Z","42.74270168","314"
"2020-05-22T00:00:00.000Z","43.75885236","374"
"2020-05-22T12:00:00.000Z","44.20758096","395"
"2020-05-23T00:00:00.000Z","43.98614923","159"
"2020-05-23T12:00:00.000Z","44.0331176","82"
"2020-05-24T00:00:00.000Z","43.94826616","73"
"2020-05-24T12:00:00.000Z","42.44889275","161"
"2020-05-25T00:00:00.000Z","42.5429455","75"
"2020-05-25T12:00:00.000Z","42.94612981","106"
"2020-05-26T00:00:00.000Z","42.58773597","121"
"2020-05-26T12:00:00.000Z","42.43205739","128"
"2020-05-27T00:00:00.000Z","43.7136261985","112"
"2020-05-27T12:00:00.000Z","43.86143258","84"
"2020-05-28T00:00:00.000Z","43.76239366","81"
"2020-05-28T12:00:00.000Z","44.75869919","165"
"2020-05-29T00:00:00.000Z","44.47192603","98"
"2020-05-29T12:00:00.000Z","44.65246514","174"
"2020-05-30T00:00:00.000Z","46.61708326","135"
"2020-05-30T12:00:00.000Z","47.53863087","110"
"2020-05-31T00:00:00.000Z","47.03105634","71"
"2020-05-31T12:00:00.000Z","45.5742285993","119"
"2020-06-01T00:00:00.000Z","45.8592336","93"
"2020-06-01T12:00:00.000Z","48.12523141","124"
"2020-06-02T00:00:00.000Z","49.54759009","155"
"2020-06-02T12:00:00.000Z","45.92351688","121"
"2020-06-03T00:00:00.000Z","46.83942403","58"
"2020-06-03T12:00:00.000Z","47.17289444","133"
"2020-06-04T00:00:00.000Z","47.10764664","82"
"2020-06-04T12:00:00.000Z","47.637595","102"
"2020-06-05T00:00:00.000Z","47.32499089","75"
"2020-06-05T12:00:00.000Z","47.05314611","70"
"2020-06-06T00:00:00.000Z","47.05724628","68"
"2020-06-06T12:00:00.000Z","46.73195764","77"
"2020-06-07T00:00:00.000Z","46.27787695","48"
"2020-06-07T12:00:00.000Z","46.66800204","57"
"2020-06-08T00:00:00.000Z","46.631476496","72"
"2020-06-08T12:00:00.000Z","46.471441879","70"
"2020-06-09T00:00:00.000Z","46.22514711","59"
"2020-06-09T12:00:00.000Z","46.06941413","88"
"2020-06-10T00:00:00.000Z","45.94955554","57"
"2020-06-10T12:00:00.000Z","46.67997596","102"
"2020-06-11T00:00:00.000Z","46.44018104","54"
"2020-06-11T12:00:00.000Z","43.5007242977","105"
"2020-06-12T00:00:00.000Z","44.54862624","81"
"2020-06-12T12:00:00.000Z","44.82805407","99"
"2020-06-13T00:00:00.000Z","44.76830289","47"
"2020-06-13T12:00:00.000Z","45.0945597","94"
"2020-06-14T00:00:00.000Z","44.59793536","58"
"2020-06-14T12:00:00.000Z","44.08452628","91"
"2020-06-15T00:00:00.000Z","42.97430089","112"
"2020-06-15T12:00:00.000Z","43.91429476","98"
"2020-06-16T00:00:00.000Z","43.90572837","78"
"2020-06-16T12:00:00.000Z","43.87725723","107"
"2020-06-17T00:00:00.000Z","44.52316482","107"
"2020-06-17T12:00:00.000Z","44.03235715","81"
"2020-06-18T00:00:00.000Z","43.78363431","67"
"2020-06-18T12:00:00.000Z","43.56013067","75"
"2020-06-19T00:00:00.000Z","43.57310908","81"
"2020-06-19T12:00:00.000Z","42.67983406","70"
"2020-06-20T00:00:00.000Z","42.9687607","57"
"2020-06-20T12:00:00.000Z","43.3468149","74"
"2020-06-21T00:00:00.000Z","43.37207073","83"
"2020-06-21T12:00:00.000Z","43.08744304","62"
"2020-06-22T00:00:00.000Z","43.5939166476","68"
"2020-06-22T12:00:00.000Z","44.188004","94"
"2020-06-23T00:00:00.000Z","43.94932437","48"
"2020-06-23T12:00:00.000Z","44.17927958","102"
"2020-06-24T00:00:00.000Z","43.03301232","68"
"2020-06-24T12:00:00.000Z","42.84382675","83"
"2020-06-25T00:00:00.000Z","42.6073996174","51"
"2020-06-25T12:00:00.000Z","42.5643029462","76"
"2020-06-26T00:00:00.000Z","42.94846813","68"
"2020-06-26T12:00:00.000Z","43.32078456","117"
"2020-06-27T00:00:00.000Z","42.91402664","71"
"2020-06-27T12:00:00.000Z","41.55555971","104"
"2020-06-28T00:00:00.000Z","41.27744943","36"
"2020-06-28T12:00:00.000Z","41.40826848","76"
"2020-06-29T00:00:00.000Z","41.25932108","71"
"2020-06-29T12:00:00.000Z","41.85103372","73"
"2020-06-30T00:00:00.000Z","41.4930125","39"
"2020-06-30T12:00:00.000Z","41.46779203","71"
"2020-07-01T00:00:00.000Z","41.85839075","103"
"2020-07-01T12:00:00.000Z","41.69924516","93"
"2020-07-02T00:00:00.000Z","41.65659119","64"
"2020-07-02T12:00:00.000Z","41.4718551843","99"
"2020-07-03T00:00:00.000Z","41.40560784","68"
"2020-07-03T12:00:00.000Z","41.1807535777","74"
"2020-07-04T00:00:00.000Z","41.5876453531","62"
"2020-07-04T12:00:00.000Z","42.06653368","95"
"2020-07-05T00:00:00.000Z","41.51312073","67"
"2020-07-05T12:00:00.000Z","41.59807417","64"
"2020-07-06T00:00:00.000Z","42.69972936","87"
"2020-07-06T12:00:00.000Z","43.96349344","125"
"2020-07-07T00:00:00.000Z","43.66320985","81"
"2020-07-07T12:00:00.000Z","43.3182468","239"
"2020-07-08T00:00:00.000Z","45.1568760363","169"
"2020-07-08T12:00:00.000Z","45.2007465","191"
"2020-07-09T00:00:00.000Z","45.36200684","110"
"2020-07-09T12:00:00.000Z","44.5374555","138"
"2020-07-10T00:00:00.000Z","44.06553863","73"
"2020-07-10T12:00:00.000Z","44.2461161","100"
"2020-07-11T00:00:00.000Z","44.12845952","45"
"2020-07-11T12:00:00.000Z","44.67707832","112"
"2020-07-12T00:00:00.000Z","44.75705728","50"
"2020-07-12T12:00:00.000Z","44.6361016","132"
"2020-07-13T00:00:00.000Z","45.15231319","135"
"2020-07-13T12:00:00.000Z","43.91979575","103"
"2020-07-14T00:00:00.000Z","43.74157919","102"
"2020-07-14T12:00:00.000Z","43.80286462","137"
"2020-07-15T00:00:00.000Z","43.34363779","84"
"2020-07-15T12:00:00.000Z","43.2789555","155"
"2020-07-16T00:00:00.000Z","41.88056964","107"
"2020-07-16T12:00:00.000Z","42.03543724","108"
"2020-07-17T00:00:00.000Z","42.02007909","76"
"2020-07-17T12:00:00.000Z","41.91281565","106"
"2020-07-18T00:00:00.000Z","42.43791556","62"
"2020-07-18T12:00:00.000Z","42.42586604","98"
"2020-07-19T00:00:00.000Z","42.17911074","74"
"2020-07-19T12:00:00.000Z","42.55272856","82"
"2020-07-20T00:00:00.000Z","42.22399764","73"
"2020-07-20T12:00:00.000Z","41.97580954","101"
"2020-07-21T00:00:00.000Z","43.56481054","135"
"2020-07-21T12:00:00.000Z","43.61614844","113"
"2020-07-22T00:00:00.000Z","43.6024421547","100"
"2020-07-22T12:00:00.000Z","44.93611621","179"
"2020-07-23T00:00:00.000Z","44.88681649","104"
"2020-07-23T12:00:00.000Z","44.85007694","187"
"2020-07-24T00:00:00.000Z","44.30390243","121"
"2020-07-24T12:00:00.000Z","44.18254056","138"
"2020-07-25T00:00:00.000Z","47.40271141","368"
"2020-07-25T12:00:00.000Z","48.80476604","302"
"2020-07-26T00:00:00.000Z","48.33525776","158"
"2020-07-26T12:00:00.000Z","47.97871897","162"
"2020-07-27T00:00:00.000Z","48.9435359163","195"
"2020-07-27T12:00:00.000Z","52.95002692","638"
"2020-07-28T00:00:00.000Z","53.56600288","236"
"2020-07-28T12:00:00.000Z","55.57520501","445"
"2020-07-29T00:00:00.000Z","55.69577969","143"
"2020-07-29T12:00:00.000Z","55.17200391","197"
"2020-07-30T00:00:00.000Z","54.48990356","105"
"2020-07-30T12:00:00.000Z","56.64311208","314"
"2020-07-31T00:00:00.000Z","57.3432858313","120"
"2020-07-31T12:00:00.000Z","57.99813709","216"
"2020-08-01T00:00:00.000Z","59.62004408","178"
"2020-08-01T12:00:00.000Z","61.29322579","202"
"2020-08-02T00:00:00.000Z","56.43367506","203"
"2020-08-02T12:00:00.000Z","56.64144374","163"
"2020-08-03T00:00:00.000Z","57.78804005","64"
"2020-08-03T12:00:00.000Z","58.46890283","143"
"2020-08-04T00:00:00.000Z","57.43412268","89"
"2020-08-04T12:00:00.000Z","57.533054","116"
"2020-08-05T00:00:00.000Z","59.10045781","112"
"2020-08-05T12:00:00.000Z","59.01070626","185"
"2020-08-06T00:00:00.000Z","58.27158211","138"
"2020-08-06T12:00:00.000Z","59.1483009616","174"
"2020-08-07T00:00:00.000Z","59.71271998","87"
"2020-08-07T12:00:00.000Z","57.24553207","87"
"2020-08-08T00:00:00.000Z","58.3845973677","88"
"2020-08-08T12:00:00.000Z","58.12920588","139"
"2020-08-09T00:00:00.000Z","57.74226425","125"
"2020-08-09T12:00:00.000Z","57.13903008","123"
"2020-08-10T00:00:00.000Z","57.42146747","126"
"2020-08-10T12:00:00.000Z","58.28884584","151"
"2020-08-11T00:00:00.000Z","57.69514497","129"
"2020-08-11T12:00:00.000Z","54.38684316","141"
"2020-08-12T00:00:00.000Z","54.5660061795","110"
"2020-08-12T12:00:00.000Z","54.96858456","212"
"2020-08-13T00:00:00.000Z","54.88933994","136"
"2020-08-13T12:00:00.000Z","57.74131641","217"
"2020-08-14T00:00:00.000Z","56.7158038","143"
"2020-08-14T12:00:00.000Z","56.75312254","165"
"2020-08-15T00:00:00.000Z","57.4440868722","150"
"2020-08-15T12:00:00.000Z","59.92780968","239"
"2020-08-16T00:00:00.000Z","60.53774211","245"
"2020-08-16T12:00:00.000Z","63.82654319","265"
"2020-08-17T00:00:00.000Z","64.5536015809","196"
"2020-08-17T12:00:00.000Z","67.02804135","425"
"2020-08-18T00:00:00.000Z","65.79755544","245"
"2020-08-18T12:00:00.000Z","65.52753496","264"
"2020-08-19T00:00:00.000Z","63.14907414","145"
"2020-08-19T12:00:00.000Z","62.0046272","213"
"2020-08-20T00:00:00.000Z","62.36917382","111"
"2020-08-20T12:00:00.000Z","62.9059718456","221"
"2020-08-21T00:00:00.000Z","61.14654455","130"
"2020-08-21T12:00:00.000Z","59.3630572454","145"
"2020-08-22T00:00:00.000Z","59.3543060375","70"
"2020-08-22T12:00:00.000Z","60.31115811","152"
"2020-08-23T00:00:00.000Z","58.37338135","68"
"2020-08-23T12:00:00.000Z","60.62325901","177"
"2020-08-24T00:00:00.000Z","62.24293766","119"
"2020-08-24T12:00:00.000Z","62.19942538","152"
"2020-08-25T00:00:00.000Z","61.06455747","84"
"2020-08-25T12:00:00.000Z","58.58066532","126"
"2020-08-26T00:00:00.000Z","58.00279301","94"
"2020-08-26T12:00:00.000Z","58.35817448","155"
"2020-08-27T00:00:00.000Z","57.5887466518","68"
"2020-08-27T12:00:00.000Z","56.0410168","111"
"2020-08-28T00:00:00.000Z","57.70566888","65"
"2020-08-28T12:00:00.000Z","57.35440311","86"
"2020-08-29T00:00:00.000Z","57.44741536","77"
"2020-08-29T12:00:00.000Z","57.29173262","77"
"2020-08-30T00:00:00.000Z","58.43217397","116"
"2020-08-30T12:00:00.000Z","62.72533993","174"
"2020-08-31T00:00:00.000Z","62.67214787","86"
"2020-08-31T12:00:00.000Z","61.11379813","156"
"2020-09-01T00:00:00.000Z","62.25505619","149"
"2020-09-01T12:00:00.000Z","62.88279052","199"
"2020-09-02T00:00:00.000Z","58.66897697","89"
"2020-09-02T12:00:00.000Z","58.09964767","157"
"2020-09-03T00:00:00.000Z","56.46668661","90"
"2020-09-03T12:00:00.000Z","47.77411236","145"
"2020-09-04T00:00:00.000Z","51.19811377","132"
"2020-09-04T12:00:00.000Z","50.61197823","137"
"2020-09-05T00:00:00.000Z","48.51409286","74"
"2020-09-05T12:00:00.000Z","47.58933846","164"
"2020-09-06T00:00:00.000Z","48.72026151","75"
"2020-09-06T12:00:00.000Z","48.05357195","86"
"2020-09-07T00:00:00.000Z","46.26350165","74"
"2020-09-07T12:00:00.000Z","48.77010822","74"
"2020-09-08T00:00:00.000Z","47.2657988885","60"
"2020-09-08T12:00:00.000Z","47.38380177","61"
"2020-09-09T00:00:00.000Z","47.97562065","59"
"2020-09-09T12:00:00.000Z","47.89769852","75"
"2020-09-10T00:00:00.000Z","48.56193914","126"
"2020-09-10T12:00:00.000Z","48.71685458","189"
"2020-09-11T00:00:00.000Z","48.48155222","98"
"2020-09-11T12:00:00.000Z","49.08975339","79"
"2020-09-12T00:00:00.000Z","49.04647109","48"
"2020-09-12T12:00:00.000Z","50.81715545","151"
"2020-09-13T00:00:00.000Z","49.45538028","53"
"2020-09-13T12:00:00.000Z","48.06603626","68"
"2020-09-14T00:00:00.000Z","48.20484525","60"
"2020-09-14T12:00:00.000Z","49.09012439","89"
"2020-09-15T00:00:00.000Z","49.91107919","58"
"2020-09-15T12:00:00.000Z","48.39009774","99"
"2020-09-16T00:00:00.000Z","48.00761898","73"
"2020-09-16T12:00:00.000Z","47.9806697434","91"
"2020-09-17T00:00:00.000Z","48.65194467","47"
"2020-09-17T12:00:00.000Z","48.87706842","96"
"2020-09-18T00:00:00.000Z","48.867636226","56"
"2020-09-18T12:00:00.000Z","48.4422617558","76"
"2020-09-19T00:00:00.000Z","48.67798036","54"
"2020-09-19T12:00:00.000Z","48.6768316","96"
"2020-09-20T00:00:00.000Z","48.14977004","58"
"2020-09-20T12:00:00.000Z","47.1005298","68"
"2020-09-21T00:00:00.000Z","44.97331104","52"
"2020-09-21T12:00:00.000Z","43.3902205","78"
"2020-09-22T00:00:00.000Z","43.70688349","59"
"2020-09-22T12:00:00.000Z","44.545049","85"
"2020-09-23T00:00:00.000Z","44.73466376","60"
"2020-09-23T12:00:00.000Z","43.05768754","62"
"2020-09-24T00:00:00.000Z","44.26532681","61"
"2020-09-24T12:00:00.000Z","45.03985641","72"
"2020-09-25T00:00:00.000Z","46.26146556","63"
"2020-09-25T12:00:00.000Z","46.08631106","106"
"2020-09-26T00:00:00.000Z","45.85327251","72"
"2020-09-26T12:00:00.000Z","46.18892213","70"
"2020-09-27T00:00:00.000Z","45.43787655","48"
"2020-09-27T12:00:00.000Z","46.09169507","66"
"2020-09-28T00:00:00.000Z","46.425221","36"
"2020-09-28T12:00:00.000Z","45.35554024","80"
"2020-09-29T00:00:00.000Z","45.60215187","66"
"2020-09-29T12:00:00.000Z","45.7965638","93"
"2020-09-30T00:00:00.000Z","45.92013747","65"
"2020-09-30T12:00:00.000Z","46.37146092","138"
"2020-10-01T00:00:00.000Z","47.99154769","56"
"2020-10-01T12:00:00.000Z","46.31350634","124"
"2020-10-02T00:00:00.000Z","44.42259709","38"
"2020-10-02T12:00:00.000Z","44.92397278","64"
"2020-10-03T00:00:00.000Z","45.59257797","34"
"2020-10-03T12:00:00.000Z","45.58177105","49"
"2020-10-04T00:00:00.000Z","45.91276481","46"
"2020-10-04T12:00:00.000Z","46.7301051","67"
"2020-10-05T00:00:00.000Z","46.22270431","47"
"2020-10-05T12:00:00.000Z","46.36322602","62"
"2020-10-06T00:00:00.000Z","45.96918418","39"
"2020-10-06T12:00:00.000Z","45.98552988","96"
"2020-10-07T00:00:00.000Z","45.67427935","51"
"2020-10-07T12:00:00.000Z","46.66047943","73"
"2020-10-08T00:00:00.000Z","45.9191405","43"
"2020-10-08T12:00:00.000Z","47.2183813","57"
"2020-10-09T00:00:00.000Z","47.61371911","63"
"2020-10-09T12:00:00.000Z","47.83295548","69"
"2020-10-10T00:00:00.000Z","49.25279052","109"
"2020-10-10T12:00:00.000Z","48.92109624","68"
"2020-10-11T00:00:00.000Z","50.31709907","60"
"2020-10-11T12:00:00.000Z","50.72790178","76"
"2020-10-12T00:00:00.000Z","49.61945406","48"
"2020-10-12T12:00:00.000Z","50.74381819","90"
"2020-10-13T00:00:00.000Z","50.2807817","42"
"2020-10-13T12:00:00.000Z","49.94064077","184"
"2020-10-14T00:00:00.000Z","50.28990189","82"
"2020-10-14T12:00:00.000Z","49.84649026","94"
"2020-10-15T00:00:00.000Z","49.40768213","112"
"2020-10-15T12:00:00.000Z","49.4903711","79"
"2020-10-16T00:00:00.000Z","47.30353489","75"
"2020-10-16T12:00:00.000Z","47.69287458","82"
"2020-10-17T00:00:00.000Z","47.35502501","34"
"2020-10-17T12:00:00.000Z","47.05392769","61"
"2020-10-18T00:00:00.000Z","47.47512605","39"
"2020-10-18T12:00:00.000Z","47.61954565","49"
"2020-10-19T00:00:00.000Z","47.45271549","64"
"2020-10-19T12:00:00.000Z","48.09891537","77"
"2020-10-20T00:00:00.000Z","47.26449672","84"
"2020-10-20T12:00:00.000Z","47.05102987","110"
"2020-10-21T00:00:00.000Z","49.38145528","71"
"2020-10-21T12:00:00.000Z","53.04532907","376"
"2020-10-22T00:00:00.000Z","55.26184519","223"
"2020-10-22T12:00:00.000Z","54.26727705","130"
"2020-10-23T00:00:00.000Z","55.464566","120"
"2020-10-23T12:00:00.000Z","55.23868781","89"
"2020-10-24T00:00:00.000Z","57.65837345","141"
"2020-10-24T12:00:00.000Z","59.09583200846765","186"
"2020-10-25T00:00:00.000Z","57.11360746272827","101"
"2020-10-25T12:00:00.000Z","58.67655438851017","173"
"2020-10-26T00:00:00.000Z","58.00643577028091","77"
"2020-10-26T12:00:00.000Z","56.75755764453156","104"
"2020-10-27T00:00:00.000Z","57.60690432172925","193"
"2020-10-27T12:00:00.000Z","57.70926615009229","120"
"2020-10-28T00:00:00.000Z","57.25516738849704","81"
"2020-10-28T12:00:00.000Z","55.81280258890041","77"
"2020-10-29T00:00:00.000Z","54.73302678453804","61"
"2020-10-29T12:00:00.000Z","54.76566414400526","77"
"2020-10-30T00:00:00.000Z","53.52826339127997","73"
"2020-10-30T12:00:00.000Z","53.8343302247775","99"
"2020-10-31T00:00:00.000Z","55.4133668925734","70"
"2020-10-31T12:00:00.000Z","55.59026116062229","73"
"2020-11-01T00:00:00.000Z","54.30883092834952","47"
"2020-11-01T12:00:00.000Z","55.58762310262705","69"
"2020-11-02T00:00:00.000Z","53.96059682647053","64"
"2020-11-02T12:00:00.000Z","53.81446120128629","72"
"2020-11-03T00:00:00.000Z","52.81231785954017","119"
"2020-11-03T12:00:00.000Z","53.81962176","104"
"2020-11-04T00:00:00.000Z","52.79978272","34"
"2020-11-04T12:00:00.000Z","54.49910437","90"
"2020-11-05T00:00:00.000Z","55.62220057","69"
"2020-11-05T12:00:00.000Z","58.67849616","161"
"2020-11-06T00:00:00.000Z","62.40294862","105"
"2020-11-06T12:00:00.000Z","63.13111235","98"
"2020-11-07T00:00:00.000Z","63.92635063","74"
"2020-11-07T12:00:00.000Z","59.14364748","76"
"2020-11-08T00:00:00.000Z","59.91598518","44"
"2020-11-08T12:00:00.000Z","61.05504665","104"
"2020-11-09T00:00:00.000Z","61.5978428","102"
"2020-11-09T12:00:00.000Z","59.36388331","90"
"2020-11-10T00:00:00.000Z","58.8131757637688","79"
"2020-11-10T12:00:00.000Z","58.23734357","113"
"2020-11-11T00:00:00.000Z","59.61228692","77"
"2020-11-11T12:00:00.000Z","59.51502792","77"
"2020-11-12T00:00:00.000Z","58.95092778","91"
"2020-11-12T12:00:00.000Z","60.36537784","143"
"2020-11-13T00:00:00.000Z","63.25921827","216"
"2020-11-13T12:00:00.000Z","65.45720007","243"
"2020-11-14T00:00:00.000Z","62.88964379","76"
"2020-11-14T12:00:00.000Z","63.77414998","102"
"2020-11-15T00:00:00.000Z","62.23932914","69"
"2020-11-15T12:00:00.000Z","62.27992055","105"
"2020-11-16T00:00:00.000Z","67.165702","255"
"2020-11-16T12:00:00.000Z","73.55243094","421"
"2020-11-17T00:00:00.000Z","73.64702904","307"
"2020-11-17T12:00:00.000Z","75.85234021","323"
"2020-11-18T00:00:00.000Z","72.67081223","187"
"2020-11-18T12:00:00.000Z","73.69493456","233"
"2020-11-19T00:00:00.000Z","78.73370719","137"
"2020-11-19T12:00:00.000Z","81.68366667","421"
"2020-11-20T00:00:00.000Z","82.03279984","202"
"2020-11-20T12:00:00.000Z","82.583154","271"
"2020-11-21T00:00:00.000Z","82.23451015","218"
"2020-11-21T12:00:00.000Z","86.41011587","219"
"2020-11-22T00:00:00.000Z","80.25023567","156"
"2020-11-22T12:00:00.000Z","82.70420982","174"
"2020-11-23T00:00:00.000Z","87.22332324","138"
"2020-11-23T12:00:00.000Z","89.03931421","220"
"2020-11-24T00:00:00.000Z","89.36242214","166"
"2020-11-24T12:00:00.000Z","89.20537318","226"
"2020-11-25T00:00:00.000Z","89.76661316","119"
"2020-11-25T12:00:00.000Z","81.88012987","162"
"2020-11-26T00:00:00.000Z","74.1042663","101"
"2020-11-26T12:00:00.000Z","70.86572109","141"
"2020-11-27T00:00:00.000Z","67.56962444","75"
"2020-11-27T12:00:00.000Z","69.12387404","136"
"2020-11-28T00:00:00.000Z","70.72191162","105"
"2020-11-28T12:00:00.000Z","72.69296617","128"
"2020-11-29T00:00:00.000Z","75.33876657","90"
"2020-11-29T12:00:00.000Z","79.23506852","183"
"2020-11-30T00:00:00.000Z","79.11183511","79"
"2020-11-30T12:00:00.000Z","87.57463257","202"
"2020-12-01T00:00:00.000Z","88.41382219","154"
"2020-12-01T12:00:00.000Z","85.43576677","193"
"2020-12-02T00:00:00.000Z","88.92965311","99"
"2020-12-02T12:00:00.000Z","88.85651249","208"
"2020-12-03T00:00:00.000Z","89.71171351","112"
"2020-12-03T12:00:00.000Z","89.09896529","143"
"2020-12-04T00:00:00.000Z","84.76440743","82"
"2020-12-04T12:00:00.000Z","80.01707227","158"
"2020-12-05T00:00:00.000Z","82.84712938","117"
"2020-12-05T12:00:00.000Z","83.11872986","162"
"2020-12-06T00:00:00.000Z","82.84765945","83"
"2020-12-06T12:00:00.000Z","83.55533607","123"
"2020-12-07T00:00:00.000Z","82.4974691","67"
"2020-12-07T12:00:00.000Z","83.62405876","112"
"2020-12-08T00:00:00.000Z","80.48024367","48"
"2020-12-08T12:00:00.000Z","76.7486542","137"
"2020-12-09T00:00:00.000Z","76.57299711","75"
"2020-12-09T12:00:00.000Z","77.41098045","88"
"2020-12-10T00:00:00.000Z","75.07959122","88"
"2020-12-10T12:00:00.000Z","74.82955647","85"
"2020-12-11T00:00:00.000Z","70.72169773","82"
"2020-12-11T12:00:00.000Z","72.08733437","112"
"2020-12-12T00:00:00.000Z","75.80848822","63"
"2020-12-12T12:00:00.000Z","76.70689387","101"
"2020-12-13T00:00:00.000Z","80.45260235","74"
"2020-12-13T12:00:00.000Z","82.00063841","125"
"2020-12-14T00:00:00.000Z","79.93982831","72"
"2020-12-14T12:00:00.000Z","82.36316054","92"
"2020-12-15T00:00:00.000Z","82.09568159","113"
"2020-12-15T12:00:00.000Z","81.40067395","107"
"2020-12-16T00:00:00.000Z","82.34213096","76"
"2020-12-16T12:00:00.000Z","92.78968506","196"
"2020-12-17T00:00:00.000Z","100.18138671","294"
"2020-12-17T12:00:00.000Z","100.95957532","370"
"2020-12-18T00:00:00.000Z","108.27145322","277"
"2020-12-18T12:00:00.000Z","109.3845096","222"
"2020-12-19T00:00:00.000Z","108.07350271","125"
"2020-12-19T12:00:00.000Z","120.5589091","474"
"2020-12-20T00:00:00.000Z","118.07655252","235"
"2020-12-20T12:00:00.000Z","114.66599272","213"
"2020-12-21T00:00:00.000Z","105.41891674814136","195"
"2020-12-21T12:00:00.000Z","105.00539486","224"
"2020-12-22T00:00:00.000Z","105.86324227","135"
"2020-12-22T12:00:00.000Z","110.6761936927634","199"
"2020-12-23T00:00:00.000Z","105.37692708","200"
"2020-12-23T12:00:00.000Z","101.81706223","242"
"2020-12-24T00:00:00.000Z","104.04149568","146"
"2020-12-24T12:00:00.000Z","111.56539901","157"
"2020-12-25T00:00:00.000Z","121.95018842","144"
"2020-12-25T12:00:00.000Z","126.98359867","249"
"2020-12-26T00:00:00.000Z","129.57516595","361"
"2020-12-26T12:00:00.000Z","129.45920297","432"
"2020-12-27T00:00:00.000Z","129.07570623","268"
"2020-12-27T12:00:00.000Z","127.51696969","324"
"2020-12-28T00:00:00.000Z","134.79447427","217"
"2020-12-28T12:00:00.000Z","130.05033199","369"
"2020-12-29T00:00:00.000Z","127.36429346","264"
"2020-12-29T12:00:00.000Z","129.04079724","469"
"2020-12-30T00:00:00.000Z","124.65476482","251"
"2020-12-30T12:00:00.000Z","129.46607253","313"
"2020-12-31T00:00:00.000Z","127.42048698","235"
"2020-12-31T12:00:00.000Z","124.69032593","312"
"2021-01-01T00:00:00.000Z","127.87184191580315","196"
"2021-01-01T12:00:00.000Z","126.23034575","299"
"2021-01-02T00:00:00.000Z","125.48746193","341"
"2021-01-02T12:00:00.000Z","136.94489094","505"
"2021-01-03T00:00:00.000Z","152.3511755","344"
"2021-01-03T12:00:00.000Z","160.19058561","648"
"2021-01-04T00:00:00.000Z","152.15090483","495"
"2021-01-04T12:00:00.000Z","154.80732008","360"
"2021-01-05T00:00:00.000Z","155.11580239","223"
"2021-01-05T12:00:00.000Z","158.59477629","428"
"2021-01-06T00:00:00.000Z","164.47467436","272"
"2021-01-06T12:00:00.000Z","169.01692345","395"
"2021-01-07T00:00:00.000Z","166.38581923","386"
"2021-01-07T12:00:00.000Z","169.61595798","513"
"2021-01-08T00:00:00.000Z","171.96311091","318"
"2021-01-08T12:00:00.000Z","173.27987445","552"
"2021-01-09T00:00:00.000Z","170.93355574","275"
"2021-01-09T12:00:00.000Z","177.4839356","425"
"2021-01-10T00:00:00.000Z","172.1506156","360"
"2021-01-10T12:00:00.000Z","171.11484357","374"
"2021-01-11T00:00:00.000Z","141.87342842","276"
"2021-01-11T12:00:00.000Z","139.25223125","364"
"2021-01-12T00:00:00.000Z","140.17891966","269"
"2021-01-12T12:00:00.000Z","132.63591652","271"
"2021-01-13T00:00:00.000Z","137.94881511","214"
"2021-01-13T12:00:00.000Z","147.42134739","276"
"2021-01-14T00:00:00.000Z","146.99494359","254"
"2021-01-14T12:00:00.000Z","152.08457372","346"
"2021-01-15T00:00:00.000Z","149.10821699","240"
"2021-01-15T12:00:00.000Z","144.23754971","252"
"2021-01-16T00:00:00.000Z","149.07344232","177"
"2021-01-16T12:00:00.000Z","144.26541965","243"
"2021-01-17T00:00:00.000Z","142.00435438","174"
"2021-01-17T12:00:00.000Z","142.43082129","254"
"2021-01-18T00:00:00.000Z","141.88022852","172"
"2021-01-18T12:00:00.000Z","152.14408514","250"
"2021-01-19T00:00:00.000Z","164.19360991","309"
"2021-01-19T12:00:00.000Z","153.48742764","325"
"2021-01-20T00:00:00.000Z","142.40191242","136"
"2021-01-20T12:00:00.000Z","149.93142516","163"
"2021-01-21T00:00:00.000Z","135.60466471","151"
"2021-01-21T12:00:00.000Z","130.13350488","179"
"2021-01-22T00:00:00.000Z","138.8243497","128"
"2021-01-22T12:00:00.000Z","137.27145938","182"
"2021-01-23T00:00:00.000Z","136.37940001","149"
"2021-01-23T12:00:00.000Z","137.75099018","206"
"2021-01-24T00:00:00.000Z","141.65983976","160"
"2021-01-24T12:00:00.000Z","141.47731078","253"
"2021-01-25T00:00:00.000Z","142.11534989","257"
"2021-01-25T12:00:00.000Z","137.44420046","162"
"2021-01-26T00:00:00.000Z","135.15850572","145"
"2021-01-26T12:00:00.000Z","134.75526433","147"
"2021-01-27T00:00:00.000Z","124.64320111","100"
"2021-01-27T12:00:00.000Z","122.94947331","201"
"2021-01-28T00:00:00.000Z","128.81224988","140"
"2021-01-28T12:00:00.000Z","133.48693077","223"
"2021-01-29T00:00:00.000Z","141.63102367","499"
"2021-01-29T12:00:00.000Z","135.01257048","522"
"2021-01-30T00:00:00.000Z","130.27006691","337"
"2021-01-30T12:00:00.000Z","133.40001778","489"
"2021-01-31T00:00:00.000Z","131.32128593","268"
"2021-01-31T12:00:00.000Z","129.5708153","387"
"2021-02-01T00:00:00.000Z","136.01139533","362"
"2021-02-01T12:00:00.000Z","129.01674223","403"
"2021-02-02T00:00:00.000Z","139.61117756","406"
"2021-02-02T12:00:00.000Z","142.50697498","567"
"2021-02-03T00:00:00.000Z","150.49325342","385"
"2021-02-03T12:00:00.000Z","155.61203291","490"
"2021-02-04T00:00:00.000Z","147.7180456","296"
"2021-02-04T12:00:00.000Z","145.14818702","347"
"2021-02-05T00:00:00.000Z","153.34990717","255"
"2021-02-05T12:00:00.000Z","154.85221567","370"
"2021-02-06T00:00:00.000Z","160.94376029","301"
"2021-02-06T12:00:00.000Z","155.71474239","377"
"2021-02-07T00:00:00.000Z","151.80474115","331"
"2021-02-07T12:00:00.000Z","151.14007922","411"
"2021-02-08T00:00:00.000Z","152.70223184","279"
"2021-02-08T12:00:00.000Z","167.21905755","512"
"2021-02-09T00:00:00.000Z","168.14615587","383"
"2021-02-09T12:00:00.000Z","182.1144683","482"
"2021-02-10T00:00:00.000Z","189.32611839","469"
"2021-02-10T12:00:00.000Z","182.1743915","358"
"2021-02-11T00:00:00.000Z","186.11740368","333"
"2021-02-11T12:00:00.000Z","184.49599958","362"
"2021-02-12T00:00:00.000Z","186.60369876","218"
"2021-02-12T12:00:00.000Z","197.23171013","532"
"2021-02-13T00:00:00.000Z","194.92346033","424"
"2021-02-13T12:00:00.000Z","226.22760116","728"
"2021-02-14T00:00:00.000Z","222.33473685","511"
"2021-02-14T12:00:00.000Z","214.430273","435"
"2021-02-15T00:00:00.000Z","209.04339243","403"
"2021-02-15T12:00:00.000Z","207.68101945","336"
"2021-02-16T00:00:00.000Z","213.22077043","242"
"2021-02-16T12:00:00.000Z","210.5465771","253"
"2021-02-17T00:00:00.000Z","224.29431449","219"
"2021-02-17T12:00:00.000Z","236.97352307","435"
"2021-02-18T00:00:00.000Z","224.98388321","225"
"2021-02-18T12:00:00.000Z","226.86954839","361"
"2021-02-19T00:00:00.000Z","232.518249","254"
"2021-02-19T12:00:00.000Z","236.67601167","379"
"2021-02-20T00:00:00.000Z","240.01572744","329"
"2021-02-20T12:00:00.000Z","227.61989221","407"
"2021-02-21T00:00:00.000Z","228.75925566","286"
"2021-02-21T12:00:00.000Z","227.23135545","419"
"2021-02-22T00:00:00.000Z","209.70216842","307"
"2021-02-22T12:00:00.000Z","208.10679546","283"
"2021-02-23T00:00:00.000Z","166.52868934","221"
"2021-02-23T12:00:00.000Z","176.93491521","299"
"2021-02-24T00:00:00.000Z","185.43065756","176"
"2021-02-24T12:00:00.000Z","181.37850129","324"
"2021-02-25T00:00:00.000Z","194.84984417","349"
"2021-02-25T12:00:00.000Z","178.90184288","545"
"2021-02-26T00:00:00.000Z","170.79164101","227"
"2021-02-26T12:00:00.000Z","170.39815323","223"
"2021-02-27T00:00:00.000Z","174.83642627","240"
"2021-02-27T12:00:00.000Z","172.10044726","316"
"2021-02-28T00:00:00.000Z","163.96230604","225"
"2021-02-28T12:00:00.000Z","164.92717308","306"
"2021-03-01T00:00:00.000Z","170.6172016","181"
"2021-03-01T12:00:00.000Z","175.23790535","289"
"2021-03-02T00:00:00.000Z","181.62696686","255"
"2021-03-02T12:00:00.000Z","177.87243611","299"
"2021-03-03T00:00:00.000Z","192.0132339","334"
"2021-03-03T12:00:00.000Z","188.5256632","359"
"2021-03-04T00:00:00.000Z","184.9449228","281"
"2021-03-04T12:00:00.000Z","181.07864812","394"
"2021-03-05T00:00:00.000Z","174.42222015","265"
"2021-03-05T12:00:00.000Z","180.76561344","285"
"2021-03-06T00:00:00.000Z","182.07843305","200"
"2021-03-06T12:00:00.000Z","182.98190116","205"
"2021-03-07T00:00:00.000Z","187.88573487","210"
"2021-03-07T12:00:00.000Z","190.75911134","290"
"2021-03-08T00:00:00.000Z","184.2323444","235"
"2021-03-08T12:00:00.000Z","191.92768383","339"
"2021-03-09T00:00:00.000Z","199.523411","322"
"2021-03-09T12:00:00.000Z","203.63786522","447"
"2021-03-10T00:00:00.000Z","197.36343564","210"
"2021-03-10T12:00:00.000Z","200.51685695","355"
"2021-03-11T00:00:00.000Z","197.06861488","155"
"2021-03-11T12:00:00.000Z","201.25033709","384"
"2021-03-12T00:00:00.000Z","208.49533935","403"
"2021-03-12T12:00:00.000Z","220.82940067","713"
"2021-03-13T00:00:00.000Z","225.34495214","415"
"2021-03-13T12:00:00.000Z","226.57829812","462"
"2021-03-14T00:00:00.000Z","219.54858008","274"
"2021-03-14T12:00:00.000Z","215.29610435","286"
"2021-03-15T00:00:00.000Z","205.29149953","205"
"2021-03-15T12:00:00.000Z","201.26461988","248"
"2021-03-16T00:00:00.000Z","200.19125349","200"
"2021-03-16T12:00:00.000Z","201.04063659","219"
"2021-03-17T00:00:00.000Z","196.78235254","190"
"2021-03-17T12:00:00.000Z","206.06792781","250"
"2021-03-18T00:00:00.000Z","203.48701012","170"
"2021-03-18T12:00:00.000Z","200.53731095","276"
"2021-03-19T00:00:00.000Z","204.55073144","212"
"2021-03-19T12:00:00.000Z","201.06371543","395"
"2021-03-20T00:00:00.000Z","205.74338354","285"
"2021-03-20T12:00:00.000Z","200.80642376","529"
"2021-03-21T00:00:00.000Z","195.20630219","276"
"2021-03-21T12:00:00.000Z","196.42775459","713"
"2021-03-22T00:00:00.000Z","197.04102381","334"
"2021-03-22T12:00:00.000Z","187.07783543","422"
"2021-03-23T00:00:00.000Z","185.04670468","171"
"2021-03-23T12:00:00.000Z","187.39396472","365"
"2021-03-24T00:00:00.000Z","194.93741895","304"
"2021-03-24T12:00:00.000Z","177.65495515","291"
"2021-03-25T00:00:00.000Z","175.4046928","201"
"2021-03-25T12:00:00.000Z","173.06118625","287"
"2021-03-26T00:00:00.000Z","179.63759426","222"
"2021-03-26T12:00:00.000Z","184.27867316","225"
"2021-03-27T00:00:00.000Z","181.56599802","183"
"2021-03-27T12:00:00.000Z","184.83043819","325"
"2021-03-28T00:00:00.000Z","184.75817367","182"
"2021-03-28T12:00:00.000Z","185.02849167","275"
"2021-03-29T00:00:00.000Z","195.58805057","205"
"2021-03-29T12:00:00.000Z","194.47477728","206"
"2021-03-30T00:00:00.000Z","199.80080743","516"
"2021-03-30T12:00:00.000Z","196.6820915","576"
"2021-03-31T00:00:00.000Z","191.64314037","336"
"2021-03-31T12:00:00.000Z","197.49909288","500"
"2021-04-01T00:00:00.000Z","198.10626659","113"
"2021-04-01T12:00:00.000Z","",""
"2021-04-02T00:00:00.000Z","",""
"2021-04-02T12:00:00.000Z","",""
"2021-04-03T00:00:00.000Z","",""
"2021-04-03T12:00:00.000Z","",""
"2021-04-04T00:00:00.000Z","",""
"2021-04-04T12:00:00.000Z","",""
"2021-04-05T00:00:00.000Z","",""
"2021-04-05T12:00:00.000Z","",""
"2021-04-06T00:00:00.000Z","",""
"2021-04-06T12:00:00.000Z","",""
"2021-04-07T00:00:00.000Z","",""
"2021-04-07T12:00:00.000Z","",""
"2021-04-08T00:00:00.000Z","",""
"2021-04-08T12:00:00.000Z","",""