Date,Price,lagprice,lite_return,Age Consumed,Dev. Activity (Litecoin),Marketcap (LTC),Social Volume,Volume
2019-04-03T00:00:00.000Z,85.1739312234,76.1932596939,0.11786700773243056,125391772.97336431,0.0,5211167802.0,2380.0,6220791959.0
2019-04-04T00:00:00.000Z,84.9809052844,85.1739312234,-0.0022662560742174416,43290472.95454253,0.14,5200609304.0,907.0,4195622761.0
2019-04-05T00:00:00.000Z,88.6778605953,84.9809052844,0.04350336465030176,39453010.30596929,0.43,5428143570.0,669.0,3512861847.0
2019-04-06T00:00:00.000Z,92.57341716399999,88.6778605953,0.043929302562656265,37179656.87644196,0.43,5667977475.0,831.0,3857950928.0
2019-04-07T00:00:00.000Z,92.3123691536,92.57341716399999,-0.002819902498981161,13101043.767125115,0.43,5653406711.0,737.0,3314848880.0
2019-04-08T00:00:00.000Z,89.49304254799999,92.3123691536,-0.03054115750088582,20989929.64920252,0.71,5482058436.0,1197.0,3295695861.0
2019-04-09T00:00:00.000Z,86.7743315292,89.49304254799999,-0.030379020998663683,21155350.273937713,0.71,5316681645.0,997.0,2742659176.0
2019-04-10T00:00:00.000Z,88.3777407722,86.7743315292,0.018477921002024042,11482407.205496218,0.86,5416155737.0,646.0,2765900676.0
2019-04-11T00:00:00.000Z,79.6779906128,88.3777407722,-0.0984382502130738,112997650.63615432,0.71,4884140000.0,901.0,3461535999.0
2019-04-12T00:00:00.000Z,78.9639611934,79.6779906128,-0.008961438584337239,6366277.248770775,0.43,4841472626.0,489.0,2839796022.0
2019-04-13T00:00:00.000Z,78.221303601,78.9639611934,-0.009405019469338204,37957880.01627696,0.71,4797064869.0,718.0,2379257754.0
2019-04-14T00:00:00.000Z,82.93752123979999,78.221303601,0.06029326310971497,4811327.96680166,0.71,5087597682.0,773.0,2328308745.0
2019-04-15T00:00:00.000Z,79.05469905380002,82.93752123979999,-0.046816231398735114,9405753.959049515,0.43,4850589494.0,586.0,2742760720.0
2019-04-16T00:00:00.000Z,81.34927811909999,79.05469905380002,0.029025207770867967,235035278.46066132,0.43,4992536055.0,508.0,2176907330.0
2019-04-17T00:00:00.000Z,79.3274682066,81.34927811909999,-0.024853446265865376,9733896.987097826,0.29,4869545081.0,543.0,2060101783.0
2019-04-18T00:00:00.000Z,82.0988163512,79.3274682066,0.03493554259644735,11571807.872120176,0.29,5040919341.0,520.0,2618301811.0
2019-04-19T00:00:00.000Z,82.5692227845,82.0988163512,0.005729759017325021,14102871.461319128,0.29,5070985398.0,622.0,2608961075.0
2019-04-20T00:00:00.000Z,81.5220146553,82.5692227845,-0.01268279019572635,6968062.680794806,0.0,5007822653.0,535.0,2423010077.0
2019-04-21T00:00:00.000Z,77.331559117,81.5220146553,-0.051402747540262916,8809423.516836945,0.0,4751522316.0,673.0,2957685725.0
2019-04-22T00:00:00.000Z,76.948077732,77.331559117,-0.004958924782827692,8529200.24391417,0.0,4729023682.0,632.0,2657300818.0
2019-04-23T00:00:00.000Z,74.8450217987,76.948077732,-0.027330844321084468,13205133.12998741,0.0,4600847627.0,835.0,2920088568.0
2019-04-24T00:00:00.000Z,73.3089431536,74.8450217987,-0.020523457782287476,17169113.24698877,0.0,4507411995.0,1037.0,3347048436.0
2019-04-25T00:00:00.000Z,71.24811783310001,73.3089431536,-0.02811151316398135,15848341.962565964,0.0,4381667236.0,579.0,2754712045.0
2019-04-26T00:00:00.000Z,73.1153465683,71.24811783310001,0.0262074113954,20064168.4688766,0.0,4497581499.0,430.0,3041612618.0
2019-04-27T00:00:00.000Z,72.1203074518,73.1153465683,-0.013609169117053824,4367877.130356232,0.0,4437397260.0,393.0,2059447901.0
2019-04-28T00:00:00.000Z,69.784255653,72.1203074518,-0.03239104048968798,22245719.342871085,0.0,4294642258.0,429.0,2365077905.0
2019-04-29T00:00:00.000Z,67.96038021140001,69.784255653,-0.026135915967480654,15838978.44252326,0.0,4183425749.0,409.0,2532498296.0
2019-04-30T00:00:00.000Z,74.28087406,67.96038021140001,0.09300262636758708,9948593.752451938,0.43,4573555690.0,594.0,3065300353.0
2019-05-01T00:00:00.000Z,73.65776862140001,74.28087406,-0.008388504396120627,46605150.34667023,0.71,4536348667.0,495.0,2871792311.0
2019-05-02T00:00:00.000Z,73.7644482518,73.65776862140001,0.001448314718143676,14731311.80404151,0.71,4544039947.0,438.0,2902756201.0
2019-05-03T00:00:00.000Z,79.32653440930001,73.7644482518,0.07540334523364754,13249314.9270034,2.14,4887671308.0,591.0,3850339791.0
2019-05-04T00:00:00.000Z,78.0638386356,79.32653440930001,-0.015917697440113655,16522333.293480407,2.14,4810952019.0,442.0,3502670654.0
2019-05-05T00:00:00.000Z,75.9843672914,78.0638386356,-0.026638087244299124,9879905.376049407,2.14,4683927727.0,383.0,2650746460.0
2019-05-06T00:00:00.000Z,74.9799397999,75.9843672914,-0.013218870240085456,8314606.40969689,3.0,4623160562.0,558.0,2933836337.0
2019-05-07T00:00:00.000Z,74.6930011516,74.9799397999,-0.003826872214965115,14791055.989409816,2.57,4606527090.0,568.0,3088433048.0
2019-05-08T00:00:00.000Z,74.6202879446,74.6930011516,-0.0009734942481749395,24803751.72115939,2.29,4603102251.0,467.0,2532851417.0
2019-05-09T00:00:00.000Z,74.1771403698,74.6202879446,-0.005938700948581143,51567452.04029019,2.29,4576943366.0,763.0,2436426304.0
2019-05-10T00:00:00.000Z,77.162751379,74.1771403698,0.040249745330106335,42533845.2215066,0.86,4762297083.0,851.0,3051383971.0
2019-05-11T00:00:00.000Z,89.22225597290002,77.162751379,0.15628660692342852,27778299.99646781,0.86,5507753608.0,1278.0,5491744172.0
2019-05-12T00:00:00.000Z,84.5655110516,89.22225597290002,-0.05219263815425645,27448058.521768697,0.86,5221525879.0,669.0,5582599422.0
2019-05-13T00:00:00.000Z,88.05823610610001,84.5655110516,0.04130200374912688,67264447.75729933,0.0,5438466607.0,997.0,4658762983.0
2019-05-14T00:00:00.000Z,91.62040611219999,88.05823610610001,0.04045243424826239,32059924.68185049,0.0,5659766830.0,1013.0,4930071295.0
2019-05-15T00:00:00.000Z,101.74456601700001,91.62040611219999,0.11050114635381332,39089510.60722182,0.14,6286790204.0,1981.0,5168624435.0
2019-05-16T00:00:00.000Z,95.5855849808,101.74456601700001,-0.0605337589741249,158420571.92988402,0.43,5907639438.0,1302.0,6442000275.0
2019-05-17T00:00:00.000Z,88.99523448149998,95.5855849808,-0.06894711687566474,13381024.215597682,0.43,5501612937.0,1049.0,5319840521.0
2019-05-18T00:00:00.000Z,86.6753308508,88.99523448149998,-0.02606772872970238,11761830.19530669,0.43,5359369854.0,653.0,3318235589.0
2019-05-19T00:00:00.000Z,95.32120147209999,86.6753308508,0.09975007348033896,12178016.562243713,0.43,5895349548.0,788.0,4108852208.0
2019-05-20T00:00:00.000Z,91.49367839700001,95.32120147209999,-0.040153953328213886,18307491.34379537,0.43,5659972915.0,795.0,3566921482.0
2019-05-21T00:00:00.000Z,91.50774851620001,91.49367839700001,0.00015378241914100154,12711081.293254094,0.43,5662154167.0,889.0,3145769021.0
2019-05-22T00:00:00.000Z,88.2105722826,91.50774851620001,-0.03603166165776988,30769625.40265904,0.29,5459427424.0,747.0,3398528443.0
2019-05-23T00:00:00.000Z,89.1767760856,88.2105722826,0.01095337869370776,19041015.080632634,0.0,5520439404.0,576.0,3208807268.0
2019-05-24T00:00:00.000Z,100.04553941799999,89.1767760856,0.12187885466914798,24490235.30645302,0.0,6194799935.0,1011.0,5400594327.0
2019-05-25T00:00:00.000Z,102.700590371,100.04553941799999,0.026538424086124952,12020717.098473322,0.0,6360714997.0,942.0,4507050693.0
2019-05-26T00:00:00.000Z,111.41860284299999,102.700590371,0.0848876568333898,25634737.96657191,0.0,6902346395.0,931.0,5168378348.0
2019-05-27T00:00:00.000Z,118.03260328399999,111.41860284299999,0.05936172481286445,51095191.50083872,0.0,7313766497.0,1138.0,6355361291.0
2019-05-28T00:00:00.000Z,114.925445645,118.03260328399999,-0.026324570945231256,18501851.08580225,0.0,7122858055.0,666.0,4171268074.0
2019-05-29T00:00:00.000Z,115.081232591,114.925445645,0.0013555478956438056,15835230.546791492,0.0,7134213755.0,724.0,4122926835.0
2019-05-30T00:00:00.000Z,108.795580409,115.081232591,-0.05461926363214483,28631506.48803409,0.14,6746180187.0,789.0,4971290021.0
2019-05-31T00:00:00.000Z,114.53695926799999,108.795580409,0.052772169948596966,63615364.74125383,0.14,7103874447.0,549.0,4207966340.0
2019-06-01T00:00:00.000Z,112.61926671799999,114.53695926799999,-0.01674300210391367,14202401.59200865,0.14,6986544718.0,450.0,3807158511.0
2019-06-02T00:00:00.000Z,114.702837715,112.61926671799999,0.018501017256818908,19163057.034347948,0.14,7117549253.0,358.0,3434073036.0
2019-06-03T00:00:00.000Z,107.468575541,114.702837715,-0.06306960070137785,10648721.893319802,0.14,6670082969.0,601.0,3832352495.0
2019-06-04T00:00:00.000Z,102.11949733700001,107.468575541,-0.0497734168064718,14948790.314441456,0.29,6339581094.0,561.0,4318600116.0
2019-06-05T00:00:00.000Z,103.84929019100001,102.11949733700001,0.01693890881867136,18561570.020032287,0.29,6448454321.0,470.0,3585162871.0
2019-06-06T00:00:00.000Z,111.10722638899999,103.84929019100001,0.06988912668205202,29262748.971364714,0.14,6900772771.0,1007.0,4142250661.0
2019-06-07T00:00:00.000Z,117.374409829,111.10722638899999,0.056406623076503015,22915609.39775693,0.14,7291832560.0,1694.0,5140908476.0
2019-06-08T00:00:00.000Z,118.58605552600001,117.374409829,0.010322911942775487,14175976.60827646,0.14,7368949519.0,1045.0,4689224669.0
2019-06-09T00:00:00.000Z,115.132302792,118.58605552600001,-0.02912444231896025,16113621.264183793,0.14,7156126159.0,1008.0,4360301111.0
2019-06-10T00:00:00.000Z,129.07143515799999,115.132302792,0.12107055993818396,85279071.96647406,0.14,8024339041.0,1923.0,5449266883.0
2019-06-11T00:00:00.000Z,136.029740452,129.07143515799999,0.05391049758982036,580766820.1832548,0.0,8458730744.0,3482.0,5441787587.0
2019-06-12T00:00:00.000Z,135.653751666,136.029740452,-0.0027640189913665713,79565865.9282266,0.0,8437276929.0,2899.0,5855623530.0
2019-06-13T00:00:00.000Z,131.351766243,135.653751666,-0.03171298523016272,19743139.48105118,0.0,8171623427.0,1833.0,4947794845.0
2019-06-14T00:00:00.000Z,133.053272851,131.351766243,0.012953815975738308,35972730.470161736,0.0,8279439668.0,1643.0,4352005824.0
2019-06-15T00:00:00.000Z,138.1270843,133.053272851,0.03813368390180017,16547565.285013085,0.0,8597209350.0,1207.0,4329002012.0
2019-06-16T00:00:00.000Z,137.129940539,138.1270843,-0.007219031416273933,12674344.250941893,0.29,8537185634.0,1033.0,4374141138.0
2019-06-17T00:00:00.000Z,134.438098499,137.129940539,-0.01962986368563632,16030702.257963195,0.29,8371507503.0,932.0,3230230842.0
2019-06-18T00:00:00.000Z,135.158731405,134.438098499,0.00536033248049363,33219375.12137873,0.29,8418405569.0,1126.0,3720828768.0
2019-06-19T00:00:00.000Z,136.603195708,135.158731405,0.010687169729876244,23425950.83940041,0.29,8510498678.0,1300.0,4383960510.0
2019-06-20T00:00:00.000Z,135.47983606399998,136.603195708,-0.008223523894721125,17329899.565443125,0.29,8442646196.0,835.0,3880682308.0
2019-06-21T00:00:00.000Z,138.883765671,135.47983606399998,0.02512499059558952,19374675.973052066,0.57,8656823082.0,950.0,4378260962.0
2019-06-22T00:00:00.000Z,141.90304461,138.883765671,0.021739610273473826,24850779.04871399,0.57,8847068563.0,1306.0,5488615001.0
2019-06-23T00:00:00.000Z,136.882167747,141.90304461,-0.03538244635130372,14847995.01971207,0.29,8536077179.0,722.0,3998980168.0
2019-06-24T00:00:00.000Z,135.532759271,136.882167747,-0.009858175818008129,88690989.97113715,0.29,8454028779.0,925.0,3907725104.0
2019-06-25T00:00:00.000Z,136.48939006700002,135.532759271,0.0070582994188675375,28467015.699987154,0.43,8515726713.0,1042.0,4411092399.0
2019-06-26T00:00:00.000Z,131.265098175,136.48939006700002,-0.038276175821692224,40878673.269238345,0.43,8191677322.0,1665.0,5565887284.0
2019-06-27T00:00:00.000Z,114.404768324,131.265098175,-0.12844488051593222,30190866.61858255,0.43,7141234400.0,1319.0,5588611122.0
2019-06-28T00:00:00.000Z,120.150093541,114.404768324,0.050219281076894925,21734487.322267864,0.14,7501601230.0,637.0,4683311766.0
2019-06-29T00:00:00.000Z,133.724641898,120.150093541,0.11297992333537225,122436785.27214204,0.14,8350980305.0,1065.0,5751016462.0
2019-06-30T00:00:00.000Z,122.24911794200001,133.724641898,-0.08581457981957477,20714605.137954086,0.14,7636046758.0,803.0,5525273220.0
2019-07-01T00:00:00.000Z,122.583715294,122.24911794200001,0.0027370124024840444,21256074.15118075,0.14,7658690466.0,687.0,5034162435.0
2019-07-02T00:00:00.000Z,119.243699452,122.583715294,-0.02724681523960533,22005429.04220776,0.0,7451762462.0,578.0,4761878443.0
2019-07-03T00:00:00.000Z,122.564113507,119.243699452,0.027845614235883297,30286520.783725265,0.0,7661188686.0,551.0,4529682890.0
2019-07-04T00:00:00.000Z,119.976923415,122.564113507,-0.021108871250900357,44813507.4382896,0.0,7501164314.0,624.0,4564200301.0
2019-07-05T00:00:00.000Z,118.352507968,119.976923415,-0.013539399084115146,28300257.29025329,0.0,7401137488.0,487.0,4110868216.0
2019-07-06T00:00:00.000Z,117.82361999,118.352507968,-0.00446875175761379,22086382.25727179,0.0,7369730846.0,464.0,3484378308.0
2019-07-07T00:00:00.000Z,120.32087848,117.82361999,0.021194888513966517,31172562.07812825,0.0,7527688154.0,444.0,3348662401.0
2019-07-08T00:00:00.000Z,123.28548476799999,120.32087848,0.024639167577992442,29381336.18618933,0.0,7714781782.0,654.0,3803750017.0
2019-07-09T00:00:00.000Z,119.500996935,123.28548476799999,-0.0306969457119926,25824094.75826952,0.0,7479661447.0,643.0,3788885537.0
2019-07-10T00:00:00.000Z,108.570405474,119.500996935,-0.09146862152911968,26953756.33252372,0.0,6797135681.0,1134.0,4703811473.0
2019-07-11T00:00:00.000Z,102.644301431,108.570405474,-0.054583051588760576,35860357.84179089,0.0,6427725958.0,962.0,4633853162.0
2019-07-12T00:00:00.000Z,105.300057165,102.644301431,0.02587338699738007,10383325.02296608,0.0,6595612500.0,709.0,3611846208.0
2019-07-13T00:00:00.000Z,101.02479606200001,105.300057165,-0.04060074816769442,14418234.567447733,0.0,6329505235.0,456.0,3353538170.0
2019-07-14T00:00:00.000Z,89.7704785959,101.02479606200001,-0.11140153610597847,17963067.572768204,0.0,5625773339.0,669.0,3717531245.0
2019-07-15T00:00:00.000Z,90.9229714991,89.7704785959,0.01283821720933362,22106389.842195187,0.0,5699307529.0,699.0,3570361792.0
2019-07-16T00:00:00.000Z,79.4999322007,90.9229714991,-0.12563424962978767,29161373.96579218,0.0,4984318766.0,705.0,3703346636.0
2019-07-17T00:00:00.000Z,89.8107196176,79.4999322007,0.12969554981342754,26455758.742226213,0.14,5632042532.0,1228.0,4616360556.0
2019-07-18T00:00:00.000Z,101.081941264,89.8107196176,0.1254997364946088,21064874.172279347,0.14,6340340709.0,882.0,4891450507.0
2019-07-19T00:00:00.000Z,98.4026545798,101.081941264,-0.02650608655409958,19048572.111803293,0.14,6173653346.0,580.0,3983990085.0
2019-07-20T00:00:00.000Z,100.609941111,98.4026545798,0.022431168555620527,6232151.403988964,0.14,6313476233.0,634.0,3771308934.0
2019-07-21T00:00:00.000Z,99.6275890552,100.609941111,-0.009763966114602856,6988909.826401172,0.14,6253213997.0,447.0,2829054214.0
2019-07-22T00:00:00.000Z,95.4173879285,99.6275890552,-0.0422593898600445,8089347.200571646,0.29,5990269581.0,568.0,2693989249.0
2019-07-23T00:00:00.000Z,90.62262984639999,95.4173879285,-0.050250359878777205,10319900.342569634,0.29,5690513768.0,475.0,2700924025.0
2019-07-24T00:00:00.000Z,94.30966900799999,90.62262984639999,0.04068563412747248,7582573.87491079,0.14,5923434070.0,650.0,3247150969.0
2019-07-25T00:00:00.000Z,93.4113433974,94.30966900799999,-0.009525275828545012,7105071.118093668,0.14,5868244757.0,439.0,2689861082.0
2019-07-26T00:00:00.000Z,94.30501522559999,93.4113433974,0.00956705894270287,84029943.80350669,0.14,5925662075.0,383.0,2260844510.0
2019-07-27T00:00:00.000Z,88.8890206443,94.30501522559999,-0.057430610326965524,27100614.75167154,0.14,5586678799.0,396.0,2626517608.0
2019-07-28T00:00:00.000Z,89.77179757709999,88.8890206443,0.00993122577345656,5714602.838365667,0.14,5643570785.0,313.0,2459085532.0
2019-07-29T00:00:00.000Z,90.471448827,89.77179757709999,0.007793664255181292,11843074.190455085,0.0,5688893858.0,413.0,2459728098.0
2019-07-30T00:00:00.000Z,90.5669481151,90.471448827,0.0010555737676160714,8095404.562831141,0.0,5696275523.0,443.0,2302521844.0
2019-07-31T00:00:00.000Z,98.5095781702,90.5669481151,0.08769899196565444,14248670.814214913,0.0,6197337878.0,791.0,3051471469.0
2019-08-01T00:00:00.000Z,99.1797221962,98.5095781702,0.0068028311403603905,86032475.27089673,0.0,6240801534.0,699.0,2953184688.0
2019-08-02T00:00:00.000Z,95.01681412200001,99.1797221962,-0.041973379053883736,8798578.688764323,0.0,5980250753.0,669.0,2885143536.0
2019-08-03T00:00:00.000Z,94.5808806283,95.01681412200001,-0.004587961591095745,7584199.594328808,0.0,5954227576.0,595.0,2512959054.0
2019-08-04T00:00:00.000Z,93.2037819251,94.5808806283,-0.014560011432035056,12121990.797359718,0.0,5868857449.0,771.0,2427608116.0
2019-08-05T00:00:00.000Z,96.8895988002,93.2037819251,0.03954578665125393,18375774.082645696,0.0,6101930674.0,1613.0,4138221312.0
2019-08-06T00:00:00.000Z,93.0697157826,96.8895988002,-0.039425109247042525,39451203.36902374,0.86,5861986121.0,743.0,3245339848.0
2019-08-07T00:00:00.000Z,90.9125986794,93.0697157826,-0.02317743301418012,120975777.32844222,0.86,5726708989.0,631.0,3105989435.0
2019-08-08T00:00:00.000Z,90.03160840049999,90.9125986794,-0.009690519154631087,38099134.42281939,0.86,5671748769.0,548.0,3034717882.0
2019-08-09T00:00:00.000Z,84.39099487850001,90.03160840049999,-0.06265148009916766,12326863.660383213,1.0,5316935922.0,782.0,3002531054.0
2019-08-10T00:00:00.000Z,85.4194762795,84.39099487850001,0.012187098901733836,15049986.726243282,1.0,5382272086.0,960.0,3088060147.0
2019-08-11T00:00:00.000Z,89.75266743590002,85.4194762795,0.05072837419678651,9081425.74944838,1.0,5655924170.0,953.0,3025787942.0
2019-08-12T00:00:00.000Z,85.74922988189999,89.75266743590002,-0.04460522086275831,29159196.94465775,1.0,5404272823.0,629.0,2716187718.0
2019-08-13T00:00:00.000Z,84.4203493571,85.74922988189999,-0.015497288157925485,15945820.281920902,2.0,5321124856.0,464.0,2683226726.0
2019-08-14T00:00:00.000Z,76.0649859941,84.4203493571,-0.09897333316706164,87979974.43312185,2.0,4794992634.0,512.0,3093090405.0
2019-08-15T00:00:00.000Z,76.3889783029,76.0649859941,0.004259414559349709,9758619.505895333,2.29,4815969361.0,432.0,3654075558.0
2019-08-16T00:00:00.000Z,74.92015388729999,76.3889783029,-0.0192282243882852,10823467.040726226,2.14,4723824771.0,393.0,3016089035.0
2019-08-17T00:00:00.000Z,72.7977220768,74.92015388729999,-0.028329250547091726,8037484.940884802,2.14,4590467351.0,374.0,2482385549.0
2019-08-18T00:00:00.000Z,76.2699484391,72.7977220768,0.04769690950819702,8927706.55592008,2.14,4809876076.0,500.0,2743241606.0
2019-08-19T00:00:00.000Z,77.26319053430001,76.2699484391,0.013022718849653956,9223528.47153685,2.14,4873084522.0,374.0,2346796021.0
2019-08-20T00:00:00.000Z,75.1965663598,77.26319053430001,-0.02674784926960213,86572680.83012569,0.29,4743207580.0,427.0,2430165429.0
2019-08-21T00:00:00.000Z,72.9649534092,75.1965663598,-0.02967705918807768,13229241.362621447,0.29,4602987628.0,394.0,2878567011.0
2019-08-22T00:00:00.000Z,73.5985957813,72.9649534092,0.008684201695386872,12416706.376612527,0.0,4643456772.0,374.0,2908864702.0
2019-08-23T00:00:00.000Z,75.4028134995,73.5985957813,0.024514295402608896,10972300.03104822,0.0,4757819433.0,437.0,2496513401.0
2019-08-24T00:00:00.000Z,73.4636165112,75.4028134995,-0.025717833304891947,7847894.030370313,0.0,4636016949.0,282.0,2191973574.0
2019-08-25T00:00:00.000Z,72.3081471739,73.4636165112,-0.015728457053619818,13271160.058451742,0.0,4563612040.0,318.0,2227400266.0
2019-08-26T00:00:00.000Z,73.8571740551,72.3081471739,0.021422577423739268,26216549.908494014,0.0,4661893372.0,429.0,3046136697.0
2019-08-27T00:00:00.000Z,72.8362287979,73.8571740551,-0.013823237488593012,68821173.96665686,0.0,4597966229.0,398.0,2489689273.0
2019-08-28T00:00:00.000Z,67.4255418594,72.8362287979,-0.07428565465014858,9112977.555624792,0.0,4256892976.0,474.0,2883041615.0
2019-08-29T00:00:00.000Z,64.098055358,67.4255418594,-0.04935053408007737,18307289.35172472,0.14,4047272938.0,432.0,3092332444.0
2019-08-30T00:00:00.000Z,64.33297909859999,64.098055358,0.0036650681411144435,10700448.09134512,0.14,4062542325.0,374.0,2377466438.0
2019-08-31T00:00:00.000Z,64.5760532334,64.33297909859999,0.003778375231581665,5984198.946964272,0.14,4078358696.0,258.0,2283340831.0
2019-09-01T00:00:00.000Z,66.14472283069999,64.5760532334,0.024291815909378626,9677498.751055712,0.14,4177872604.0,437.0,2228146663.0
2019-09-02T00:00:00.000Z,66.9449522931,66.14472283069999,0.012098160339234169,9260556.806944838,0.14,4228918427.0,334.0,2400017919.0
2019-09-03T00:00:00.000Z,69.1765010412,66.9449522931,0.03333408526948792,10539212.651329296,1.14,4370358549.0,443.0,2820206250.0
2019-09-04T00:00:00.000Z,67.285630942,69.1765010412,-0.027333994503044325,20216204.499306764,1.14,4251369351.0,366.0,2696779273.0
2019-09-05T00:00:00.000Z,65.3955698556,67.285630942,-0.028090114634270462,21013425.727335565,1.0,4132391771.0,369.0,2379080139.0
2019-09-06T00:00:00.000Z,65.2368801491,65.3955698556,-0.0024266124884361685,7969171.9446131075,1.0,4122869643.0,367.0,2596768727.0
2019-09-07T00:00:00.000Z,69.0387130318,65.2368801491,0.05827735590682515,4861587.493179897,1.14,4363628896.0,379.0,2763572249.0
2019-09-08T00:00:00.000Z,70.54936581449999,69.0387130318,0.021881241934567475,108957221.30659305,1.14,4459610896.0,364.0,2776939870.0
2019-09-09T00:00:00.000Z,70.192236678,70.54936581449999,-0.005062116893283137,89503361.30746411,1.29,4437564021.0,308.0,2654086134.0
2019-09-10T00:00:00.000Z,70.82339441170002,70.192236678,0.008991845303283062,36531451.76816243,0.29,4477994430.0,897.0,2893715133.0
2019-09-11T00:00:00.000Z,69.9221432504,70.82339441170002,-0.012725331351120944,24959811.750009164,0.29,4421472827.0,1209.0,2569282757.0
2019-09-12T00:00:00.000Z,69.225073175,69.9221432504,-0.009969232105825138,10336997.511205796,0.29,4377939286.0,290.0,2316445209.0
2019-09-13T00:00:00.000Z,68.9886186746,69.225073175,-0.003415734928907147,9047810.9735433,0.29,4363467464.0,232.0,2368931048.0
2019-09-14T00:00:00.000Z,70.5623041408,68.9886186746,0.022810798308959098,6197865.819400162,0.14,4463527329.0,205.0,2439744084.0
2019-09-15T00:00:00.000Z,70.3151768163,70.5623041408,-0.0035022570125669565,6303887.686540187,0.14,4448378326.0,230.0,2330572400.0
2019-09-16T00:00:00.000Z,72.5731088494,70.3151768163,0.032111588640371384,7814494.765467257,0.0,4591727204.0,392.0,2652253521.0
2019-09-17T00:00:00.000Z,74.2212287374,72.5731088494,0.02270978760769489,32168847.93212777,0.0,4696563796.0,385.0,3104946340.0
2019-09-18T00:00:00.000Z,77.969133904,74.2212287374,0.05049640420074911,12934973.66410604,0.0,4934275012.0,443.0,3665577128.0
2019-09-19T00:00:00.000Z,77.0596237469,77.969133904,-0.011665002694782291,18391848.05210399,0.0,4877292701.0,309.0,3778427056.0
2019-09-20T00:00:00.000Z,75.149092387,77.0596237469,-0.02479289759024892,10605670.588764004,0.0,4756922829.0,258.0,3148504140.0
2019-09-21T00:00:00.000Z,73.5165287108,75.149092387,-0.02172432991995003,6212012.164252214,0.0,4654112106.0,227.0,2572614027.0
2019-09-22T00:00:00.000Z,72.61321086640001,73.5165287108,-0.01228727553164912,19478044.586340267,0.0,4597461271.0,289.0,2495283753.0
2019-09-23T00:00:00.000Z,66.8518935239,72.61321086640001,-0.07934255039486095,13159302.941967798,0.0,4233164123.0,598.0,3215899051.0
2019-09-24T00:00:00.000Z,55.8236396096,66.8518935239,-0.16496546818613786,35065784.53695698,0.0,3535218520.0,555.0,3919809840.0
2019-09-25T00:00:00.000Z,57.658007707799996,55.8236396096,0.032860059126000415,15183272.996877125,0.0,3651789616.0,387.0,3360298410.0
2019-09-26T00:00:00.000Z,55.540617166000004,57.658007707799996,-0.03672326925568658,29630625.56750341,0.0,3518070664.0,405.0,2663433163.0
2019-09-27T00:00:00.000Z,56.3608494395,55.540617166000004,0.014768151946322156,9958433.47010837,0.0,3570419887.0,314.0,2324084588.0
2019-09-28T00:00:00.000Z,55.682246555,56.3608494395,-0.012040323934940715,6633683.47634239,0.0,3527794898.0,234.0,1975938675.0
2019-09-29T00:00:00.000Z,54.3143365735,55.682246555,-0.02456635761182604,4595355.60788276,0.0,3441531075.0,157.0,1825383530.0
2019-09-30T00:00:00.000Z,56.0569087721,54.3143365735,0.0320830982855124,10439942.376892244,0.0,3552325139.0,210.0,2241248500.0
2019-10-01T00:00:00.000Z,56.0580761672,56.0569087721,2.0825177940935093e-05,8127453.334495857,0.0,3552792224.0,245.0,2325767309.0
2019-10-02T00:00:00.000Z,56.50892452300001,56.0580761672,0.008042522801804602,17665934.382805493,0.0,3581752016.0,246.0,2113331223.0
2019-10-03T00:00:00.000Z,56.5237112883,56.50892452300001,0.0002616713275789996,13200962.226948906,0.0,3583056663.0,251.0,2220331075.0
2019-10-04T00:00:00.000Z,56.85321211390001,56.5237112883,0.005829426590893576,6906692.986235582,0.0,3604329719.0,291.0,2292624174.0
2019-10-05T00:00:00.000Z,56.8438715454,56.85321211390001,-0.00016429271368686998,3520996.5480854763,0.0,3604148251.0,176.0,2063875680.0
2019-10-06T00:00:00.000Z,55.411569094899995,56.8438715454,-0.025197130518389368,19152986.95456736,0.0,3513746873.0,194.0,2381501439.0
2019-10-07T00:00:00.000Z,57.7883001149,55.411569094899995,0.04289232481270328,6702532.00211503,0.0,3664860552.0,266.0,2891486028.0
2019-10-08T00:00:00.000Z,57.3985867554,57.7883001149,-0.006743810749323585,36739334.38552186,0.0,3640571610.0,178.0,2417116505.0
2019-10-09T00:00:00.000Z,59.430865841999996,57.3985867554,0.0354064307412378,40063502.32661243,0.0,3769908817.0,304.0,2790624238.0
2019-10-10T00:00:00.000Z,57.7760831796,59.430865841999996,-0.027843825577088508,17905201.268987987,0.0,3665380676.0,223.0,2440262584.0
2019-10-11T00:00:00.000Z,56.296968973999995,57.7760831796,-0.025600804419401383,16754034.880492724,0.0,3571918357.0,225.0,2441054545.0
2019-10-12T00:00:00.000Z,55.9828696793,56.296968973999995,-0.0055793286996508725,7471376.475610212,0.0,3552381330.0,183.0,2098404879.0
2019-10-13T00:00:00.000Z,56.71399490939999,55.9828696793,0.013059802655495686,4933367.3474315135,0.0,3599137699.0,232.0,2235957909.0
2019-10-14T00:00:00.000Z,56.9754006967,56.71399490939999,0.0046091936869832465,508867083.10305136,0.0,3616122088.0,362.0,2243495396.0
2019-10-15T00:00:00.000Z,54.9442081295,56.9754006967,-0.035650342820979015,9829796.090108523,0.0,3487585898.0,348.0,2602960066.0
2019-10-16T00:00:00.000Z,52.9231066814,54.9442081295,-0.03678461328146528,94683347.95607504,0.0,3359652969.0,291.0,2978803243.0
2019-10-17T00:00:00.000Z,54.8844752045,52.9231066814,0.03706072160327898,7434584.095021944,0.0,3484535289.0,360.0,2925315824.0
2019-10-18T00:00:00.000Z,53.49169242510001,54.8844752045,-0.02537662561608677,30669985.36283414,0.0,3396445202.0,292.0,2683486531.0
2019-10-19T00:00:00.000Z,54.0345715635,53.49169242510001,0.010148849546313107,10375291.049497796,0.29,3431292104.0,242.0,2453091267.0
2019-10-20T00:00:00.000Z,54.9343797095,54.0345715635,0.0166524526791624,12476038.726122925,0.86,3488800280.0,242.0,2612273452.0
2019-10-21T00:00:00.000Z,54.9382982595,54.9343797095,7.133146894027787e-05,27489846.811111484,1.14,3489419288.0,340.0,2727253951.0
2019-10-22T00:00:00.000Z,53.7443620925,54.9382982595,-0.021732310698093883,5244537.013693007,2.0,3413955637.0,439.0,2490194231.0
2019-10-23T00:00:00.000Z,49.6279561923,53.7443620925,-0.07659232968688344,40161678.74735021,2.14,3152820837.0,400.0,3077488277.0
2019-10-24T00:00:00.000Z,50.0676659166,49.6279561923,0.008860121553186686,45649383.20213754,2.14,3181078149.0,418.0,2650862714.0
2019-10-25T00:00:00.000Z,56.9459763381,50.0676659166,0.13738028916621595,27326426.010972437,2.14,3618479971.0,328.0,3772288612.0
2019-10-26T00:00:00.000Z,56.775251712,56.9459763381,-0.0029980103438103584,8268942.3877900215,1.86,3607985866.0,308.0,5234627156.0
2019-10-27T00:00:00.000Z,59.9139888283,56.775251712,0.055283543826836035,7345874.226019422,1.43,3807830063.0,339.0,4218140032.0
2019-10-28T00:00:00.000Z,58.126840298699996,59.9139888283,-0.029828568662346424,60505178.360908896,1.14,3694652650.0,316.0,3793848575.0
2019-10-29T00:00:00.000Z,59.8696243646,58.126840298699996,0.029982432503543138,47241705.6975761,0.29,3805805251.0,316.0,3582210705.0
2019-10-30T00:00:00.000Z,58.42097162970001,59.8696243646,-0.024196790113093825,9640807.756481368,0.14,3714109861.0,296.0,3387114094.0
2019-10-31T00:00:00.000Z,58.7806836326,58.42097162970001,0.006157241019201514,18929643.59195363,0.14,3737406895.0,243.0,3165801277.0
2019-11-01T00:00:00.000Z,58.579085061899995,58.7806836326,-0.0034296738016874576,33180733.10939096,0.14,3724955660.0,223.0,3425862599.0
2019-11-02T00:00:00.000Z,58.592102515200004,58.579085061899995,0.00022222015393810385,6770590.908301713,0.14,3726170371.0,266.0,3354741993.0
2019-11-03T00:00:00.000Z,58.6251891562,58.592102515200004,0.0005646945506250381,8357203.267203608,0.0,3728676101.0,233.0,3259935586.0
2019-11-04T00:00:00.000Z,61.5730574891,58.6251891562,0.05028330612368257,16582259.659680538,0.0,3916584190.0,439.0,4164854558.0
2019-11-05T00:00:00.000Z,63.3027644295,61.5730574891,0.028091944933970544,34669371.36780328,0.0,4027051777.0,424.0,4725921529.0
2019-11-06T00:00:00.000Z,64.2687453232,63.3027644295,0.015259695250367791,12675476.227363007,0.0,4088991803.0,355.0,3755244862.0
2019-11-07T00:00:00.000Z,61.84322200729999,64.2687453232,-0.03774032468974349,7082011.557946914,0.14,3935124153.0,361.0,3557191962.0
2019-11-08T00:00:00.000Z,60.5299177709,61.84322200729999,-0.02123602544907784,9148610.723246548,0.14,3852007191.0,308.0,3414910991.0
2019-11-09T00:00:00.000Z,61.8971432952,60.5299177709,0.022587599234395503,9653809.108208997,0.14,3939462767.0,328.0,2847791347.0
2019-11-10T00:00:00.000Z,63.8414664618,61.8971432952,0.0314121631967267,9787247.604102816,0.14,4063643935.0,406.0,3611586094.0
2019-11-11T00:00:00.000Z,61.899106855,63.8414664618,-0.030424733554048736,8993880.41919466,0.14,3940458193.0,254.0,3033016471.0
2019-11-12T00:00:00.000Z,61.3402972966,61.899106855,-0.009027748327758971,12774912.467240993,0.14,3905317177.0,263.0,3333604208.0
2019-11-13T00:00:00.000Z,61.0771521379,61.3402972966,-0.004289923105973997,27026140.87405157,0.14,3889011057.0,340.0,3094058388.0
2019-11-14T00:00:00.000Z,59.429894283500005,61.0771521379,-0.026970115611821863,19745486.221012805,0.0,3784543703.0,242.0,3040274518.0
2019-11-15T00:00:00.000Z,57.8117103973,59.429894283500005,-0.027228449683601014,14551065.880608747,0.0,3681894623.0,274.0,3195878561.0
2019-11-16T00:00:00.000Z,58.6047494585,57.8117103973,0.013717619765095949,6425481.7253247565,0.14,3732789711.0,278.0,2844156496.0
2019-11-17T00:00:00.000Z,59.5732277141,58.6047494585,0.01652559331024544,3949956.751055147,0.14,3794900734.0,205.0,3215100477.0
2019-11-18T00:00:00.000Z,56.80095038,59.5732277141,-0.04653562414654669,37150510.76448188,0.14,3618749967.0,214.0,3131873188.0
2019-11-19T00:00:00.000Z,55.633770987,56.80095038,-0.0205485891554902,9009527.213093936,0.71,3544784066.0,288.0,3031216634.0
2019-11-20T00:00:00.000Z,55.2909230079,55.633770987,-0.006162587453942566,7578316.560220722,0.71,3523320531.0,238.0,2858714058.0
2019-11-21T00:00:00.000Z,50.883053311800005,55.2909230079,-0.07972139831107893,12823237.214491704,0.71,3242806029.0,299.0,3158748317.0
2019-11-22T00:00:00.000Z,47.615537225299995,50.883053311800005,-0.0642161952522267,17607659.031277042,0.71,3034882008.0,227.0,3734545939.0
2019-11-23T00:00:00.000Z,48.7064912945,47.615537225299995,0.0229117244658606,58495559.96935377,0.57,3104760986.0,165.0,2746902869.0
2019-11-24T00:00:00.000Z,44.7342264543,48.7064912945,-0.08155514254110419,7525836.615568384,0.57,2849656911.0,277.0,2709705879.0
2019-11-25T00:00:00.000Z,45.8303359717,44.7342264543,0.024502704177075143,127144808.20363608,0.57,2919784837.0,291.0,3408224795.0
2019-11-26T00:00:00.000Z,47.27334135970001,45.8303359717,0.031485812997117266,7128679.916932591,0.0,3012041641.0,212.0,2659405400.0
2019-11-27T00:00:00.000Z,48.0088062763,47.27334135970001,0.01555770959797164,12559633.862654498,0.0,3059223169.0,179.0,2979663352.0
2019-11-28T00:00:00.000Z,47.056948859799995,48.0088062763,-0.01982672535163404,12051421.07388233,0.0,2998875250.0,220.0,2662459126.0
2019-11-29T00:00:00.000Z,48.8791579725,47.056948859799995,0.03872348626191301,258572547.3042253,0.14,3115330867.0,202.0,2944492392.0
2019-11-30T00:00:00.000Z,47.4754306825,48.8791579725,-0.028718319795724794,23264606.947218604,0.14,3026175356.0,188.0,2678481167.0
2019-12-01T00:00:00.000Z,47.7111707214,47.4754306825,0.0049655165948163035,10272878.631649146,0.14,3041545709.0,288.0,2781413686.0
2019-12-02T00:00:00.000Z,45.8170166941,47.7111707214,-0.03970043070962447,17909759.58500203,0.43,2921144389.0,281.0,2680452034.0
2019-12-03T00:00:00.000Z,45.3816049176,45.8170166941,-0.0095032764661883,10076408.054324612,0.43,2893726010.0,289.0,2557212173.0
2019-12-04T00:00:00.000Z,45.19295067270001,45.3816049176,-0.004157064194678336,26513297.31653239,0.43,2882011361.0,299.0,2951880019.0
2019-12-05T00:00:00.000Z,45.3016395062,45.19295067270001,0.002404995289799614,17417239.394868366,0.43,2889242708.0,350.0,2818768679.0
2019-12-06T00:00:00.000Z,45.6701186502,45.3016395062,0.00813390305553015,5669766.255478453,0.43,2913078062.0,315.0,2585078804.0
2019-12-07T00:00:00.000Z,45.640490637700005,45.6701186502,-0.0006487395560963445,28358299.547053996,0.43,2911520838.0,237.0,2380335462.0
2019-12-08T00:00:00.000Z,45.899913766400005,45.640490637700005,0.005684056526896996,6747164.718737332,0.43,2928421222.0,230.0,2264074779.0
2019-12-09T00:00:00.000Z,44.939243421499995,45.899913766400005,-0.020929676464953327,7602891.532987249,0.14,2867412868.0,275.0,2473452707.0
2019-12-10T00:00:00.000Z,44.6442411233,44.939243421499995,-0.006564469620306522,10168893.23808213,0.14,2848915168.0,304.0,2349745527.0
2019-12-11T00:00:00.000Z,43.9367080663,44.6442411233,-0.015848249162661542,10430187.530979684,0.14,2804044948.0,246.0,2501938241.0
2019-12-12T00:00:00.000Z,44.0821699521,43.9367080663,0.0033107142569830865,16974692.260047153,0.14,2813611017.0,209.0,2740797932.0
2019-12-13T00:00:00.000Z,44.449377464899996,44.0821699521,0.008330068896313486,10772325.844024012,0.57,2837323107.0,197.0,2770868164.0
2019-12-14T00:00:00.000Z,43.751531826800004,44.449377464899996,-0.015699784291715986,4585694.182852068,0.57,2793073069.0,211.0,2719197974.0
2019-12-15T00:00:00.000Z,43.7568277758,43.751531826800004,0.00012104602465026133,6273367.423226908,0.57,2784724201.0,179.0,2668105124.0
2019-12-16T00:00:00.000Z,40.4094823115,43.7568277758,-0.07649881480099592,26124000.315959856,0.57,2571966338.0,339.0,3045924497.0
2019-12-17T00:00:00.000Z,36.9269333207,40.4094823115,-0.0861814799792402,13188918.710490668,0.57,2350567576.0,309.0,3273581515.0
2019-12-18T00:00:00.000Z,40.7934546736,36.9269333207,0.10470735057580746,12946574.505875176,1.14,2596986052.0,255.0,3847975739.0
2019-12-19T00:00:00.000Z,39.920295761999995,40.7934546736,-0.021404387507417556,26097707.03310889,1.14,2541689077.0,178.0,3173676635.0
2019-12-20T00:00:00.000Z,40.3048177276,39.920295761999995,0.009632242403525315,14948375.152175853,0.57,2566456399.0,152.0,2780176650.0
2019-12-21T00:00:00.000Z,40.010098153600005,40.3048177276,-0.007312266637498767,14489276.665257547,0.57,2547993362.0,190.0,2656348734.0
2019-12-22T00:00:00.000Z,42.0374053167,40.010098153600005,0.05066988726988629,6644989.932983119,0.57,2677416230.0,327.0,3137487266.0
2019-12-23T00:00:00.000Z,40.862876384,42.0374053167,-0.027940091065358875,9971490.236442698,0.57,2602931283.0,173.0,3165989074.0
2019-12-24T00:00:00.000Z,40.634391604899996,40.862876384,-0.005591500141910507,9095617.661239464,0.57,2588676163.0,173.0,2864002052.0
2019-12-25T00:00:00.000Z,40.6034383271,40.634391604899996,-0.0007617507381668838,4334138.979345079,0.0,2586992014.0,268.0,2747976211.0
2019-12-26T00:00:00.000Z,40.284054880999996,40.6034383271,-0.007865921194334881,12108754.14922635,0.0,2566940034.0,216.0,2848327717.0
2019-12-27T00:00:00.000Z,41.225862147,40.284054880999996,0.02337915755457401,14590024.691042,0.0,2627240995.0,278.0,2959217812.0
2019-12-28T00:00:00.000Z,42.8425223762,41.225862147,0.0392147100146854,7275716.277612097,0.0,2730585594.0,349.0,3260638656.0
2019-12-29T00:00:00.000Z,43.7539342918,42.8425223762,0.021273535381434703,8854839.518990109,0.0,2789016631.0,220.0,3579803605.0
2019-12-30T00:00:00.000Z,42.790712069,43.7539342918,-0.022014528256502817,20051840.71717101,0.0,2727907118.0,266.0,3334110021.0
2019-12-31T00:00:00.000Z,41.4232767087,42.790712069,-0.03195635908313494,8664273.910768928,0.0,2641007568.0,210.0,3016704453.0
2020-01-01T00:00:00.000Z,41.9887127932,41.4232767087,0.013650201756763562,5323842.103757561,0.0,2677372769.0,111.0,2785417309.0
2020-01-02T00:00:00.000Z,39.8230153245,41.9887127932,-0.05157808669597354,27394820.998789784,0.0,2539554281.0,176.0,2759827139.0
2020-01-03T00:00:00.000Z,42.4052277733,39.8230153245,0.06484221317142115,9386983.446307644,0.0,2704530449.0,182.0,3257109999.0
2020-01-04T00:00:00.000Z,43.2913815968,42.4052277733,0.02089727776578434,5083361.654628219,0.0,2761370835.0,180.0,2840044715.0
2020-01-05T00:00:00.000Z,43.5675133618,43.2913815968,0.006378446582550587,18082796.130828604,0.0,2779302134.0,237.0,3011233526.0
2020-01-06T00:00:00.000Z,45.8236766628,43.5675133618,0.051785450371335584,12836940.63141722,0.0,2923588117.0,244.0,3346910860.0
2020-01-07T00:00:00.000Z,46.4483523139,45.8236766628,0.01363215910623606,21386761.167803515,0.0,2963827295.0,284.0,3612634174.0
2020-01-08T00:00:00.000Z,45.65376714,46.4483523139,-0.01710685383477463,46201226.24553129,0.0,2913485629.0,409.0,3633957130.0
2020-01-09T00:00:00.000Z,45.21593084,45.65376714,-0.009590365208140429,35960831.54648047,0.0,2885860528.0,210.0,2986327757.0
2020-01-10T00:00:00.000Z,48.72732772,45.21593084,0.07765840080624115,10585360.33160383,0.0,3110300142.0,428.0,3808140302.0
2020-01-11T00:00:00.000Z,49.2637687,48.72732772,0.011009037538084016,11244854.251697723,0.0,3144901794.0,403.0,3915781115.0
2020-01-12T00:00:00.000Z,51.1223120276,49.2637687,0.037726373289017234,7408010.687641534,0.0,3263955234.0,358.0,3859863864.0
2020-01-13T00:00:00.000Z,49.73376765,51.1223120276,-0.02716122026817481,14910663.72436278,0.0,3175647876.0,261.0,3336204744.0
2020-01-14T00:00:00.000Z,58.3902666154,49.73376765,0.17405677016710006,29128883.753041405,0.0,3728782385.0,504.0,5724216799.0
2020-01-15T00:00:00.000Z,58.05284983,58.3902666154,-0.005778647794545451,22600399.71274589,0.0,3707655223.0,294.0,5070738793.0
2020-01-16T00:00:00.000Z,57.61825573,58.05284983,-0.007486180286973833,24345184.845493194,0.0,3680300934.0,251.0,4347723835.0
2020-01-17T00:00:00.000Z,61.48712591,57.61825573,0.06714660364120678,9360564.014538456,0.0,3927821846.0,465.0,5067456613.0
2020-01-18T00:00:00.000Z,59.4457087115,61.48712591,-0.03320072565252232,9666100.572566366,0.0,3797861153.0,278.0,4428093217.0
2020-01-19T00:00:00.000Z,57.80069364,59.4457087115,-0.02767256219424571,23277380.678620186,0.0,3693201722.0,255.0,4197776579.0
2020-01-20T00:00:00.000Z,57.20326109,57.80069364,-0.01033607924709328,9699177.248778202,0.0,3655443935.0,220.0,3306438947.0
2020-01-21T00:00:00.000Z,57.6395931716,57.20326109,0.0076277483710850405,22128664.165982723,0.0,3683692032.0,237.0,3130115744.0
2020-01-22T00:00:00.000Z,58.35472454,57.6395931716,0.012406946840706692,6644647.936196845,0.0,3729779086.0,208.0,3076205980.0
2020-01-23T00:00:00.000Z,54.63026014,58.35472454,-0.06382455626959596,8194164.916024198,0.0,3492096602.0,238.0,3348002983.0
2020-01-24T00:00:00.000Z,54.53178894,54.63026014,-0.0018025028573477114,8132434.497125988,0.0,3486182447.0,247.0,3532776556.0
2020-01-25T00:00:00.000Z,53.69778845,54.53178894,-0.015293840642521954,2995771.993737665,0.0,3433273431.0,281.0,2938756558.0
2020-01-26T00:00:00.000Z,56.21271438,53.69778845,0.04683481392053501,10807333.512493037,0.0,3594505100.0,235.0,3283750798.0
2020-01-27T00:00:00.000Z,58.76326686,56.21271438,0.04537323109427117,11729076.295281898,0.0,3758010753.0,328.0,3832184228.0
2020-01-28T00:00:00.000Z,60.6637667782,58.76326686,0.03234163142644581,17871242.579472024,0.0,3879996831.0,292.0,4223084845.0
2020-01-29T00:00:00.000Z,60.0139158026,60.6637667782,-0.010712341321896373,21316971.76962922,0.0,3838855328.0,296.0,3891227788.0
2020-01-30T00:00:00.000Z,68.15906252,60.0139158026,0.13572096752012186,39224958.26592595,0.0,4360322858.0,978.0,6042169957.0
2020-01-31T00:00:00.000Z,67.87949262,68.15906252,-0.0041017274836780224,77202600.07255067,0.0,4342918713.0,504.0,5718104791.0
2020-02-01T00:00:00.000Z,70.82001757,67.87949262,0.04331978387731224,10856624.45497726,0.0,4531596557.0,470.0,6009767449.0
2020-02-02T00:00:00.000Z,70.23154173,70.82001757,-0.008309456283576024,16377958.603978513,0.0,4494447999.0,343.0,5482993030.0
2020-02-03T00:00:00.000Z,69.7694823283,70.23154173,-0.006579086694071965,25025552.93926456,0.0,4465414988.0,248.0,4962547161.0
2020-02-04T00:00:00.000Z,68.1146080768,69.7694823283,-0.023719170563900712,40282785.65880879,0.0,4360057588.0,311.0,4445519538.0
2020-02-05T00:00:00.000Z,72.5323810795,68.1146080768,0.06485793763532946,24553847.89034131,0.0,4643421284.0,322.0,5174155652.0
2020-02-06T00:00:00.000Z,73.38868617,72.5323810795,0.011805831792030066,39455740.06962711,0.0,4698795737.0,321.0,5463272394.0
2020-02-07T00:00:00.000Z,74.35611575,73.38868617,0.013182271416591585,125577345.08157074,0.0,4761261677.0,243.0,5051951258.0
2020-02-08T00:00:00.000Z,76.46756358,74.35611575,0.028396424540237,14702382.047476048,0.0,4897092475.0,351.0,5496860399.0
2020-02-09T00:00:00.000Z,77.09257993,76.46756358,0.008173614023233609,36271521.40906863,0.0,4937660994.0,336.0,5145711108.0
2020-02-10T00:00:00.000Z,74.3460785602,77.09257993,-0.03562601449184632,11522173.723787593,0.14,4762258295.0,280.0,5374543376.0
2020-02-11T00:00:00.000Z,76.59739711,74.3460785602,0.030281604536506274,16626406.078741224,0.14,4906933361.0,360.0,4742120918.0
2020-02-12T00:00:00.000Z,81.2297238039,76.59739711,0.06047629382559312,20961448.0756196,0.14,5204219574.0,607.0,5698394996.0
2020-02-13T00:00:00.000Z,80.3755116016,81.2297238039,-0.01051600525396582,36784239.71792267,0.14,5150084743.0,407.0,6577270475.0
2020-02-14T00:00:00.000Z,82.99034907,80.3755116016,0.032532762980857284,23205695.63951412,0.14,5318240171.0,341.0,5382846670.0
2020-02-15T00:00:00.000Z,76.5132459,82.99034907,-0.07804646254152685,17864521.11902943,0.14,4903772881.0,253.0,5612667760.0
2020-02-16T00:00:00.000Z,75.15259112,76.5132459,-0.017783257839803713,12584459.536584973,0.14,4817137104.0,324.0,6186098306.0
2020-02-17T00:00:00.000Z,73.25130447,75.15259112,-0.025299016596302328,22705763.709921498,0.0,4695804838.0,332.0,5593944695.0
2020-02-18T00:00:00.000Z,77.03518149,73.25130447,0.05165610424794127,26991213.01165211,0.0,4938917809.0,425.0,5600214717.0
2020-02-19T00:00:00.000Z,71.13594006,77.03518149,-0.07657853614281142,15012234.33166836,0.29,4561234455.0,349.0,5298677185.0
2020-02-20T00:00:00.000Z,69.62484632,71.13594006,-0.021242338805468133,45813228.77377219,0.29,4464832282.0,335.0,5500324693.0
2020-02-21T00:00:00.000Z,73.4858627398,69.62484632,0.05545457726476738,22261378.995646104,0.29,4712921861.0,278.0,5583328181.0
2020-02-22T00:00:00.000Z,75.1330769,73.4858627398,0.022415388467745042,21919054.827389974,0.29,4819103854.0,273.0,5547090434.0
2020-02-23T00:00:00.000Z,79.55951535439999,75.1330769,0.058914643683386614,10609254.52755732,0.29,5103592715.0,276.0,5705496961.0
2020-02-24T00:00:00.000Z,75.53561999,79.55951535439999,-0.050577172906036964,16782748.245631814,0.29,4846065100.0,299.0,6355612214.0
2020-02-25T00:00:00.000Z,71.18024523,75.53561999,-0.0576598796776488,13300346.02261013,0.43,4567178980.0,225.0,5755711246.0
2020-02-26T00:00:00.000Z,61.01430861,71.18024523,-0.14281963467745132,315273579.98227835,0.14,3915328585.0,291.0,6518313483.0
2020-02-27T00:00:00.000Z,61.50788573,61.01430861,0.008089530656733564,25899235.735960927,0.14,3947440769.0,303.0,5649302854.0
2020-02-28T00:00:00.000Z,59.76395738,61.50788573,-0.028352923032589458,27422080.83243708,0.14,3835945103.0,237.0,5266399749.0
2020-02-29T00:00:00.000Z,58.54326356,59.76395738,-0.0204252508286626,8364837.354300535,0.29,3758049404.0,145.0,4168117352.0
2020-03-01T00:00:00.000Z,57.95668772,58.54326356,-0.010019527514020979,8157764.763191763,0.29,3720790355.0,144.0,4317287191.0
2020-03-02T00:00:00.000Z,60.99555,57.95668772,0.052433332537589736,24008616.986794546,0.29,3916306949.0,175.0,5309970238.0
2020-03-03T00:00:00.000Z,61.14447561,60.99555,0.0024415815579988892,14333536.04448301,0.14,3926290829.0,207.0,5412760345.0
2020-03-04T00:00:00.000Z,60.38241897,61.14447561,-0.012463213273111548,14260191.025525322,0.43,3877791382.0,213.0,4429853608.0
2020-03-05T00:00:00.000Z,62.04545979,60.38241897,0.027541805187139872,13149776.202744445,0.43,3985045689.0,266.0,4712202709.0
2020-03-06T00:00:00.000Z,63.02560065,62.04545979,0.015797140730641666,25159797.87856015,0.43,4048469921.0,144.0,4766934524.0
2020-03-07T00:00:00.000Z,60.54630926,63.02560065,-0.03933784627882004,6236778.512306646,0.43,3889681824.0,157.0,4258036532.0
2020-03-08T00:00:00.000Z,51.72860078,60.54630926,-0.14563577182111465,12885783.415781654,0.71,3323571636.0,150.0,4523736331.0
2020-03-09T00:00:00.000Z,50.16814728,51.72860078,-0.030166164877270845,17881882.16767142,0.86,3223665284.0,163.0,5097423294.0
2020-03-10T00:00:00.000Z,50.25638895,50.16814728,0.001758918253598345,181534330.07757267,0.86,3229716140.0,175.0,3945792927.0
2020-03-11T00:00:00.000Z,48.46378534,50.25638895,-0.03566916858637533,17214751.422313444,0.57,3114857126.0,199.0,3807551814.0
2020-03-12T00:00:00.000Z,31.004512577,48.46378534,-0.36025400493406856,236930198.77767867,0.57,1992913474.0,323.0,5444868880.0
2020-03-13T00:00:00.000Z,37.43795474,31.004512577,0.20750018717509228,203370276.5239008,0.57,2406597116.0,429.0,7552238198.0
2020-03-14T00:00:00.000Z,34.39658647,37.43795474,-0.08123756468860989,16540448.777566845,0.43,2211281928.0,170.0,3270465986.0
2020-03-15T00:00:00.000Z,36.43709163,34.39658647,0.059322897107237135,23224535.93573927,0.14,2342660616.0,131.0,3434485463.0
2020-03-16T00:00:00.000Z,32.8762152,36.43709163,-0.09772669196978938,28724085.363555577,0.0,2113940825.0,203.0,4079630236.0
2020-03-17T00:00:00.000Z,33.56387001,32.8762152,0.020916483415645882,14283898.745022304,0.0,2158391141.0,97.0,3289527849.0
2020-03-18T00:00:00.000Z,33.68417723,33.56387001,0.00358442634786026,17752369.544194024,0.0,2166347103.0,141.0,3170415992.0
2020-03-19T00:00:00.000Z,39.07376593,33.68417723,0.16000357269228144,42810310.86366172,0.0,2513235593.0,184.0,4157185543.0
2020-03-20T00:00:00.000Z,38.13195588,39.07376593,-0.02410338567537201,16473085.265946053,0.0,2452922646.0,178.0,4537692970.0
2020-03-21T00:00:00.000Z,38.34232788,38.13195588,0.005516947535081422,16712741.451735204,0.14,2466743818.0,130.0,3438721430.0
2020-03-22T00:00:00.000Z,35.62805385,38.34232788,-0.07079053829216794,13488409.685601182,0.29,2292391578.0,173.0,3148219029.0
2020-03-23T00:00:00.000Z,38.76576717,35.62805385,0.08806861394142627,9798179.824248368,0.29,2494558925.0,140.0,3598154774.0
2020-03-24T00:00:00.000Z,40.49064582,38.76576717,0.044494892682914525,18867769.482816964,0.29,2605834454.0,180.0,3331925793.0
2020-03-25T00:00:00.000Z,39.15122284,40.49064582,-0.033079812704256716,18705266.53035937,0.43,2519916317.0,162.0,3133347522.0
2020-03-26T00:00:00.000Z,40.160597,39.15122284,0.02578142103313146,10400836.060024893,0.43,2585178521.0,121.0,2827963692.0
2020-03-27T00:00:00.000Z,38.91847576,40.160597,-0.0309288539709705,21974562.958767626,0.43,2505504071.0,108.0,2962853270.0
2020-03-28T00:00:00.000Z,38.873758,38.91847576,-0.0011490110834699735,9578331.40464183,0.29,2502911913.0,151.0,3119837445.0
2020-03-29T00:00:00.000Z,37.33254256,38.873758,-0.03964667990164475,12284481.385246444,0.14,2403961159.0,170.0,2683734233.0
2020-03-30T00:00:00.000Z,39.13828904,37.33254256,0.0483692338151853,8473139.852645472,0.14,2520514843.0,154.0,3318334905.0
2020-03-31T00:00:00.000Z,39.29910172,39.13828904,0.004108832653253011,20257452.321818113,0.14,2531157610.0,157.0,3359087002.0
2020-04-01T00:00:00.000Z,39.38081279,39.29910172,0.0020792096110027122,11144006.145595985,0.0,2536712327.0,158.0,3303999600.0
2020-04-02T00:00:00.000Z,39.87416665,39.38081279,0.012527772411169657,13865240.511025244,0.0,2568780271.0,168.0,3985953572.0
2020-04-03T00:00:00.000Z,40.35913504,39.87416665,0.012162470861318898,18277912.711668946,0.0,2600305500.0,187.0,3482692346.0
2020-04-04T00:00:00.000Z,40.67555711,40.35913504,0.007840159846993627,8619118.16645819,0.0,2621009072.0,165.0,3229457622.0
2020-04-05T00:00:00.000Z,40.67013927,40.67555711,-0.00013319645470001002,9097706.885763552,0.0,2620968039.0,134.0,3084146015.0
2020-04-06T00:00:00.000Z,44.39112198,40.67013927,0.0914917621820084,9248113.354033804,0.0,2861077283.0,187.0,4287968687.0
2020-04-07T00:00:00.000Z,44.6679293,44.39112198,0.00623564595021295,32569308.250392694,0.0,2879255750.0,220.0,4391267713.0
2020-04-08T00:00:00.000Z,46.31985866,44.6679293,0.036982447717808224,8745319.933680275,0.0,2986094917.0,183.0,3831132142.0
2020-04-09T00:00:00.000Z,46.4003396927,46.31985866,0.0017375060077525685,23335818.58566485,0.0,2991619902.0,152.0,3631187987.0
2020-04-10T00:00:00.000Z,42.26981235,46.4003396927,-0.08901933412676805,12038566.096991947,0.0,2725609591.0,127.0,4008964133.0
2020-04-11T00:00:00.000Z,42.31909769,42.26981235,0.0011659701631014526,6514771.74665383,0.0,2729109196.0,101.0,3374908252.0
2020-04-12T00:00:00.000Z,42.4502857,42.31909769,0.003099971813222336,10259672.66834529,0.0,2737892510.0,131.0,3639638078.0
2020-04-13T00:00:00.000Z,41.20434234,42.4502857,-0.029350647220732495,9023527.258780845,0.57,2657814813.0,342.0,3998289644.0
2020-04-14T00:00:00.000Z,41.0800941391,41.20434234,-0.003015415217036044,10931358.210427312,0.57,2650077175.0,619.0,3716121881.0
2020-04-15T00:00:00.000Z,39.58906929,41.0800941391,-0.03629555580012277,12867221.189954478,0.57,2554181141.0,609.0,3696959521.0
2020-04-16T00:00:00.000Z,42.6750506128,39.58906929,0.07795033776102198,115544448.74073298,0.57,2753595083.0,196.0,4984182877.0
2020-04-17T00:00:00.000Z,42.74503552,42.6750506128,0.0016399490145891172,10414729.823243788,0.57,2758454401.0,487.0,4096625538.0
2020-04-18T00:00:00.000Z,44.36289744,42.74503552,0.037849118624384184,11144074.516110212,0.57,2863206054.0,321.0,4508378329.0
2020-04-19T00:00:00.000Z,42.63475094,44.36289744,-0.03895477075944556,7123600.505889099,0.57,2751996675.0,420.0,4563334114.0
2020-04-20T00:00:00.000Z,40.82838424,42.63475094,-0.042368412156133135,15383565.046583565,0.0,2635710772.0,470.0,4293209435.0
2020-04-21T00:00:00.000Z,41.04014175,40.82838424,0.005186526822987454,20619296.63050082,0.0,2649690810.0,510.0,3954491838.0
2020-04-22T00:00:00.000Z,41.8874131,41.04014175,0.020644942095016033,31593689.49458177,0.29,2704698254.0,316.0,4029531589.0
2020-04-23T00:00:00.000Z,42.93721546,41.8874131,0.025062477778079857,38981502.66743017,0.57,2772774520.0,585.0,4757478698.0
2020-04-24T00:00:00.000Z,44.8152051325,42.93721546,0.04373804058741354,15751579.279148735,0.57,2894370113.0,469.0,4788265185.0
2020-04-25T00:00:00.000Z,44.7149101,44.8152051325,-0.0022379688367700668,17216549.832934674,0.57,2888203931.0,844.0,4769855704.0
2020-04-26T00:00:00.000Z,44.68908811,44.7149101,-0.0005774805303702106,9134701.700306404,0.71,2886855018.0,301.0,4687873111.0
2020-04-27T00:00:00.000Z,44.71006432,44.68908811,0.0004693810253717573,24577933.91130267,0.71,2888544819.0,743.0,4473729902.0
2020-04-28T00:00:00.000Z,46.02870344,44.71006432,0.029493116148574583,8173248.17403754,0.71,2974099483.0,903.0,4413476561.0
2020-04-29T00:00:00.000Z,49.18130189,46.02870344,0.06849201073216238,19059409.03970557,1.14,3178164249.0,1057.0,5673988960.0
2020-04-30T00:00:00.000Z,46.71401966,49.18130189,-0.05016707844616193,30470244.88742908,1.29,3019046193.0,565.0,5724477325.0
2020-05-01T00:00:00.000Z,47.79170327,46.71401966,0.023069811115458205,9025908.33639585,2.0,3089051663.0,522.0,4581731065.0
2020-05-02T00:00:00.000Z,49.45804612,47.79170327,0.03486678096794267,7246574.864800922,3.57,3197119850.0,476.0,4453777871.0
2020-05-03T00:00:00.000Z,48.26715747,49.45804612,-0.024078764597989702,11362793.375995148,3.71,3120493727.0,340.0,4667453994.0
2020-05-04T00:00:00.000Z,47.47349286,48.26715747,-0.016443160351700743,20942662.14710624,4.0,3069527725.0,790.0,4488284400.0
2020-05-05T00:00:00.000Z,46.78725938,47.47349286,-0.014455087221488225,17429340.489982605,4.0,3025540504.0,492.0,4187625277.0
2020-05-06T00:00:00.000Z,45.94286637,46.78725938,-0.01804749885309492,16663347.332072722,3.29,2971266131.0,675.0,4575858023.0
2020-05-07T00:00:00.000Z,47.33011499,45.94286637,0.030195082057523814,32226774.93607743,2.86,3061336365.0,806.0,5080727910.0
2020-05-08T00:00:00.000Z,47.88221848,47.33011499,0.011664951376447108,27256985.19279451,2.14,3097356144.0,641.0,4780707207.0
2020-05-09T00:00:00.000Z,47.260595126300004,47.88221848,-0.012982342369112285,12583628.241240213,0.57,3057501433.0,500.0,4741516484.0
2020-05-10T00:00:00.000Z,42.36762756,47.260595126300004,-0.10353165365827394,20431285.64642943,0.29,2741254063.0,831.0,5783062532.0
2020-05-11T00:00:00.000Z,41.69996396,42.36762756,-0.015758814888902514,45203349.53447424,0.0,2698347048.0,380.0,5121746343.0
2020-05-12T00:00:00.000Z,42.11187972,41.69996396,0.009878084316694442,38652874.19728199,0.0,2725296857.0,255.0,4734936547.0
2020-05-13T00:00:00.000Z,43.13455948,42.11187972,0.024284828100758136,17110015.64111321,0.0,2791779469.0,258.0,4565388581.0
2020-05-14T00:00:00.000Z,43.94533535,43.13455948,0.0187964332955789,10437135.504339194,0.0,2844597190.0,274.0,5023559798.0
2020-05-15T00:00:00.000Z,42.83398136,43.94533535,-0.025289464311711026,35788847.67754773,0.0,2772979035.0,466.0,4340414828.0
2020-05-16T00:00:00.000Z,43.21289662,42.83398136,0.008846136828033568,15722603.309776893,0.0,2797840306.0,894.0,3879155974.0
2020-05-17T00:00:00.000Z,43.64083543,43.21289662,0.009903034590880442,20499150.974536005,0.0,2825893814.0,511.0,3901110454.0
2020-05-18T00:00:00.000Z,45.20107397,43.64083543,0.03575180274682473,112240042.86164956,0.0,2927235935.0,656.0,4473025831.0
2020-05-19T00:00:00.000Z,45.3836115,45.20107397,0.004038344976518654,12001273.395875596,0.0,2939336800.0,858.0,3612370257.0
2020-05-20T00:00:00.000Z,44.17212611,45.3836115,-0.026694336346502524,16248489.154980838,0.0,2861150335.0,458.0,3448255432.0
2020-05-21T00:00:00.000Z,42.74270168,44.17212611,-0.032360326655782014,16559517.511499478,0.0,2768884214.0,636.0,3143718509.0
2020-05-22T00:00:00.000Z,44.20758096,42.74270168,0.034272032941835284,14065706.441999596,0.0,2864136481.0,769.0,2908274408.0
2020-05-23T00:00:00.000Z,44.0331176,44.20758096,-0.00394645796515886,6151692.409688666,0.0,2853191056.0,241.0,2576920703.0
2020-05-24T00:00:00.000Z,42.44889275,44.0331176,-0.035978030544900716,11707216.803866604,0.0,2750870493.0,234.0,2656112321.0
2020-05-25T00:00:00.000Z,42.94612981,42.44889275,0.011713781627437228,14678664.729868025,0.0,2783422664.0,181.0,2701310002.0
2020-05-26T00:00:00.000Z,42.43205739,42.94612981,-0.011970168727061952,13939306.844867328,0.0,2750446203.0,249.0,2475471673.0
2020-05-27T00:00:00.000Z,43.86143258,42.43205739,0.03368620985926702,10485031.228712624,0.0,2843324947.0,196.0,2757608482.0
2020-05-28T00:00:00.000Z,44.75869919,43.86143258,0.020456846874835996,10460891.617963787,0.0,2901856312.0,246.0,2743046058.0
2020-05-29T00:00:00.000Z,44.65246514,44.75869919,-0.0023734838572730364,8560012.448427405,0.29,2895315418.0,272.0,2632197768.0
2020-05-30T00:00:00.000Z,47.53863087,44.65246514,0.06463620140457943,15549802.109939128,0.71,3082829598.0,245.0,2852777896.0
2020-05-31T00:00:00.000Z,45.5742285993,47.53863087,-0.04132223067323687,26008337.01404093,0.71,2955783148.0,190.0,2637731569.0
2020-06-01T00:00:00.000Z,48.12523141,45.5742285993,0.0559746788723305,11406549.543353338,1.29,3121604529.0,217.0,3035652544.0
2020-06-02T00:00:00.000Z,45.92351688,48.12523141,-0.04574969232340148,83288976.77040651,1.29,2979119286.0,276.0,3060955005.0
2020-06-03T00:00:00.000Z,47.17289444,45.92351688,0.02720561587791007,13498490.859362485,1.29,3060501220.0,191.0,2691495449.0
2020-06-04T00:00:00.000Z,47.63759500000001,47.17289444,0.009851007989154972,28086173.22512317,1.29,3090975369.0,184.0,2697436350.0
2020-06-05T00:00:00.000Z,47.05314611,47.63759500000001,-0.012268648112903357,10595637.49221597,1.0,3053335010.0,145.0,2551367878.0
2020-06-06T00:00:00.000Z,46.73195764,47.05314611,-0.006826078520852444,4954668.229091575,0.71,3032854879.0,145.0,2160092222.0
2020-06-07T00:00:00.000Z,46.66800204,46.73195764,-0.0013685623977639106,10640508.148460964,1.14,3029051321.0,105.0,2385218875.0
2020-06-08T00:00:00.000Z,46.471441879,46.66800204,-0.0042118829263683814,62117702.15038397,0.71,3016629648.0,142.0,2359581648.0
2020-06-09T00:00:00.000Z,46.06941413,46.471441879,-0.00865107112550495,16994910.88430107,1.29,2990871181.0,147.0,2141209283.0
2020-06-10T00:00:00.000Z,46.67997596,46.06941413,0.013253084319177596,9547316.48347968,1.57,3030821037.0,159.0,2146762421.0
2020-06-11T00:00:00.000Z,43.5007242977,46.67997596,-0.06810739716370663,19267900.93404875,1.71,2824578728.0,159.0,2554629198.0
2020-06-12T00:00:00.000Z,44.82805407,43.5007242977,0.03051282004447398,14348647.37435844,1.86,2911065499.0,180.0,2260548556.0
2020-06-13T00:00:00.000Z,45.0945597,44.82805407,0.005945063543999546,33839583.640002355,2.0,2928688758.0,141.0,1739835590.0
2020-06-14T00:00:00.000Z,44.08452628,45.0945597,-0.022398121341453064,6471896.3078136975,1.57,2863412897.0,149.0,1782403292.0
2020-06-15T00:00:00.000Z,43.91429476,44.08452628,-0.0038614800784925545,20887240.096018802,1.43,2852680851.0,210.0,2090717318.0
2020-06-16T00:00:00.000Z,43.87725723,43.91429476,-0.000843404868560827,16721473.223956153,0.86,2850591900.0,185.0,1841455099.0
2020-06-17T00:00:00.000Z,44.03235715,43.87725723,0.0035348590543612915,11852331.450922847,0.57,2860963357.0,188.0,1996899442.0
2020-06-18T00:00:00.000Z,43.56013067,44.03235715,-0.010724533287902878,10704231.01776106,0.57,2830626074.0,142.0,1576467272.0
2020-06-19T00:00:00.000Z,42.67983406,43.56013067,-0.020208768809003252,16259702.665781826,0.43,2767724113.0,151.0,1712639222.0
2020-06-20T00:00:00.000Z,43.3468149,42.67983406,0.015627540609983358,10713295.473674806,0.43,2811334445.0,131.0,1500492583.0
2020-06-21T00:00:00.000Z,43.08744304,43.3468149,-0.005983642871993386,14237623.703490695,0.43,2794826424.0,145.0,1362753187.0
2020-06-22T00:00:00.000Z,44.188004,43.08744304,0.02554249875023456,9642752.747433642,0.43,2866546342.0,162.0,1659721584.0
2020-06-23T00:00:00.000Z,44.17927958,44.188004,-0.00019743865325983192,14956529.778943004,0.43,2866313928.0,150.0,1365925951.0
2020-06-24T00:00:00.000Z,42.84382675,44.17927958,-0.030228035465851327,19770531.956116352,0.43,2779946161.0,151.0,1493695398.0
2020-06-25T00:00:00.000Z,42.5643029462,42.84382675,-0.006524249232708806,15070167.362197792,0.29,2762084171.0,127.0,1310383546.0
2020-06-26T00:00:00.000Z,43.32078456,42.5643029462,0.017772677136429754,25018467.473525785,0.43,2811467299.0,185.0,1714646169.0
2020-06-27T00:00:00.000Z,41.55555971,43.32078456,-0.0407477581010828,15867337.978781192,0.14,2697200834.0,175.0,1453347400.0
2020-06-28T00:00:00.000Z,41.40826848,41.55555971,-0.0035444410092870453,10207655.156661062,0.14,2687972549.0,112.0,1337385786.0
2020-06-29T00:00:00.000Z,41.85103372,41.40826848,0.010692677000340005,13946760.9369831,0.14,2717052119.0,144.0,1668680719.0
2020-06-30T00:00:00.000Z,41.46779203,41.85103372,-0.009157281336562371,32305846.57248869,0.14,2692495275.0,110.0,1390313389.0
2020-07-01T00:00:00.000Z,41.69924516,41.46779203,0.005581515645505143,8294800.703747353,0.14,2707814853.0,196.0,1220528740.0
2020-07-02T00:00:00.000Z,41.4718551843,41.69924516,-0.00545309572937122,125503259.21835531,0.14,2693358881.0,163.0,1338754444.0
2020-07-03T00:00:00.000Z,41.1807535777,41.4718551843,-0.007019256922709279,13400086.248837462,0.0,2674746916.0,142.0,1122380451.0
2020-07-04T00:00:00.000Z,42.06653368,41.1807535777,0.021509565157148063,5834531.232628859,0.0,2732595058.0,157.0,1173145659.0
2020-07-05T00:00:00.000Z,41.59807417,42.06653368,-0.011136156678930871,8754780.305898577,0.0,2702477997.0,131.0,1170070065.0
2020-07-06T00:00:00.000Z,43.96349344,41.59807417,0.056863672590543014,49960809.97695838,0.0,2856450323.0,212.0,1743603778.0
2020-07-07T00:00:00.000Z,43.3182468,43.96349344,-0.014676873685677772,29561114.633253563,0.0,2814829248.0,320.0,1360983976.0
2020-07-08T00:00:00.000Z,45.2007465,43.3182468,0.0434574305070907,35969936.65891886,0.0,2937468640.0,360.0,2161892498.0
2020-07-09T00:00:00.000Z,44.5374555,45.2007465,-0.014674337292194962,14243074.36652521,0.0,2894664419.0,248.0,1985305536.0
2020-07-10T00:00:00.000Z,44.2461161,44.5374555,-0.006541446895186868,12452243.427810125,0.0,2876028160.0,173.0,1840301462.0
2020-07-11T00:00:00.000Z,44.67707832,44.2461161,0.00974011411591441,8225158.829490027,0.0,2904378314.0,157.0,1764984238.0
2020-07-12T00:00:00.000Z,44.6361016,44.67707832,-0.0009171754631424204,10589835.437451344,0.0,2902091664.0,182.0,1598865182.0
2020-07-13T00:00:00.000Z,43.91979575,44.6361016,-0.01604767944161156,42847446.06520435,0.0,2855849775.0,238.0,1724704950.0
2020-07-14T00:00:00.000Z,43.80286462,43.91979575,-0.002662378729299932,23049329.327953186,0.0,2848566183.0,239.0,1882872130.0
2020-07-15T00:00:00.000Z,43.2789555,43.80286462,-0.011960613182380469,25341056.449126054,0.0,2814802324.0,239.0,1809900342.0
2020-07-16T00:00:00.000Z,42.03543724,43.2789555,-0.02873263103588537,23241813.51673704,0.0,2734230404.0,215.0,1543731673.0
2020-07-17T00:00:00.000Z,41.91281565,42.03543724,-0.002917100381278237,17269062.16438953,0.0,2726545150.0,182.0,1336746650.0
2020-07-18T00:00:00.000Z,42.42586604,41.91281565,0.012240895345335828,8416232.2694494,0.0,2760226500.0,160.0,1141296421.0
2020-07-19T00:00:00.000Z,42.55272856,42.42586604,0.002990216390170735,12052491.60642692,0.0,2768772725.0,156.0,1140767149.0
2020-07-20T00:00:00.000Z,41.97580954,42.55272856,-0.01355774446253273,44173201.54715831,0.0,2731558150.0,174.0,1152077279.0
2020-07-21T00:00:00.000Z,43.61614844,41.97580954,0.03907819570309598,339757079.3576112,0.0,2838623093.0,248.0,1384220462.0
2020-07-22T00:00:00.000Z,44.93611621,43.61614844,0.030263281312328506,14293780.680999018,0.0,2924848189.0,279.0,1383704376.0
2020-07-23T00:00:00.000Z,44.85007694,44.93611621,-0.0019147019648496802,14156599.606217505,0.0,2919572018.0,291.0,1775727714.0
2020-07-24T00:00:00.000Z,44.18254056,44.85007694,-0.014883728759106143,9591263.56937265,0.0,2876436566.0,259.0,1620747746.0
2020-07-25T00:00:00.000Z,48.80476604,44.18254056,0.10461656168737067,21448162.629341934,0.0,3177555508.0,670.0,2433671618.0
2020-07-26T00:00:00.000Z,47.97871897,48.80476604,-0.0169255410285744,23424302.68985221,0.0,3124123307.0,320.0,2587129920.0
2020-07-27T00:00:00.000Z,52.95002692,47.97871897,0.10361485376690532,55039368.02968265,0.0,3448224688.0,833.0,3397559596.0
2020-07-28T00:00:00.000Z,55.57520501,52.95002692,0.04957840897732255,229007323.25021243,0.0,3619587263.0,681.0,3293197775.0
2020-07-29T00:00:00.000Z,55.17200391,55.57520501,-0.007255053758730109,20746972.93355413,0.0,3593728339.0,340.0,2572759911.0
2020-07-30T00:00:00.000Z,56.64311208,55.17200391,0.026664033671855814,46521759.57140926,0.0,3689985568.0,419.0,3015740898.0
2020-07-31T00:00:00.000Z,57.99813709,56.64311208,0.023922149759113283,20862389.03952867,0.0,3778669742.0,336.0,2461431454.0
2020-08-01T00:00:00.000Z,61.29322579,57.99813709,0.056813698944963825,20268725.84237207,0.0,3993808114.0,380.0,3124975567.0
2020-08-02T00:00:00.000Z,56.64144374,61.29322579,-0.07589390165134595,19374845.484551366,0.0,3691130076.0,366.0,3499183526.0
2020-08-03T00:00:00.000Z,58.46890283,56.64144374,0.032263638942336005,19934425.28024841,0.14,3810634494.0,207.0,2250487587.0
2020-08-04T00:00:00.000Z,57.53305400000001,58.46890283,-0.01600592425551404,16035798.515341762,0.14,3749523928.0,205.0,2088598738.0
2020-08-05T00:00:00.000Z,59.01070626,57.53305400000001,0.02568353593744549,12625403.64614229,0.57,3846220333.0,297.0,2144590019.0
2020-08-06T00:00:00.000Z,59.1483009616,59.01070626,0.00233169047314502,17443746.331616804,0.57,3855561162.0,312.0,2240743679.0
2020-08-07T00:00:00.000Z,57.24553207,59.1483009616,-0.032169459826670334,11956365.040094547,0.57,3731890489.0,174.0,2756992175.0
2020-08-08T00:00:00.000Z,58.12920588,57.24553207,0.015436555099521809,11042560.395077156,0.57,3789893301.0,227.0,1726820323.0
2020-08-09T00:00:00.000Z,57.13903008,58.12920588,-0.01703405000997414,18236276.983995773,0.57,3725788182.0,248.0,1601010110.0
2020-08-10T00:00:00.000Z,58.28884584,57.13903008,0.020123123518025296,18050247.581788704,0.43,3801224617.0,277.0,2247183310.0
2020-08-11T00:00:00.000Z,54.38684316,58.28884584,-0.06694252774726071,20156292.163514666,0.71,3547154657.0,270.0,2754950222.0
2020-08-12T00:00:00.000Z,54.96858456,54.38684316,0.010696362689935514,19967818.44573132,0.29,3585464599.0,322.0,2450391467.0
2020-08-13T00:00:00.000Z,57.74131641,54.96858456,0.05044211838806728,19425154.592082787,0.29,3766743819.0,353.0,2843622469.0
2020-08-14T00:00:00.000Z,56.75312254,57.74131641,-0.017114155537833596,60931223.68478146,0.29,3702706247.0,308.0,2476128674.0
2020-08-15T00:00:00.000Z,59.92780968,56.75312254,0.055938545720765606,19847673.326846924,0.29,3910281206.0,389.0,3063536363.0
2020-08-16T00:00:00.000Z,63.82654319,59.92780968,0.06505716679482018,31250374.474802315,0.57,4165123797.0,510.0,3595771595.0
2020-08-17T00:00:00.000Z,67.02804135,63.82654319,0.05015935377339355,86761929.39183001,0.57,4374438900.0,621.0,3997651594.0
2020-08-18T00:00:00.000Z,65.52753496,67.02804135,-0.0223862484980698,60427972.86655635,0.29,4276903970.0,509.0,3627257060.0
2020-08-19T00:00:00.000Z,62.0046272,65.52753496,-0.05376225066531933,17255145.670664813,0.29,4047380317.0,358.0,3345972244.0
2020-08-20T00:00:00.000Z,62.90597184560001,62.0046272,0.014536731955385506,304389691.9333492,0.86,4106679932.0,332.0,2797593636.0
2020-08-21T00:00:00.000Z,59.3630572454,62.90597184560001,-0.056320799063337534,19113551.21148781,0.86,3875815850.0,275.0,2909731719.0
2020-08-22T00:00:00.000Z,60.31115811,59.3630572454,0.015971227032338674,16557934.79570513,0.86,3937965763.0,222.0,2317942996.0
2020-08-23T00:00:00.000Z,60.62325901,60.31115811,0.005174845083073422,35991696.39945985,0.57,3958807136.0,245.0,2315616100.0
2020-08-24T00:00:00.000Z,62.19942538,60.62325901,0.025999367169290737,17567210.177388925,0.57,4062179119.0,271.0,2490426542.0
2020-08-25T00:00:00.000Z,58.58066532,62.19942538,-0.05817995966830264,21009011.20654586,0.57,3826259089.0,210.0,2625416624.0
2020-08-26T00:00:00.000Z,58.35817448,58.58066532,-0.003798025146772077,91138569.9371428,0.57,3812133909.0,249.0,2067102732.0
2020-08-27T00:00:00.000Z,56.0410168,58.35817448,-0.03970579444348665,23304303.36624273,0.0,3661200919.0,179.0,2212235187.0
2020-08-28T00:00:00.000Z,57.35440311,56.0410168,0.023436161315331556,14818403.055147285,0.0,3747428403.0,151.0,2206041301.0
2020-08-29T00:00:00.000Z,57.29173262,57.35440311,-0.001092688383136102,19234871.4693251,0.0,3743728945.0,154.0,2006047086.0
2020-08-30T00:00:00.000Z,62.72533993,57.29173262,0.09484103659492364,20961671.5673019,0.0,4099231860.0,290.0,2759602454.0
2020-08-31T00:00:00.000Z,61.11379813,62.72533993,-0.02569203772826804,23263000.324654777,0.0,3994085080.0,242.0,2561891272.0
2020-09-01T00:00:00.000Z,62.88279052,61.11379813,0.02894587546722325,26300873.652192764,0.0,4110169776.0,348.0,2717986649.0
2020-09-02T00:00:00.000Z,58.09964767,62.88279052,-0.0760644177913623,19483752.053260736,0.0,3797966400.0,246.0,2790169260.0
2020-09-03T00:00:00.000Z,47.77411236,58.09964767,-0.17772113470718412,180343552.8262908,0.29,3123351779.0,235.0,2765272845.0
2020-09-04T00:00:00.000Z,50.61197823,47.77411236,0.05940174981411212,55743424.73900307,0.57,3309267726.0,269.0,2851271830.0
2020-09-05T00:00:00.000Z,47.58933846,50.61197823,-0.05972182624958815,9903583.481155872,0.57,3111962365.0,238.0,2831766570.0
2020-09-06T00:00:00.000Z,48.05357195,47.58933846,0.00975498935313416,11819591.1005126,0.57,3142675722.0,161.0,2075916067.0
2020-09-07T00:00:00.000Z,48.77010822,48.05357195,0.014911196835597544,294617078.69205385,0.57,3189892800.0,148.0,2235340013.0
2020-09-08T00:00:00.000Z,47.38380177,48.77010822,-0.028425330609200758,12052672.79820056,0.57,3099602851.0,121.0,2314205963.0
2020-09-09T00:00:00.000Z,47.89769852,47.38380177,0.010845409840570518,14451415.174705535,0.57,3133588725.0,134.0,1828181736.0
2020-09-10T00:00:00.000Z,48.71685458,47.89769852,0.01710220084286431,14054443.38994043,0.29,3187527096.0,315.0,2001211524.0
2020-09-11T00:00:00.000Z,49.08975339,48.71685458,0.0076544106390867735,8252448.817551774,0.0,3212303729.0,177.0,1835173089.0
2020-09-12T00:00:00.000Z,50.81715545,49.08975339,0.03518864815385056,9741363.044825677,0.0,3325687817.0,199.0,1588978329.0
2020-09-13T00:00:00.000Z,48.06603626,50.81715545,-0.0541376069879961,12564935.06942635,0.0,3145983705.0,121.0,1785910878.0
2020-09-14T00:00:00.000Z,49.09012439,48.06603626,0.021305857725827018,29020541.258309446,0.0,3213367490.0,149.0,1786276098.0
2020-09-15T00:00:00.000Z,48.39009774,49.09012439,-0.014260030071192859,10752125.799466494,0.0,3167891971.0,157.0,1663112038.0
2020-09-16T00:00:00.000Z,47.9806697434,48.39009774,-0.008460987179646924,45414499.66021861,0.0,3141421344.0,164.0,1677176316.0
2020-09-17T00:00:00.000Z,48.87706842,47.9806697434,0.01868249612591756,25665078.87219005,0.0,3200475070.0,143.0,1701721113.0
2020-09-18T00:00:00.000Z,48.4422617558,48.87706842,-0.008895923553837467,10565600.966034384,0.0,3172333296.0,132.0,1135873393.0
2020-09-19T00:00:00.000Z,48.6768316,48.4422617558,0.00484225623862242,7109124.484953213,0.0,3188069967.0,150.0,961716690.0
2020-09-20T00:00:00.000Z,47.1005298,48.6768316,-0.032382999225446775,14197695.516900688,0.0,3085167468.0,126.0,1033913350.0
2020-09-21T00:00:00.000Z,43.3902205,47.1005298,-0.07877425828870398,18886382.10657126,0.0,2842432912.0,130.0,1923483523.0
2020-09-22T00:00:00.000Z,44.545049,43.3902205,0.026614948868489863,28938512.154086936,0.0,2918394264.0,144.0,1078696494.0
2020-09-23T00:00:00.000Z,43.05768754,44.545049,-0.03339005104697484,15134962.726100648,0.0,2821103400.0,122.0,1676705751.0
2020-09-24T00:00:00.000Z,45.03985641,43.05768754,0.0460351910018063,15151395.47249474,0.0,2951298284.0,133.0,2070966440.0
2020-09-25T00:00:00.000Z,46.08631106,45.03985641,0.023233969497461843,17838399.695924535,0.0,3020217186.0,169.0,1849539132.0
2020-09-26T00:00:00.000Z,46.18892213,46.08631106,0.002226497795981369,9044081.267750217,0.0,3027273265.0,142.0,2123570272.0
2020-09-27T00:00:00.000Z,46.09169507,46.18892213,-0.0021049865534067532,23148835.97493903,0.14,3021254303.0,114.0,2217192656.0
2020-09-28T00:00:00.000Z,45.35554024,46.09169507,-0.01597152868606784,21808526.77186602,0.29,2973353460.0,116.0,1923868466.0
2020-09-29T00:00:00.000Z,45.7965638,45.35554024,0.00972369764898203,17040697.513147205,0.29,3002587743.0,159.0,1790368155.0
2020-09-30T00:00:00.000Z,46.37146092,45.7965638,0.012553280689587365,23217499.10351572,0.29,3040608728.0,203.0,1979505099.0
2020-10-01T00:00:00.000Z,46.31350634,46.37146092,-0.001249789824391701,15404728.87485954,0.29,3037112538.0,180.0,2558851054.0
2020-10-02T00:00:00.000Z,44.92397278,46.31350634,-0.03000277175731549,111733838.64935504,0.29,2946294542.0,102.0,2201641713.0
2020-10-03T00:00:00.000Z,45.58177105,44.92397278,0.014642477708312791,13263939.59667562,0.29,2989719911.0,83.0,1707844978.0
2020-10-04T00:00:00.000Z,46.7301051,45.58177105,0.025192835283656723,15027709.22838184,0.14,3065363622.0,113.0,2034541387.0
2020-10-05T00:00:00.000Z,46.36322602,46.7301051,-0.007851021931470125,19196669.21705157,0.0,3041609178.0,109.0,2349391995.0
2020-10-06T00:00:00.000Z,45.98552988,46.36322602,-0.008146459433971841,11656359.216120316,0.0,3017134337.0,135.0,3013107749.0
2020-10-07T00:00:00.000Z,46.66047943,45.98552988,0.014677433352650125,26910907.75857501,0.14,3061759913.0,124.0,2167187221.0
2020-10-08T00:00:00.000Z,47.2183813,46.66047943,0.011956625324370244,10961463.774721233,0.14,3098565933.0,100.0,2350341454.0
2020-10-09T00:00:00.000Z,47.83295548,47.2183813,0.01301557069682957,12583325.421429448,0.14,3139276406.0,132.0,2250628685.0
2020-10-10T00:00:00.000Z,48.92109624,47.83295548,0.02274876701806498,72698589.87982486,0.14,3211040248.0,177.0,2781995604.0
2020-10-11T00:00:00.000Z,50.72790178,48.92109624,0.03693305503899735,19381964.07334509,0.14,3330028818.0,136.0,2601103257.0
2020-10-12T00:00:00.000Z,50.74381819,50.72790178,0.00031376046399519644,461843679.18254936,0.14,3331555081.0,138.0,2646408249.0
2020-10-13T00:00:00.000Z,49.94064077,50.74381819,-0.015828084063218523,13288555.096310586,0.14,3279211860.0,226.0,2177774803.0
2020-10-14T00:00:00.000Z,49.84649026,49.94064077,-0.0018852483377937768,27086981.82129587,0.0,3273382395.0,176.0,2213563866.0
2020-10-15T00:00:00.000Z,49.4903711,49.84649026,-0.007144317646889,23264398.30270055,0.0,3250355736.0,191.0,2340485565.0
2020-10-16T00:00:00.000Z,47.69287458,49.4903711,-0.036320126118432015,13482050.894479232,0.0,3132624928.0,157.0,2331529601.0
2020-10-17T00:00:00.000Z,47.05392769,47.69287458,-0.01339711425714612,7375134.400263228,0.0,3090962057.0,95.0,2169301016.0
2020-10-18T00:00:00.000Z,47.61954565,47.05392769,0.012020632235557322,7576014.678011659,0.0,3128435828.0,88.0,2636565895.0
2020-10-19T00:00:00.000Z,48.09891537,47.61954565,0.010066658836338584,13324446.407876575,0.0,3160267220.0,141.0,1771107656.0
2020-10-20T00:00:00.000Z,47.05102987,48.09891537,-0.02178605259472402,18396338.100838907,0.0,3091763886.0,194.0,1757468523.0
2020-10-21T00:00:00.000Z,53.04532907,47.05102987,0.12739995737738355,39046821.56871007,0.0,3485819576.0,447.0,3534993796.0
2020-10-22T00:00:00.000Z,54.26727705,53.04532907,0.02303592043679249,29004128.79489721,0.0,3566118639.0,353.0,3814584794.0
2020-10-23T00:00:00.000Z,55.23868781,54.26727705,0.017900488338579813,62305535.79460519,0.0,3630921272.0,209.0,3519541892.0
2020-10-24T00:00:00.000Z,59.095832008467646,55.23868781,0.06982686141522311,17525076.437532607,0.14,3884872256.0,327.0,3891894018.0
2020-10-25T00:00:00.000Z,58.67655438851017,59.095832008467646,-0.0070948763340433155,93679518.22964364,0.14,3857688032.0,274.0,3722679374.0
2020-10-26T00:00:00.000Z,56.75755764453157,58.67655438851017,-0.032704659705689434,78559087.53029084,0.14,3731855689.0,181.0,3703895507.0
2020-10-27T00:00:00.000Z,57.70926615009229,56.75755764453157,0.016767960868246036,42717693.32628963,0.14,3794740044.0,313.0,3441674938.0
2020-10-28T00:00:00.000Z,55.8128025889004,57.70926615009229,-0.03286237527712616,61478748.36387474,0.29,3670319123.0,158.0,3786974221.0
2020-10-29T00:00:00.000Z,54.765664144005264,55.8128025889004,-0.01876161734088204,29518308.080342676,0.29,3601788647.0,138.0,3010987382.0
2020-10-30T00:00:00.000Z,53.834330224777496,54.765664144005264,-0.017005799779563402,13465690.144235468,0.29,3540912845.0,172.0,2567169931.0
2020-10-31T00:00:00.000Z,55.59026116062229,53.834330224777496,0.0326173081101438,189908588.9271752,0.14,3656741432.0,143.0,2657420659.0
2020-11-01T00:00:00.000Z,55.58762310262705,55.59026116062229,-4.7455398484623844e-05,26139528.847258154,0.14,3656933389.0,116.0,2045991010.0
2020-11-02T00:00:00.000Z,53.814461201286285,55.58762310262705,-0.03189850190333044,71593407.91568328,0.14,3540686300.0,136.0,3020803804.0
2020-11-03T00:00:00.000Z,53.81962176,53.814461201286285,9.589538942719069e-05,24082687.994251344,0.14,3541432847.0,223.0,2580300879.0
2020-11-04T00:00:00.000Z,54.49910437,53.81962176,0.012625183674274877,51262347.35337661,0.0,3586579398.0,124.0,3050534139.0
2020-11-05T00:00:00.000Z,58.67849616,54.49910437,0.07668734813742416,73952734.77002901,0.0,3862051532.0,230.0,3250514599.0
2020-11-06T00:00:00.000Z,63.13111235,58.67849616,0.07588156618497771,40063316.05671073,0.0,4155585902.0,203.0,4083503373.0
2020-11-07T00:00:00.000Z,59.14364748,63.13111235,-0.06316164441857809,35212074.51700672,0.0,3893544751.0,150.0,4320946722.0
2020-11-08T00:00:00.000Z,61.05504665,59.14364748,0.03231791158376495,17844488.001230318,0.0,4019845346.0,148.0,2560316021.0
2020-11-09T00:00:00.000Z,59.36388331,61.05504665,-0.02769899349507749,62723077.76202343,0.0,3908932290.0,192.0,2791720300.0
2020-11-10T00:00:00.000Z,58.23734357,59.36388331,-0.01897685389140016,52469243.28806046,0.0,3835152414.0,192.0,2269831643.0
2020-11-11T00:00:00.000Z,59.51502792,58.23734357,0.02193926219289609,31018136.631956946,0.0,3919710178.0,154.0,2580790979.0
2020-11-12T00:00:00.000Z,60.36537784,59.51502792,0.014287986576147426,15514954.387224698,0.0,3976146557.0,234.0,2506731801.0
2020-11-13T00:00:00.000Z,65.45720007,60.36537784,0.08435004322338553,76637460.3335609,0.0,4311996164.0,459.0,4324936978.0
2020-11-14T00:00:00.000Z,63.77414998,65.45720007,-0.025712222462924574,19890339.76111605,0.0,4201549257.0,178.0,2879859655.0
2020-11-15T00:00:00.000Z,62.27992055,63.77414998,-0.023430017185154136,16818845.757119425,0.0,4103576321.0,174.0,2565763410.0
2020-11-16T00:00:00.000Z,73.55243094,62.27992055,0.18099750755060964,63256916.42244807,0.0,4846840226.0,676.0,5369678270.0
2020-11-17T00:00:00.000Z,75.85234021,73.55243094,0.03126897698155129,484503698.7287475,0.0,4998932617.0,630.0,5781117491.0
2020-11-18T00:00:00.000Z,73.69493456,75.85234021,-0.028442176523850737,40750219.322795175,0.0,4857299278.0,420.0,6120728271.0
2020-11-19T00:00:00.000Z,81.68366667,73.69493456,0.10840273022423053,60390254.52651297,0.0,5384471724.0,558.0,6615851204.0
2020-11-20T00:00:00.000Z,82.58315400000002,81.68366667,0.011011838310759487,54825691.39613266,0.14,5444339642.0,473.0,6264878329.0
2020-11-21T00:00:00.000Z,86.41011587,82.58315400000002,0.04634070854208342,28040136.276392005,0.14,5696028601.0,437.0,6565673514.0
2020-11-22T00:00:00.000Z,82.70420982,86.41011587,-0.04288740979789171,71991921.50848803,0.14,5452444708.0,330.0,6285046852.0
2020-11-23T00:00:00.000Z,89.03931421,82.70420982,0.07659953953720028,43249796.40478294,0.14,5870816229.0,358.0,7198913664.0
2020-11-24T00:00:00.000Z,89.20537318,89.03931421,0.0018650072888964876,51668868.426918395,0.14,5882460030.0,392.0,7748145325.0
2020-11-25T00:00:00.000Z,81.88012987,89.20537318,-0.08211661527629059,45977701.38138514,0.71,5400000837.0,281.0,6033297331.0
2020-11-26T00:00:00.000Z,70.86572109,81.88012987,-0.1345187018814875,57728404.20221874,0.71,4674081621.0,242.0,8965913476.0
2020-11-27T00:00:00.000Z,69.12387404,70.86572109,-0.024579543158642685,56769974.18974739,0.57,4559668328.0,211.0,5874999214.0
2020-11-28T00:00:00.000Z,72.69296617,69.12387404,0.0516332769186905,200958755.6400232,0.57,4795595984.0,233.0,4784394518.0
2020-11-29T00:00:00.000Z,79.23506852,72.69296617,0.08999635996006287,23126839.72339329,0.57,5227758602.0,273.0,5314384738.0
2020-11-30T00:00:00.000Z,87.57463257,79.23506852,0.10525092242325744,39382008.82898429,0.57,5778622122.0,281.0,6812463307.0
2020-12-01T00:00:00.000Z,85.43576677,87.57463257,-0.024423348830957075,34402343.91668666,0.57,5638149878.0,347.0,9818290618.0
2020-12-02T00:00:00.000Z,88.85651249,85.43576677,0.04003880165562186,106927588.79740945,0.14,5864578837.0,307.0,7713268210.0
2020-12-03T00:00:00.000Z,89.09896529,88.85651249,0.002728587845795559,28008371.90067116,0.14,5881242130.0,255.0,6014261404.0
2020-12-04T00:00:00.000Z,80.01707227,89.09896529,-0.10193039829856812,41475047.50304092,0.14,5282368906.0,240.0,5444117736.0
2020-12-05T00:00:00.000Z,83.11872986,80.01707227,0.038762447837808175,12111733.17137875,0.43,5487737378.0,279.0,4517680975.0
2020-12-06T00:00:00.000Z,83.55533607,83.11872986,0.005252801754013637,13538987.238657128,0.43,5517178551.0,206.0,3454805957.0
2020-12-07T00:00:00.000Z,83.62405876,83.55533607,0.0008224811631710468,51161729.94691613,0.43,5522332008.0,179.0,4312326196.0
2020-12-08T00:00:00.000Z,76.7486542,83.62405876,-0.08221802029165216,38149949.36440471,0.57,5068820612.0,185.0,4230876095.0
2020-12-09T00:00:00.000Z,77.41098045,76.7486542,0.008629809302897098,33611640.38125651,0.43,5113163503.0,163.0,4239672634.0
2020-12-10T00:00:00.000Z,74.82955647,77.41098045,-0.03334700019291638,230855002.5916788,0.43,4943203900.0,173.0,3007098971.0
2020-12-11T00:00:00.000Z,72.08733437,74.82955647,-0.036646242866605706,37273317.764897175,0.71,4762563166.0,194.0,3761860017.0
2020-12-12T00:00:00.000Z,76.70689387,72.08733437,0.06408281760412123,10448801.053919027,0.43,5068283240.0,164.0,2966684035.0
2020-12-13T00:00:00.000Z,82.00063841,76.70689387,0.06901263071571681,17640030.128469516,0.57,5418690204.0,199.0,3845040543.0
2020-12-14T00:00:00.000Z,82.36316054,82.00063841,0.004420967165979923,17248009.985439904,0.71,5443275105.0,164.0,3459910049.0
2020-12-15T00:00:00.000Z,81.40067395,82.36316054,-0.011685887036019726,22784179.36934185,0.57,5380245587.0,220.0,3727495996.0
2020-12-16T00:00:00.000Z,92.78968506,81.40067395,0.13991298299318314,53690906.90925357,0.57,6133693800.0,272.0,6152647270.0
2020-12-17T00:00:00.000Z,100.95957532,92.78968506,0.08804739723728082,105395054.72195046,0.71,6674511819.0,664.0,11165000706.0
2020-12-18T00:00:00.000Z,109.3845096,100.95957532,0.0834485907185766,592204919.5968964,0.43,7232216464.0,499.0,10096427749.0
2020-12-19T00:00:00.000Z,120.5589091,109.3845096,0.10215705624921524,95031104.84859036,0.43,7971885335.0,599.0,9859343632.0
2020-12-20T00:00:00.000Z,114.66599272,120.5589091,-0.04887997431290627,53665836.51008915,0.29,7583089812.0,448.0,8652067110.0
2020-12-21T00:00:00.000Z,105.00539486,114.66599272,-0.08424989511572084,58181759.46463607,0.57,6944917515.0,419.0,9903839433.0
2020-12-22T00:00:00.000Z,110.6761936927634,105.00539486,0.054004833183324406,72696130.7003945,0.57,7320646218.0,334.0,10616146346.0
2020-12-23T00:00:00.000Z,101.81706223,110.6761936927634,-0.08004550181185584,44626675.0976682,0.86,6735539590.0,442.0,12287537836.0
2020-12-24T00:00:00.000Z,111.56539901,101.81706223,0.09574364616785888,32547937.72614029,0.71,7381279579.0,303.0,10108653753.0
2020-12-25T00:00:00.000Z,126.98359867,111.56539901,0.1381987587264222,24519289.016289946,0.71,8402415631.0,393.0,11678543063.0
2020-12-26T00:00:00.000Z,129.45920297,126.98359867,0.019495464972870268,71405012.77613924,0.71,8567168165.0,793.0,12680207148.0
2020-12-27T00:00:00.000Z,127.51696969,129.45920297,-0.015002666750930718,104160547.28021552,0.71,8439551136.0,592.0,14103307412.0
2020-12-28T00:00:00.000Z,130.05033199,127.51696969,0.01986686404294833,70260128.11733851,0.29,8608138657.0,586.0,10248729547.0
2020-12-29T00:00:00.000Z,129.04079724,130.05033199,-0.00776264646581315,58314867.41626298,0.29,8542261137.0,733.0,9160551332.0
2020-12-30T00:00:00.000Z,129.46607253,129.04079724,0.003295665394945152,49806094.354972705,0.14,8571310124.0,564.0,8127317345.0
2020-12-31T00:00:00.000Z,124.69032593,129.46607253,-0.03688801634801543,57083545.64291794,0.14,8256035501.0,547.0,6274573135.0
2021-01-01T00:00:00.000Z,126.23034575,124.69032593,0.012350756231598516,34144513.475606754,0.14,8358909486.0,495.0,7326980728.0
2021-01-02T00:00:00.000Z,136.94489094,126.23034575,0.08488089869626295,58123142.29159992,0.14,9069424356.0,846.0,10532067985.0
2021-01-03T00:00:00.000Z,160.19058561,136.94489094,0.16974488431397342,103491610.27005409,0.14,10610100157.0,992.0,15385661271.0
2021-01-04T00:00:00.000Z,154.80732008,160.19058561,-0.03360538017574945,100298120.81105588,0.14,10254764750.0,855.0,13659785704.0
2021-01-05T00:00:00.000Z,158.59477629,154.80732008,0.024465614468635842,69491342.10080634,0.14,10506208953.0,651.0,10192818976.0
2021-01-06T00:00:00.000Z,169.01692345,158.59477629,0.06571557653918242,73710500.10732481,0.0,11196630531.0,667.0,10743884477.0
2021-01-07T00:00:00.000Z,169.61595798,169.01692345,0.003544228103153199,134953269.3136282,0.0,11236313944.0,899.0,13099581396.0
2021-01-08T00:00:00.000Z,173.27987445,169.61595798,0.02160124857138754,97779562.2414435,0.0,11479032354.0,870.0,14705614969.0
2021-01-09T00:00:00.000Z,177.4839356,173.27987445,0.024261681648511845,55909366.403395,0.0,11757532983.0,700.0,11136779198.0
2021-01-10T00:00:00.000Z,171.11484357,177.4839356,-0.035885456384932624,402369167.7975524,0.14,11335608546.0,734.0,12774461582.0
2021-01-11T00:00:00.000Z,139.25223125,171.11484357,-0.1862060102749975,56900780.05478677,0.14,9224850105.0,640.0,17994263494.0
2021-01-12T00:00:00.000Z,132.63591652,139.25223125,-0.04751316851879887,46333681.58507204,0.14,8786548247.0,540.0,11898878222.0
2021-01-13T00:00:00.000Z,147.42134739,132.63591652,0.11147380934160864,48237060.69032397,0.14,9766018251.0,490.0,8421748673.0
2021-01-14T00:00:00.000Z,152.08457372,147.42134739,0.03163196112747193,62558854.12620883,0.14,10080148977.0,600.0,8271411810.0
2021-01-15T00:00:00.000Z,144.23754971,152.08457372,-0.051596449383794964,26199570.23113817,0.14,9561058743.0,492.0,8416625031.0
2021-01-16T00:00:00.000Z,144.26541965,144.23754971,0.0001932225003548032,21171841.38354502,0.14,9563943063.0,420.0,7183807955.0
2021-01-17T00:00:00.000Z,142.43082129,144.26541965,-0.012716826835224205,27101082.36382959,0.0,9443391846.0,428.0,6098835633.0
2021-01-18T00:00:00.000Z,152.14408514,142.43082129,0.06819636200947707,268034781.05623063,0.0,10088494155.0,422.0,6640211538.0
2021-01-19T00:00:00.000Z,153.48742764,152.14408514,0.008829409955463522,69833197.57033896,0.0,10178638262.0,634.0,9314780275.0
2021-01-20T00:00:00.000Z,149.93142516,153.48742764,-0.02316803750428656,32513381.85303251,0.0,9943883702.0,299.0,9002037330.0
2021-01-21T00:00:00.000Z,130.13350488,149.93142516,-0.13204650231846032,51527208.4672522,0.0,8631731441.0,330.0,8703006148.0
2021-01-22T00:00:00.000Z,137.27145938,130.13350488,0.05485101247816331,41514585.28186289,0.0,9106163561.0,310.0,8550579025.0
2021-01-23T00:00:00.000Z,137.75099018,137.27145938,0.0034933029936873978,314530518.6271948,0.0,9138967679.0,355.0,5380627901.0
2021-01-24T00:00:00.000Z,141.47731078,137.75099018,0.02705113476956357,30017054.50726923,0.0,9387244668.0,413.0,4972171240.0
2021-01-25T00:00:00.000Z,137.44420046,141.47731078,-0.028507117485937983,40062093.52835057,0.0,9120218856.0,419.0,6344860290.0
2021-01-26T00:00:00.000Z,134.75526433,137.44420046,-0.019563838423161086,21220486.719089054,0.0,8942724603.0,292.0,5897389103.0
2021-01-27T00:00:00.000Z,122.94947331,134.75526433,-0.0876091266541467,30918514.97935821,0.0,8159485219.0,301.0,6281091792.0
2021-01-28T00:00:00.000Z,133.48693077,122.94947331,0.08570559251954868,35901972.24988011,0.0,8859696434.0,363.0,5828235786.0
2021-01-29T00:00:00.000Z,135.01257048,133.48693077,0.011429131685023963,30967823.26641485,0.0,8961864718.0,1021.0,8878892082.0
2021-01-30T00:00:00.000Z,133.40001778,135.01257048,-0.011943722679058652,20405728.68542436,0.0,8855782168.0,826.0,6332391807.0
2021-01-31T00:00:00.000Z,129.5708153,133.40001778,-0.028704662441012913,38823213.10724692,0.14,8602571147.0,655.0,4539387378.0
2021-02-01T00:00:00.000Z,129.01674223,129.5708153,-0.0042762181338222,29041635.64878807,0.29,8566555552.0,765.0,5634153659.0
2021-02-02T00:00:00.000Z,142.50697498,129.01674223,0.10456187713956347,315129450.8732876,0.29,9463573244.0,973.0,7552216052.0
2021-02-03T00:00:00.000Z,155.61203291,142.50697498,0.09196081757990604,40322429.69412479,0.43,10334816210.0,875.0,8586975076.0
2021-02-04T00:00:00.000Z,145.14818702,155.61203291,-0.06724316683178286,37838274.86215233,0.43,9640051952.0,643.0,7811659280.0
2021-02-05T00:00:00.000Z,154.85221567,145.14818702,0.0668560100489776,38825378.87346792,0.43,10285648748.0,625.0,7359451680.0
2021-02-06T00:00:00.000Z,155.71474239,154.85221567,0.005569999216789414,308677233.647788,0.43,10344025914.0,678.0,8323878876.0
2021-02-07T00:00:00.000Z,151.14007922,155.71474239,-0.029378484655886977,26687163.32657676,0.29,10041267658.0,742.0,6884924122.0
2021-02-08T00:00:00.000Z,167.21905755,151.14007922,0.1063846096480828,50257204.90635742,0.29,11110735149.0,791.0,8863883926.0
2021-02-09T00:00:00.000Z,182.11446830000003,167.21905755,0.08907723179546184,76056524.99046724,0.29,12101771285.0,865.0,10156352233.0
2021-02-10T00:00:00.000Z,182.1743915,182.11446830000003,0.0003290414021431478,179825567.58518374,0.14,12107028489.0,827.0,12820808289.0
2021-02-11T00:00:00.000Z,184.49599958,182.1743915,0.012743877231504164,46310530.1564449,0.14,12262582772.0,695.0,9278994121.0
2021-02-12T00:00:00.000Z,197.23171013,184.49599958,0.0690297382002456,61232930.47050826,0.14,13110544888.0,750.0,10839370443.0
2021-02-13T00:00:00.000Z,226.22760116,197.23171013,0.14701434678474434,67310679.72008471,0.14,15039659993.0,1152.0,16565513036.0
2021-02-14T00:00:00.000Z,214.430273,226.22760116,-0.052148049572679316,57767885.49782222,0.14,14256947121.0,946.0,12902511399.0
2021-02-15T00:00:00.000Z,207.68101945,214.430273,-0.031475283109861966,36963908.00287192,0.29,13809636077.0,739.0,13482646966.0
2021-02-16T00:00:00.000Z,210.5465771,207.68101945,0.013797879351655749,39336848.36644708,0.29,14001682545.0,495.0,12666436004.0
2021-02-17T00:00:00.000Z,236.97352307,210.5465771,0.12551591355222286,73545125.72611806,0.29,15760825693.0,654.0,13792789978.0
2021-02-18T00:00:00.000Z,226.86954839,236.97352307,-0.0426375678983148,243433051.2760605,0.71,15090475729.0,586.0,7889078633.0
2021-02-19T00:00:00.000Z,236.67601167,226.86954839,0.04322511923522766,191552032.0001486,0.71,15744553204.0,633.0,7151082978.0
2021-02-20T00:00:00.000Z,227.61989221,236.67601167,-0.03826378261193224,78270777.35863522,0.71,15143671930.0,736.0,8208699025.0
2021-02-21T00:00:00.000Z,227.23135545,227.61989221,-0.0017069543273552446,90976672.36091352,0.86,15117128942.0,705.0,6934669818.0
2021-02-22T00:00:00.000Z,208.10679546,227.23135545,-0.08416338472358477,98699999.87682934,0.57,13846295160.0,590.0,9523044215.0
2021-02-23T00:00:00.000Z,176.93491521,208.10679546,-0.1497879018371195,70814652.94570884,0.57,11773563803.0,520.0,10944696472.0
2021-02-24T00:00:00.000Z,181.37850129,176.93491521,0.025114240876234054,39399874.19530536,0.57,12070508501.0,500.0,7205360252.0
2021-02-25T00:00:00.000Z,178.90184288,181.37850129,-0.013654641494915392,23660046.81260074,0.14,11904886776.0,894.0,7327999233.0
2021-02-26T00:00:00.000Z,170.39815323,178.90184288,-0.04753271130752933,76291961.8229136,0.29,11340299606.0,450.0,7875998386.0
2021-02-27T00:00:00.000Z,172.10044726,170.39815323,0.00999009671015798,18292599.74362502,0.29,11454859536.0,556.0,4991079437.0
2021-02-28T00:00:00.000Z,164.92717308,172.10044726,-0.041680741068400765,52308881.7008075,0.14,10978655641.0,531.0,5945000101.0
2021-03-01T00:00:00.000Z,175.23790535,164.92717308,0.06251687988975999,28556328.47091262,0.14,11666301506.0,470.0,4627257694.0
2021-03-02T00:00:00.000Z,177.87243611,175.23790535,0.015034023345223637,80870476.87250629,0.14,11843018105.0,554.0,5247274825.0
2021-03-03T00:00:00.000Z,188.5256632,177.87243611,0.0598925124262189,35561896.53187654,0.14,12553608189.0,693.0,6392122021.0
2021-03-04T00:00:00.000Z,181.07864812,188.5256632,-0.03950133341846268,223247487.69871747,0.14,12058928099.0,675.0,5488598135.0
2021-03-05T00:00:00.000Z,180.76561344,181.07864812,-0.0017287222057928134,26867264.619677626,0.0,12039353700.0,550.0,4560793618.0
2021-03-06T00:00:00.000Z,182.98190116,180.76561344,0.01226056038990862,15041181.68766695,0.0,12188376458.0,405.0,3799599706.0
2021-03-07T00:00:00.000Z,190.75911134,182.98190116,0.042502619825769423,37331376.419745214,0.0,12707914233.0,500.0,3541357558.0
2021-03-08T00:00:00.000Z,191.92768383,190.75911134,0.006125906551940234,26632672.84130103,0.0,12787203585.0,574.0,4401225306.0
2021-03-09T00:00:00.000Z,203.63786522,191.92768383,0.061013508610734325,78235381.13875136,0.0,13568866822.0,769.0,5408294951.0
2021-03-10T00:00:00.000Z,200.51685695,203.63786522,-0.01532626688375576,31988128.633963857,0.0,13362305353.0,565.0,6296082804.0
2021-03-11T00:00:00.000Z,201.25033709,200.51685695,0.0036579475220025045,28915858.122694407,0.0,13409899023.0,539.0,4823154653.0
2021-03-12T00:00:00.000Z,220.82940067,201.25033709,0.0972871094931095,289570586.7279938,0.0,14715870199.0,1116.0,8079722567.0
2021-03-13T00:00:00.000Z,226.57829812,220.82940067,0.02603320677662366,40173490.46974228,0.0,15100529216.0,877.0,6378541696.0
2021-03-14T00:00:00.000Z,215.29610435,226.57829812,-0.049793796950600884,51708353.34732225,0.0,14350314679.0,560.0,4537627844.0
2021-03-15T00:00:00.000Z,201.26461988,215.29610435,-0.06517296033926129,49659001.2403724,1.0,13416579221.0,453.0,6186375403.0
2021-03-16T00:00:00.000Z,201.04063659,201.26461988,-0.0011128796016585145,62600073.73957538,1.71,13403133372.0,419.0,5270029739.0
2021-03-17T00:00:00.000Z,206.06792781,201.04063659,0.025006343519756138,302100934.8445601,3.43,13739726325.0,440.0,4362001168.0
2021-03-18T00:00:00.000Z,200.53731095,206.06792781,-0.02683880465425631,56910545.26903366,6.29,13372309588.0,446.0,3719561575.0
2021-03-19T00:00:00.000Z,201.06371543,200.53731095,0.002624970273642718,67608503.91752735,8.86,13408836542.0,607.0,2807932048.0
2021-03-20T00:00:00.000Z,200.80642376,201.06371543,-0.0012796524198796894,33006242.39871591,8.86,13393101107.0,814.0,2529075165.0
2021-03-21T00:00:00.000Z,196.42775459,200.80642376,-0.02180542379079116,18431057.27878076,8.86,13102583632.0,989.0,2758761604.0
2021-03-22T00:00:00.000Z,187.07783543,196.42775459,-0.04759978639228416,33954969.49966269,7.86,12480313549.0,756.0,3115325434.0
2021-03-23T00:00:00.000Z,187.39396472,187.07783543,0.0016898276018289108,30875868.49087993,9.14,12502735967.0,536.0,3047428308.0
2021-03-24T00:00:00.000Z,177.65495515,187.39396472,-0.05197077496360048,31193752.182425946,8.29,11854104964.0,595.0,4051272249.0
2021-03-25T00:00:00.000Z,173.06118625,177.65495515,-0.025857814639177062,21430860.853876173,10.86,11548812450.0,488.0,3429325350.0
2021-03-26T00:00:00.000Z,184.27867316,173.06118625,0.06481804009938721,16712424.48908947,12.86,12298583953.0,447.0,3109769980.0
2021-03-27T00:00:00.000Z,184.83043819,184.27867316,0.002994188207123209,14845760.462873245,13.71,12336637351.0,508.0,2408040965.0
2021-03-28T00:00:00.000Z,185.02849167,184.83043819,0.0010715414730359822,16630124.557173464,17.71,12351098573.0,457.0,2162823815.0
2021-03-29T00:00:00.000Z,194.47477728,185.02849167,0.05105314065277879,18211378.733084437,23.29,12981660946.0,411.0,3353971422.0
2021-03-30T00:00:00.000Z,196.6820915,194.47477728,0.011350131111460094,48285024.23612364,25.57,13129004499.0,1092.0,3604665752.0
2021-03-31T00:00:00.000Z,197.49909288,196.6820915,0.004153918507623728,30062329.89958202,26.43,13183541314.0,836.0,3416343750.0
2021-04-01T00:00:00.000Z,198.10626659,197.49909288,0.003074311386173814,4746190.146301224,21.0,13224071625.0,113.0,3488015014.0
