Date,Price,lagprice,lite_return
2019-04-02T00:00:00.000Z,76.1932596939,,
2019-04-03T00:00:00.000Z,85.1739312234,76.1932596939,0.11786700773243054
2019-04-04T00:00:00.000Z,84.9809052844,85.1739312234,-0.0022662560742174416
2019-04-05T00:00:00.000Z,88.6778605953,84.9809052844,0.04350336465030176
2019-04-06T00:00:00.000Z,92.57341716399999,88.6778605953,0.043929302562656265
2019-04-07T00:00:00.000Z,92.3123691536,92.57341716399999,-0.0028199024989811606
2019-04-08T00:00:00.000Z,89.49304254799999,92.3123691536,-0.03054115750088582
2019-04-09T00:00:00.000Z,86.7743315292,89.49304254799999,-0.030379020998663676
2019-04-10T00:00:00.000Z,88.3777407722,86.7743315292,0.018477921002024042
2019-04-11T00:00:00.000Z,79.6779906128,88.3777407722,-0.0984382502130738
2019-04-12T00:00:00.000Z,78.9639611934,79.6779906128,-0.008961438584337239
2019-04-13T00:00:00.000Z,78.221303601,78.9639611934,-0.009405019469338204
2019-04-14T00:00:00.000Z,82.93752123979999,78.221303601,0.06029326310971498
2019-04-15T00:00:00.000Z,79.05469905380001,82.93752123979999,-0.04681623139873511
2019-04-16T00:00:00.000Z,81.34927811909999,79.05469905380001,0.02902520777086797
2019-04-17T00:00:00.000Z,79.3274682066,81.34927811909999,-0.024853446265865376
2019-04-18T00:00:00.000Z,82.0988163512,79.3274682066,0.03493554259644735
2019-04-19T00:00:00.000Z,82.5692227845,82.0988163512,0.005729759017325021
2019-04-20T00:00:00.000Z,81.5220146553,82.5692227845,-0.01268279019572635
2019-04-21T00:00:00.000Z,77.331559117,81.5220146553,-0.05140274754026292
2019-04-22T00:00:00.000Z,76.948077732,77.331559117,-0.004958924782827692
2019-04-23T00:00:00.000Z,74.8450217987,76.948077732,-0.027330844321084468
2019-04-24T00:00:00.000Z,73.3089431536,74.8450217987,-0.020523457782287473
2019-04-25T00:00:00.000Z,71.24811783310001,73.3089431536,-0.02811151316398135
2019-04-26T00:00:00.000Z,73.1153465683,71.24811783310001,0.026207411395399997
2019-04-27T00:00:00.000Z,72.1203074518,73.1153465683,-0.013609169117053824
2019-04-28T00:00:00.000Z,69.784255653,72.1203074518,-0.03239104048968798
2019-04-29T00:00:00.000Z,67.96038021140001,69.784255653,-0.026135915967480654
2019-04-30T00:00:00.000Z,74.28087406,67.96038021140001,0.09300262636758709
2019-05-01T00:00:00.000Z,73.65776862140001,74.28087406,-0.008388504396120626
2019-05-02T00:00:00.000Z,73.7644482518,73.65776862140001,0.001448314718143676
2019-05-03T00:00:00.000Z,79.32653440930001,73.7644482518,0.07540334523364754
2019-05-04T00:00:00.000Z,78.0638386356,79.32653440930001,-0.015917697440113655
2019-05-05T00:00:00.000Z,75.9843672914,78.0638386356,-0.026638087244299124
2019-05-06T00:00:00.000Z,74.9799397999,75.9843672914,-0.013218870240085456
2019-05-07T00:00:00.000Z,74.6930011516,74.9799397999,-0.003826872214965115
2019-05-08T00:00:00.000Z,74.6202879446,74.6930011516,-0.0009734942481749394
2019-05-09T00:00:00.000Z,74.1771403698,74.6202879446,-0.005938700948581143
2019-05-10T00:00:00.000Z,77.162751379,74.1771403698,0.040249745330106335
2019-05-11T00:00:00.000Z,89.22225597290002,77.162751379,0.15628660692342852
2019-05-12T00:00:00.000Z,84.5655110516,89.22225597290002,-0.052192638154256454
2019-05-13T00:00:00.000Z,88.05823610610001,84.5655110516,0.041302003749126875
2019-05-14T00:00:00.000Z,91.62040611219999,88.05823610610001,0.040452434248262385
2019-05-15T00:00:00.000Z,101.74456601700001,91.62040611219999,0.11050114635381333
2019-05-16T00:00:00.000Z,95.5855849808,101.74456601700001,-0.0605337589741249
2019-05-17T00:00:00.000Z,88.99523448149999,95.5855849808,-0.06894711687566474
2019-05-18T00:00:00.000Z,86.6753308508,88.99523448149999,-0.02606772872970238
2019-05-19T00:00:00.000Z,95.32120147209999,86.6753308508,0.09975007348033897
2019-05-20T00:00:00.000Z,91.49367839700001,95.32120147209999,-0.040153953328213886
2019-05-21T00:00:00.000Z,91.50774851620001,91.49367839700001,0.00015378241914100154
2019-05-22T00:00:00.000Z,88.2105722826,91.50774851620001,-0.03603166165776988
2019-05-23T00:00:00.000Z,89.1767760856,88.2105722826,0.01095337869370776
2019-05-24T00:00:00.000Z,100.04553941799999,89.1767760856,0.12187885466914798
2019-05-25T00:00:00.000Z,102.700590371,100.04553941799999,0.026538424086124952
2019-05-26T00:00:00.000Z,111.41860284299999,102.700590371,0.0848876568333898
2019-05-27T00:00:00.000Z,118.03260328399999,111.41860284299999,0.05936172481286445
2019-05-28T00:00:00.000Z,114.925445645,118.03260328399999,-0.026324570945231256
2019-05-29T00:00:00.000Z,115.081232591,114.925445645,0.0013555478956438056
2019-05-30T00:00:00.000Z,108.795580409,115.081232591,-0.05461926363214483
2019-05-31T00:00:00.000Z,114.53695926799999,108.795580409,0.05277216994859696
2019-06-01T00:00:00.000Z,112.61926671799999,114.53695926799999,-0.01674300210391367
2019-06-02T00:00:00.000Z,114.702837715,112.61926671799999,0.01850101725681891
2019-06-03T00:00:00.000Z,107.468575541,114.702837715,-0.06306960070137785
2019-06-04T00:00:00.000Z,102.11949733700001,107.468575541,-0.0497734168064718
2019-06-05T00:00:00.000Z,103.84929019100001,102.11949733700001,0.01693890881867136
2019-06-06T00:00:00.000Z,111.10722638899999,103.84929019100001,0.06988912668205202
2019-06-07T00:00:00.000Z,117.374409829,111.10722638899999,0.05640662307650301
2019-06-08T00:00:00.000Z,118.58605552600001,117.374409829,0.010322911942775487
2019-06-09T00:00:00.000Z,115.132302792,118.58605552600001,-0.029124442318960254
2019-06-10T00:00:00.000Z,129.07143515799999,115.132302792,0.12107055993818397
2019-06-11T00:00:00.000Z,136.029740452,129.07143515799999,0.05391049758982036
2019-06-12T00:00:00.000Z,135.653751666,136.029740452,-0.0027640189913665713
2019-06-13T00:00:00.000Z,131.351766243,135.653751666,-0.031712985230162714
2019-06-14T00:00:00.000Z,133.053272851,131.351766243,0.012953815975738307
2019-06-15T00:00:00.000Z,138.1270843,133.053272851,0.03813368390180017
2019-06-16T00:00:00.000Z,137.129940539,138.1270843,-0.007219031416273933
2019-06-17T00:00:00.000Z,134.438098499,137.129940539,-0.019629863685636316
2019-06-18T00:00:00.000Z,135.158731405,134.438098499,0.00536033248049363
2019-06-19T00:00:00.000Z,136.603195708,135.158731405,0.010687169729876243
2019-06-20T00:00:00.000Z,135.47983606399998,136.603195708,-0.008223523894721125
2019-06-21T00:00:00.000Z,138.883765671,135.47983606399998,0.02512499059558952
2019-06-22T00:00:00.000Z,141.90304461,138.883765671,0.021739610273473826
2019-06-23T00:00:00.000Z,136.882167747,141.90304461,-0.03538244635130372
2019-06-24T00:00:00.000Z,135.532759271,136.882167747,-0.009858175818008129
2019-06-25T00:00:00.000Z,136.48939006700002,135.532759271,0.007058299418867537
2019-06-26T00:00:00.000Z,131.265098175,136.48939006700002,-0.038276175821692224
2019-06-27T00:00:00.000Z,114.404768324,131.265098175,-0.12844488051593222
2019-06-28T00:00:00.000Z,120.150093541,114.404768324,0.050219281076894925
2019-06-29T00:00:00.000Z,133.724641898,120.150093541,0.11297992333537224
2019-06-30T00:00:00.000Z,122.24911794200001,133.724641898,-0.08581457981957478
2019-07-01T00:00:00.000Z,122.583715294,122.24911794200001,0.0027370124024840444
2019-07-02T00:00:00.000Z,119.243699452,122.583715294,-0.027246815239605326
2019-07-03T00:00:00.000Z,122.564113507,119.243699452,0.027845614235883297
2019-07-04T00:00:00.000Z,119.976923415,122.564113507,-0.021108871250900354
2019-07-05T00:00:00.000Z,118.352507968,119.976923415,-0.013539399084115146
2019-07-06T00:00:00.000Z,117.82361999,118.352507968,-0.004468751757613791
2019-07-07T00:00:00.000Z,120.32087848,117.82361999,0.02119488851396652
2019-07-08T00:00:00.000Z,123.28548476799999,120.32087848,0.024639167577992442
2019-07-09T00:00:00.000Z,119.500996935,123.28548476799999,-0.030696945711992597
2019-07-10T00:00:00.000Z,108.570405474,119.500996935,-0.09146862152911968
2019-07-11T00:00:00.000Z,102.644301431,108.570405474,-0.054583051588760576
2019-07-12T00:00:00.000Z,105.300057165,102.644301431,0.02587338699738007
2019-07-13T00:00:00.000Z,101.02479606200001,105.300057165,-0.04060074816769442
2019-07-14T00:00:00.000Z,89.7704785959,101.02479606200001,-0.11140153610597847
2019-07-15T00:00:00.000Z,90.9229714991,89.7704785959,0.01283821720933362
2019-07-16T00:00:00.000Z,79.4999322007,90.9229714991,-0.12563424962978767
2019-07-17T00:00:00.000Z,89.8107196176,79.4999322007,0.12969554981342754
2019-07-18T00:00:00.000Z,101.081941264,89.8107196176,0.1254997364946088
2019-07-19T00:00:00.000Z,98.4026545798,101.081941264,-0.02650608655409958
2019-07-20T00:00:00.000Z,100.609941111,98.4026545798,0.022431168555620523
2019-07-21T00:00:00.000Z,99.6275890552,100.609941111,-0.009763966114602856
2019-07-22T00:00:00.000Z,95.4173879285,99.6275890552,-0.0422593898600445
2019-07-23T00:00:00.000Z,90.62262984639999,95.4173879285,-0.050250359878777205
2019-07-24T00:00:00.000Z,94.30966900799999,90.62262984639999,0.04068563412747248
2019-07-25T00:00:00.000Z,93.4113433974,94.30966900799999,-0.009525275828545012
2019-07-26T00:00:00.000Z,94.30501522559999,93.4113433974,0.00956705894270287
2019-07-27T00:00:00.000Z,88.8890206443,94.30501522559999,-0.057430610326965524
2019-07-28T00:00:00.000Z,89.77179757709999,88.8890206443,0.009931225773456561
2019-07-29T00:00:00.000Z,90.471448827,89.77179757709999,0.007793664255181292
2019-07-30T00:00:00.000Z,90.5669481151,90.471448827,0.0010555737676160712
2019-07-31T00:00:00.000Z,98.5095781702,90.5669481151,0.08769899196565444
2019-08-01T00:00:00.000Z,99.1797221962,98.5095781702,0.0068028311403603905
2019-08-02T00:00:00.000Z,95.01681412200001,99.1797221962,-0.04197337905388374
2019-08-03T00:00:00.000Z,94.5808806283,95.01681412200001,-0.004587961591095745
2019-08-04T00:00:00.000Z,93.2037819251,94.5808806283,-0.014560011432035055
2019-08-05T00:00:00.000Z,96.8895988002,93.2037819251,0.03954578665125393
2019-08-06T00:00:00.000Z,93.0697157826,96.8895988002,-0.039425109247042525
2019-08-07T00:00:00.000Z,90.9125986794,93.0697157826,-0.02317743301418012
2019-08-08T00:00:00.000Z,90.03160840049999,90.9125986794,-0.009690519154631089
2019-08-09T00:00:00.000Z,84.39099487850001,90.03160840049999,-0.06265148009916766
2019-08-10T00:00:00.000Z,85.4194762795,84.39099487850001,0.012187098901733837
2019-08-11T00:00:00.000Z,89.75266743590001,85.4194762795,0.05072837419678651
2019-08-12T00:00:00.000Z,85.74922988189999,89.75266743590001,-0.04460522086275831
2019-08-13T00:00:00.000Z,84.4203493571,85.74922988189999,-0.015497288157925485
2019-08-14T00:00:00.000Z,76.0649859941,84.4203493571,-0.09897333316706164
2019-08-15T00:00:00.000Z,76.3889783029,76.0649859941,0.0042594145593497085
2019-08-16T00:00:00.000Z,74.92015388729999,76.3889783029,-0.0192282243882852
2019-08-17T00:00:00.000Z,72.7977220768,74.92015388729999,-0.028329250547091726
2019-08-18T00:00:00.000Z,76.2699484391,72.7977220768,0.04769690950819702
2019-08-19T00:00:00.000Z,77.26319053430001,76.2699484391,0.013022718849653956
2019-08-20T00:00:00.000Z,75.1965663598,77.26319053430001,-0.026747849269602126
2019-08-21T00:00:00.000Z,72.9649534092,75.1965663598,-0.029677059188077677
2019-08-22T00:00:00.000Z,73.5985957813,72.9649534092,0.008684201695386872
2019-08-23T00:00:00.000Z,75.4028134995,73.5985957813,0.024514295402608896
2019-08-24T00:00:00.000Z,73.4636165112,75.4028134995,-0.025717833304891947
2019-08-25T00:00:00.000Z,72.3081471739,73.4636165112,-0.015728457053619818
2019-08-26T00:00:00.000Z,73.8571740551,72.3081471739,0.02142257742373927
2019-08-27T00:00:00.000Z,72.8362287979,73.8571740551,-0.013823237488593012
2019-08-28T00:00:00.000Z,67.4255418594,72.8362287979,-0.07428565465014858
2019-08-29T00:00:00.000Z,64.098055358,67.4255418594,-0.04935053408007737
2019-08-30T00:00:00.000Z,64.33297909859999,64.098055358,0.003665068141114444
2019-08-31T00:00:00.000Z,64.5760532334,64.33297909859999,0.003778375231581665
2019-09-01T00:00:00.000Z,66.14472283069999,64.5760532334,0.024291815909378622
2019-09-02T00:00:00.000Z,66.9449522931,66.14472283069999,0.012098160339234169
2019-09-03T00:00:00.000Z,69.1765010412,66.9449522931,0.03333408526948792
2019-09-04T00:00:00.000Z,67.285630942,69.1765010412,-0.027333994503044325
2019-09-05T00:00:00.000Z,65.3955698556,67.285630942,-0.028090114634270465
2019-09-06T00:00:00.000Z,65.2368801491,65.3955698556,-0.0024266124884361685
2019-09-07T00:00:00.000Z,69.0387130318,65.2368801491,0.05827735590682515
2019-09-08T00:00:00.000Z,70.54936581449999,69.0387130318,0.021881241934567475
2019-09-09T00:00:00.000Z,70.192236678,70.54936581449999,-0.005062116893283137
2019-09-10T00:00:00.000Z,70.82339441170001,70.192236678,0.008991845303283062
2019-09-11T00:00:00.000Z,69.9221432504,70.82339441170001,-0.012725331351120944
2019-09-12T00:00:00.000Z,69.225073175,69.9221432504,-0.009969232105825138
2019-09-13T00:00:00.000Z,68.9886186746,69.225073175,-0.003415734928907147
2019-09-14T00:00:00.000Z,70.5623041408,68.9886186746,0.022810798308959098
2019-09-15T00:00:00.000Z,70.3151768163,70.5623041408,-0.0035022570125669565
2019-09-16T00:00:00.000Z,72.5731088494,70.3151768163,0.03211158864037139
2019-09-17T00:00:00.000Z,74.2212287374,72.5731088494,0.02270978760769489
2019-09-18T00:00:00.000Z,77.969133904,74.2212287374,0.05049640420074911
2019-09-19T00:00:00.000Z,77.0596237469,77.969133904,-0.011665002694782293
2019-09-20T00:00:00.000Z,75.149092387,77.0596237469,-0.02479289759024892
2019-09-21T00:00:00.000Z,73.5165287108,75.149092387,-0.02172432991995003
2019-09-22T00:00:00.000Z,72.61321086640001,73.5165287108,-0.01228727553164912
2019-09-23T00:00:00.000Z,66.8518935239,72.61321086640001,-0.07934255039486095
2019-09-24T00:00:00.000Z,55.8236396096,66.8518935239,-0.16496546818613786
2019-09-25T00:00:00.000Z,57.658007707799996,55.8236396096,0.03286005912600042
2019-09-26T00:00:00.000Z,55.540617166000004,57.658007707799996,-0.036723269255686586
2019-09-27T00:00:00.000Z,56.3608494395,55.540617166000004,0.014768151946322156
2019-09-28T00:00:00.000Z,55.682246555,56.3608494395,-0.012040323934940715
2019-09-29T00:00:00.000Z,54.3143365735,55.682246555,-0.02456635761182604
2019-09-30T00:00:00.000Z,56.0569087721,54.3143365735,0.0320830982855124
2019-10-01T00:00:00.000Z,56.0580761672,56.0569087721,2.0825177940935093e-05
2019-10-02T00:00:00.000Z,56.508924523000005,56.0580761672,0.008042522801804602
2019-10-03T00:00:00.000Z,56.5237112883,56.508924523000005,0.00026167132757899957
2019-10-04T00:00:00.000Z,56.85321211390001,56.5237112883,0.005829426590893576
2019-10-05T00:00:00.000Z,56.8438715454,56.85321211390001,-0.00016429271368686998
2019-10-06T00:00:00.000Z,55.411569094899995,56.8438715454,-0.02519713051838937
2019-10-07T00:00:00.000Z,57.7883001149,55.411569094899995,0.042892324812703275
2019-10-08T00:00:00.000Z,57.3985867554,57.7883001149,-0.006743810749323585
2019-10-09T00:00:00.000Z,59.430865841999996,57.3985867554,0.035406430741237796
2019-10-10T00:00:00.000Z,57.7760831796,59.430865841999996,-0.027843825577088508
2019-10-11T00:00:00.000Z,56.296968973999995,57.7760831796,-0.025600804419401383
2019-10-12T00:00:00.000Z,55.9828696793,56.296968973999995,-0.005579328699650873
2019-10-13T00:00:00.000Z,56.71399490939999,55.9828696793,0.013059802655495686
2019-10-14T00:00:00.000Z,56.9754006967,56.71399490939999,0.0046091936869832465
2019-10-15T00:00:00.000Z,54.9442081295,56.9754006967,-0.035650342820979015
2019-10-16T00:00:00.000Z,52.9231066814,54.9442081295,-0.036784613281465275
2019-10-17T00:00:00.000Z,54.8844752045,52.9231066814,0.03706072160327898
2019-10-18T00:00:00.000Z,53.491692425100005,54.8844752045,-0.02537662561608677
2019-10-19T00:00:00.000Z,54.0345715635,53.491692425100005,0.010148849546313107
2019-10-20T00:00:00.000Z,54.9343797095,54.0345715635,0.0166524526791624
2019-10-21T00:00:00.000Z,54.9382982595,54.9343797095,7.133146894027787e-05
2019-10-22T00:00:00.000Z,53.7443620925,54.9382982595,-0.021732310698093876
2019-10-23T00:00:00.000Z,49.6279561923,53.7443620925,-0.07659232968688344
2019-10-24T00:00:00.000Z,50.0676659166,49.6279561923,0.008860121553186686
2019-10-25T00:00:00.000Z,56.9459763381,50.0676659166,0.13738028916621597
2019-10-26T00:00:00.000Z,56.775251712,56.9459763381,-0.0029980103438103584
2019-10-27T00:00:00.000Z,59.9139888283,56.775251712,0.055283543826836035
2019-10-28T00:00:00.000Z,58.126840298699996,59.9139888283,-0.029828568662346424
2019-10-29T00:00:00.000Z,59.8696243646,58.126840298699996,0.02998243250354314
2019-10-30T00:00:00.000Z,58.420971629700006,59.8696243646,-0.024196790113093822
2019-10-31T00:00:00.000Z,58.7806836326,58.420971629700006,0.006157241019201513
2019-11-01T00:00:00.000Z,58.579085061899995,58.7806836326,-0.0034296738016874576
2019-11-02T00:00:00.000Z,58.592102515200004,58.579085061899995,0.00022222015393810385
2019-11-03T00:00:00.000Z,58.6251891562,58.592102515200004,0.0005646945506250381
2019-11-04T00:00:00.000Z,61.5730574891,58.6251891562,0.05028330612368257
2019-11-05T00:00:00.000Z,63.3027644295,61.5730574891,0.028091944933970544
2019-11-06T00:00:00.000Z,64.2687453232,63.3027644295,0.015259695250367791
2019-11-07T00:00:00.000Z,61.84322200729999,64.2687453232,-0.03774032468974349
2019-11-08T00:00:00.000Z,60.5299177709,61.84322200729999,-0.02123602544907784
2019-11-09T00:00:00.000Z,61.8971432952,60.5299177709,0.022587599234395506
2019-11-10T00:00:00.000Z,63.8414664618,61.8971432952,0.0314121631967267
2019-11-11T00:00:00.000Z,61.899106855,63.8414664618,-0.03042473355404874
2019-11-12T00:00:00.000Z,61.3402972966,61.899106855,-0.009027748327758971
2019-11-13T00:00:00.000Z,61.0771521379,61.3402972966,-0.004289923105973997
2019-11-14T00:00:00.000Z,59.429894283500005,61.0771521379,-0.026970115611821863
2019-11-15T00:00:00.000Z,57.8117103973,59.429894283500005,-0.027228449683601018
2019-11-16T00:00:00.000Z,58.6047494585,57.8117103973,0.013717619765095947
2019-11-17T00:00:00.000Z,59.5732277141,58.6047494585,0.016525593310245435
2019-11-18T00:00:00.000Z,56.80095038,59.5732277141,-0.04653562414654669
2019-11-19T00:00:00.000Z,55.633770987,56.80095038,-0.0205485891554902
2019-11-20T00:00:00.000Z,55.2909230079,55.633770987,-0.006162587453942566
2019-11-21T00:00:00.000Z,50.883053311800005,55.2909230079,-0.07972139831107893
2019-11-22T00:00:00.000Z,47.615537225299995,50.883053311800005,-0.0642161952522267
2019-11-23T00:00:00.000Z,48.7064912945,47.615537225299995,0.0229117244658606
2019-11-24T00:00:00.000Z,44.7342264543,48.7064912945,-0.08155514254110419
2019-11-25T00:00:00.000Z,45.8303359717,44.7342264543,0.024502704177075146
2019-11-26T00:00:00.000Z,47.273341359700005,45.8303359717,0.03148581299711727
2019-11-27T00:00:00.000Z,48.0088062763,47.273341359700005,0.01555770959797164
2019-11-28T00:00:00.000Z,47.056948859799995,48.0088062763,-0.01982672535163404
2019-11-29T00:00:00.000Z,48.8791579725,47.056948859799995,0.038723486261913014
2019-11-30T00:00:00.000Z,47.4754306825,48.8791579725,-0.028718319795724794
2019-12-01T00:00:00.000Z,47.7111707214,47.4754306825,0.0049655165948163035
2019-12-02T00:00:00.000Z,45.8170166941,47.7111707214,-0.039700430709624465
2019-12-03T00:00:00.000Z,45.3816049176,45.8170166941,-0.0095032764661883
2019-12-04T00:00:00.000Z,45.19295067270001,45.3816049176,-0.004157064194678336
2019-12-05T00:00:00.000Z,45.3016395062,45.19295067270001,0.002404995289799614
2019-12-06T00:00:00.000Z,45.6701186502,45.3016395062,0.00813390305553015
2019-12-07T00:00:00.000Z,45.640490637700005,45.6701186502,-0.0006487395560963445
2019-12-08T00:00:00.000Z,45.899913766400005,45.640490637700005,0.005684056526896996
2019-12-09T00:00:00.000Z,44.939243421499995,45.899913766400005,-0.020929676464953327
2019-12-10T00:00:00.000Z,44.6442411233,44.939243421499995,-0.006564469620306522
2019-12-11T00:00:00.000Z,43.9367080663,44.6442411233,-0.015848249162661542
2019-12-12T00:00:00.000Z,44.0821699521,43.9367080663,0.0033107142569830865
2019-12-13T00:00:00.000Z,44.449377464899996,44.0821699521,0.008330068896313486
2019-12-14T00:00:00.000Z,43.751531826800004,44.449377464899996,-0.015699784291715986
2019-12-15T00:00:00.000Z,43.7568277758,43.751531826800004,0.00012104602465026134
2019-12-16T00:00:00.000Z,40.4094823115,43.7568277758,-0.07649881480099592
2019-12-17T00:00:00.000Z,36.9269333207,40.4094823115,-0.0861814799792402
2019-12-18T00:00:00.000Z,40.7934546736,36.9269333207,0.10470735057580746
2019-12-19T00:00:00.000Z,39.920295761999995,40.7934546736,-0.021404387507417553
2019-12-20T00:00:00.000Z,40.3048177276,39.920295761999995,0.009632242403525315
2019-12-21T00:00:00.000Z,40.010098153600005,40.3048177276,-0.007312266637498767
2019-12-22T00:00:00.000Z,42.0374053167,40.010098153600005,0.05066988726988629
2019-12-23T00:00:00.000Z,40.862876384,42.0374053167,-0.027940091065358875
2019-12-24T00:00:00.000Z,40.634391604899996,40.862876384,-0.005591500141910507
2019-12-25T00:00:00.000Z,40.6034383271,40.634391604899996,-0.0007617507381668837
2019-12-26T00:00:00.000Z,40.284054880999996,40.6034383271,-0.007865921194334881
2019-12-27T00:00:00.000Z,41.225862147,40.284054880999996,0.023379157554574006
2019-12-28T00:00:00.000Z,42.8425223762,41.225862147,0.0392147100146854
2019-12-29T00:00:00.000Z,43.7539342918,42.8425223762,0.021273535381434703
2019-12-30T00:00:00.000Z,42.790712069,43.7539342918,-0.02201452825650282
2019-12-31T00:00:00.000Z,41.4232767087,42.790712069,-0.03195635908313494
2020-01-01T00:00:00.000Z,41.9887127932,41.4232767087,0.013650201756763562
2020-01-02T00:00:00.000Z,39.8230153245,41.9887127932,-0.05157808669597354
2020-01-03T00:00:00.000Z,42.4052277733,39.8230153245,0.06484221317142115
2020-01-04T00:00:00.000Z,43.2913815968,42.4052277733,0.02089727776578434
2020-01-05T00:00:00.000Z,43.5675133618,43.2913815968,0.006378446582550587
2020-01-06T00:00:00.000Z,45.8236766628,43.5675133618,0.05178545037133558
2020-01-07T00:00:00.000Z,46.4483523139,45.8236766628,0.01363215910623606
2020-01-08T00:00:00.000Z,45.65376714,46.4483523139,-0.01710685383477463
2020-01-09T00:00:00.000Z,45.21593084,45.65376714,-0.009590365208140429
2020-01-10T00:00:00.000Z,48.72732772,45.21593084,0.07765840080624115
2020-01-11T00:00:00.000Z,49.2637687,48.72732772,0.011009037538084016
2020-01-12T00:00:00.000Z,51.1223120276,49.2637687,0.037726373289017234
2020-01-13T00:00:00.000Z,49.73376765,51.1223120276,-0.02716122026817481
2020-01-14T00:00:00.000Z,58.3902666154,49.73376765,0.17405677016710003
2020-01-15T00:00:00.000Z,58.05284983,58.3902666154,-0.005778647794545451
2020-01-16T00:00:00.000Z,57.61825573,58.05284983,-0.007486180286973833
2020-01-17T00:00:00.000Z,61.48712591,57.61825573,0.06714660364120678
2020-01-18T00:00:00.000Z,59.4457087115,61.48712591,-0.033200725652522314
2020-01-19T00:00:00.000Z,57.80069364,59.4457087115,-0.02767256219424571
2020-01-20T00:00:00.000Z,57.20326109,57.80069364,-0.010336079247093281
2020-01-21T00:00:00.000Z,57.6395931716,57.20326109,0.007627748371085041
2020-01-22T00:00:00.000Z,58.35472454,57.6395931716,0.012406946840706692
2020-01-23T00:00:00.000Z,54.63026014,58.35472454,-0.06382455626959596
2020-01-24T00:00:00.000Z,54.53178894,54.63026014,-0.0018025028573477112
2020-01-25T00:00:00.000Z,53.69778845,54.53178894,-0.015293840642521954
2020-01-26T00:00:00.000Z,56.21271438,53.69778845,0.04683481392053501
2020-01-27T00:00:00.000Z,58.76326686,56.21271438,0.045373231094271174
2020-01-28T00:00:00.000Z,60.6637667782,58.76326686,0.03234163142644581
2020-01-29T00:00:00.000Z,60.0139158026,60.6637667782,-0.010712341321896371
2020-01-30T00:00:00.000Z,68.15906252,60.0139158026,0.13572096752012186
2020-01-31T00:00:00.000Z,67.87949262,68.15906252,-0.004101727483678023
2020-02-01T00:00:00.000Z,70.82001757,67.87949262,0.043319783877312244
2020-02-02T00:00:00.000Z,70.23154173,70.82001757,-0.008309456283576024
2020-02-03T00:00:00.000Z,69.7694823283,70.23154173,-0.006579086694071966
2020-02-04T00:00:00.000Z,68.1146080768,69.7694823283,-0.023719170563900712
2020-02-05T00:00:00.000Z,72.5323810795,68.1146080768,0.06485793763532946
2020-02-06T00:00:00.000Z,73.38868617,72.5323810795,0.011805831792030066
2020-02-07T00:00:00.000Z,74.35611575,73.38868617,0.013182271416591583
2020-02-08T00:00:00.000Z,76.46756358,74.35611575,0.028396424540237
2020-02-09T00:00:00.000Z,77.09257993,76.46756358,0.00817361402323361
2020-02-10T00:00:00.000Z,74.3460785602,77.09257993,-0.03562601449184632
2020-02-11T00:00:00.000Z,76.59739711,74.3460785602,0.030281604536506274
2020-02-12T00:00:00.000Z,81.2297238039,76.59739711,0.06047629382559312
2020-02-13T00:00:00.000Z,80.3755116016,81.2297238039,-0.010516005253965819
2020-02-14T00:00:00.000Z,82.99034907,80.3755116016,0.032532762980857284
2020-02-15T00:00:00.000Z,76.5132459,82.99034907,-0.07804646254152685
2020-02-16T00:00:00.000Z,75.15259112,76.5132459,-0.017783257839803713
2020-02-17T00:00:00.000Z,73.25130447,75.15259112,-0.025299016596302328
2020-02-18T00:00:00.000Z,77.03518149,73.25130447,0.051656104247941266
2020-02-19T00:00:00.000Z,71.13594006,77.03518149,-0.07657853614281143
2020-02-20T00:00:00.000Z,69.62484632,71.13594006,-0.02124233880546813
2020-02-21T00:00:00.000Z,73.4858627398,69.62484632,0.05545457726476738
2020-02-22T00:00:00.000Z,75.1330769,73.4858627398,0.022415388467745042
2020-02-23T00:00:00.000Z,79.55951535439999,75.1330769,0.05891464368338661
2020-02-24T00:00:00.000Z,75.53561999,79.55951535439999,-0.05057717290603696
2020-02-25T00:00:00.000Z,71.18024523,75.53561999,-0.0576598796776488
2020-02-26T00:00:00.000Z,61.01430861,71.18024523,-0.14281963467745132
2020-02-27T00:00:00.000Z,61.50788573,61.01430861,0.008089530656733564
2020-02-28T00:00:00.000Z,59.76395738,61.50788573,-0.028352923032589458
2020-02-29T00:00:00.000Z,58.54326356,59.76395738,-0.020425250828662596
2020-03-01T00:00:00.000Z,57.95668772,58.54326356,-0.01001952751402098
2020-03-02T00:00:00.000Z,60.99555,57.95668772,0.05243333253758974
2020-03-03T00:00:00.000Z,61.14447561,60.99555,0.0024415815579988892
2020-03-04T00:00:00.000Z,60.38241897,61.14447561,-0.012463213273111548
2020-03-05T00:00:00.000Z,62.04545979,60.38241897,0.027541805187139872
2020-03-06T00:00:00.000Z,63.02560065,62.04545979,0.015797140730641666
2020-03-07T00:00:00.000Z,60.54630926,63.02560065,-0.03933784627882004
2020-03-08T00:00:00.000Z,51.72860078,60.54630926,-0.14563577182111465
2020-03-09T00:00:00.000Z,50.16814728,51.72860078,-0.030166164877270845
2020-03-10T00:00:00.000Z,50.25638895,50.16814728,0.001758918253598345
2020-03-11T00:00:00.000Z,48.46378534,50.25638895,-0.03566916858637533
2020-03-12T00:00:00.000Z,31.004512577,48.46378534,-0.36025400493406856
2020-03-13T00:00:00.000Z,37.43795474,31.004512577,0.20750018717509228
2020-03-14T00:00:00.000Z,34.39658647,37.43795474,-0.08123756468860989
2020-03-15T00:00:00.000Z,36.43709163,34.39658647,0.059322897107237135
2020-03-16T00:00:00.000Z,32.8762152,36.43709163,-0.09772669196978938
2020-03-17T00:00:00.000Z,33.56387001,32.8762152,0.020916483415645882
2020-03-18T00:00:00.000Z,33.68417723,33.56387001,0.00358442634786026
2020-03-19T00:00:00.000Z,39.07376593,33.68417723,0.16000357269228146
2020-03-20T00:00:00.000Z,38.13195588,39.07376593,-0.02410338567537201
2020-03-21T00:00:00.000Z,38.34232788,38.13195588,0.005516947535081423
2020-03-22T00:00:00.000Z,35.62805385,38.34232788,-0.07079053829216794
2020-03-23T00:00:00.000Z,38.76576717,35.62805385,0.08806861394142627
2020-03-24T00:00:00.000Z,40.49064582,38.76576717,0.044494892682914525
2020-03-25T00:00:00.000Z,39.15122284,40.49064582,-0.03307981270425671
2020-03-26T00:00:00.000Z,40.160596999999996,39.15122284,0.025781421033131465
2020-03-27T00:00:00.000Z,38.91847576,40.160596999999996,-0.0309288539709705
2020-03-28T00:00:00.000Z,38.873758,38.91847576,-0.0011490110834699735
2020-03-29T00:00:00.000Z,37.33254256,38.873758,-0.03964667990164475
2020-03-30T00:00:00.000Z,39.13828904,37.33254256,0.0483692338151853
2020-03-31T00:00:00.000Z,39.29910172,39.13828904,0.004108832653253012
2020-04-01T00:00:00.000Z,39.38081279,39.29910172,0.0020792096110027122
2020-04-02T00:00:00.000Z,39.87416665,39.38081279,0.012527772411169657
2020-04-03T00:00:00.000Z,40.35913504,39.87416665,0.012162470861318898
2020-04-04T00:00:00.000Z,40.67555711,40.35913504,0.007840159846993627
2020-04-05T00:00:00.000Z,40.67013927,40.67555711,-0.00013319645470001002
2020-04-06T00:00:00.000Z,44.39112198,40.67013927,0.09149176218200841
2020-04-07T00:00:00.000Z,44.6679293,44.39112198,0.00623564595021295
2020-04-08T00:00:00.000Z,46.31985866,44.6679293,0.036982447717808224
2020-04-09T00:00:00.000Z,46.4003396927,46.31985866,0.0017375060077525685
2020-04-10T00:00:00.000Z,42.26981235,46.4003396927,-0.08901933412676805
2020-04-11T00:00:00.000Z,42.31909769,42.26981235,0.0011659701631014524
2020-04-12T00:00:00.000Z,42.4502857,42.31909769,0.003099971813222336
2020-04-13T00:00:00.000Z,41.20434234,42.4502857,-0.029350647220732495
2020-04-14T00:00:00.000Z,41.0800941391,41.20434234,-0.003015415217036044
2020-04-15T00:00:00.000Z,39.58906929,41.0800941391,-0.036295555800122774
2020-04-16T00:00:00.000Z,42.6750506128,39.58906929,0.07795033776102198
2020-04-17T00:00:00.000Z,42.74503552,42.6750506128,0.0016399490145891172
2020-04-18T00:00:00.000Z,44.36289744,42.74503552,0.03784911862438419
2020-04-19T00:00:00.000Z,42.63475094,44.36289744,-0.038954770759445555
2020-04-20T00:00:00.000Z,40.82838424,42.63475094,-0.04236841215613314
2020-04-21T00:00:00.000Z,41.04014175,40.82838424,0.005186526822987454
2020-04-22T00:00:00.000Z,41.887413099999996,41.04014175,0.02064494209501603
2020-04-23T00:00:00.000Z,42.93721546,41.887413099999996,0.025062477778079857
2020-04-24T00:00:00.000Z,44.8152051325,42.93721546,0.04373804058741354
2020-04-25T00:00:00.000Z,44.714910100000004,44.8152051325,-0.0022379688367700668
2020-04-26T00:00:00.000Z,44.68908811,44.714910100000004,-0.0005774805303702106
2020-04-27T00:00:00.000Z,44.71006432,44.68908811,0.00046938102537175726
2020-04-28T00:00:00.000Z,46.02870344,44.71006432,0.029493116148574583
2020-04-29T00:00:00.000Z,49.18130189,46.02870344,0.06849201073216238
2020-04-30T00:00:00.000Z,46.71401966,49.18130189,-0.05016707844616193
2020-05-01T00:00:00.000Z,47.79170327,46.71401966,0.023069811115458205
2020-05-02T00:00:00.000Z,49.45804612,47.79170327,0.03486678096794267
2020-05-03T00:00:00.000Z,48.26715747,49.45804612,-0.024078764597989705
2020-05-04T00:00:00.000Z,47.47349286,48.26715747,-0.016443160351700743
2020-05-05T00:00:00.000Z,46.78725938,47.47349286,-0.014455087221488225
2020-05-06T00:00:00.000Z,45.94286637,46.78725938,-0.01804749885309492
2020-05-07T00:00:00.000Z,47.33011499,45.94286637,0.030195082057523814
2020-05-08T00:00:00.000Z,47.88221848,47.33011499,0.011664951376447108
2020-05-09T00:00:00.000Z,47.260595126300004,47.88221848,-0.012982342369112283
2020-05-10T00:00:00.000Z,42.36762756,47.260595126300004,-0.10353165365827394
2020-05-11T00:00:00.000Z,41.69996396,42.36762756,-0.015758814888902514
2020-05-12T00:00:00.000Z,42.11187972,41.69996396,0.009878084316694442
2020-05-13T00:00:00.000Z,43.13455948,42.11187972,0.024284828100758136
2020-05-14T00:00:00.000Z,43.94533535,43.13455948,0.0187964332955789
2020-05-15T00:00:00.000Z,42.83398136,43.94533535,-0.025289464311711023
2020-05-16T00:00:00.000Z,43.21289662,42.83398136,0.008846136828033568
2020-05-17T00:00:00.000Z,43.64083543,43.21289662,0.009903034590880442
2020-05-18T00:00:00.000Z,45.20107397,43.64083543,0.03575180274682473
2020-05-19T00:00:00.000Z,45.3836115,45.20107397,0.004038344976518654
2020-05-20T00:00:00.000Z,44.17212611,45.3836115,-0.026694336346502524
2020-05-21T00:00:00.000Z,42.74270168,44.17212611,-0.03236032665578201
2020-05-22T00:00:00.000Z,44.20758096,42.74270168,0.03427203294183528
2020-05-23T00:00:00.000Z,44.033117600000004,44.20758096,-0.00394645796515886
2020-05-24T00:00:00.000Z,42.44889275,44.033117600000004,-0.035978030544900716
2020-05-25T00:00:00.000Z,42.94612981,42.44889275,0.011713781627437228
2020-05-26T00:00:00.000Z,42.43205739,42.94612981,-0.011970168727061952
2020-05-27T00:00:00.000Z,43.86143258,42.43205739,0.03368620985926702
2020-05-28T00:00:00.000Z,44.75869919,43.86143258,0.020456846874835993
2020-05-29T00:00:00.000Z,44.65246514,44.75869919,-0.0023734838572730364
2020-05-30T00:00:00.000Z,47.53863087,44.65246514,0.06463620140457943
2020-05-31T00:00:00.000Z,45.5742285993,47.53863087,-0.04132223067323687
2020-06-01T00:00:00.000Z,48.12523141,45.5742285993,0.0559746788723305
2020-06-02T00:00:00.000Z,45.92351688,48.12523141,-0.04574969232340148
2020-06-03T00:00:00.000Z,47.17289444,45.92351688,0.02720561587791007
2020-06-04T00:00:00.000Z,47.637595000000005,47.17289444,0.009851007989154973
2020-06-05T00:00:00.000Z,47.05314611,47.637595000000005,-0.012268648112903357
2020-06-06T00:00:00.000Z,46.73195764,47.05314611,-0.006826078520852444
2020-06-07T00:00:00.000Z,46.66800204,46.73195764,-0.0013685623977639104
2020-06-08T00:00:00.000Z,46.471441879,46.66800204,-0.004211882926368381
2020-06-09T00:00:00.000Z,46.06941413,46.471441879,-0.00865107112550495
2020-06-10T00:00:00.000Z,46.67997596,46.06941413,0.013253084319177596
2020-06-11T00:00:00.000Z,43.5007242977,46.67997596,-0.06810739716370662
2020-06-12T00:00:00.000Z,44.82805407,43.5007242977,0.030512820044473983
2020-06-13T00:00:00.000Z,45.0945597,44.82805407,0.005945063543999546
2020-06-14T00:00:00.000Z,44.08452628,45.0945597,-0.022398121341453064
2020-06-15T00:00:00.000Z,43.91429476,44.08452628,-0.0038614800784925554
2020-06-16T00:00:00.000Z,43.87725723,43.91429476,-0.000843404868560827
2020-06-17T00:00:00.000Z,44.03235715,43.87725723,0.0035348590543612915
2020-06-18T00:00:00.000Z,43.56013067,44.03235715,-0.010724533287902878
2020-06-19T00:00:00.000Z,42.67983406,43.56013067,-0.020208768809003255
2020-06-20T00:00:00.000Z,43.3468149,42.67983406,0.015627540609983358
2020-06-21T00:00:00.000Z,43.08744304,43.3468149,-0.0059836428719933854
2020-06-22T00:00:00.000Z,44.188004,43.08744304,0.025542498750234562
2020-06-23T00:00:00.000Z,44.17927958,44.188004,-0.00019743865325983192
2020-06-24T00:00:00.000Z,42.84382675,44.17927958,-0.030228035465851327
2020-06-25T00:00:00.000Z,42.5643029462,42.84382675,-0.006524249232708806
2020-06-26T00:00:00.000Z,43.32078456,42.5643029462,0.017772677136429754
2020-06-27T00:00:00.000Z,41.55555971,43.32078456,-0.040747758101082804
2020-06-28T00:00:00.000Z,41.40826848,41.55555971,-0.003544441009287045
2020-06-29T00:00:00.000Z,41.85103372,41.40826848,0.010692677000340005
2020-06-30T00:00:00.000Z,41.46779203,41.85103372,-0.009157281336562371
2020-07-01T00:00:00.000Z,41.69924516,41.46779203,0.005581515645505143
2020-07-02T00:00:00.000Z,41.4718551843,41.69924516,-0.00545309572937122
2020-07-03T00:00:00.000Z,41.1807535777,41.4718551843,-0.00701925692270928
2020-07-04T00:00:00.000Z,42.06653368,41.1807535777,0.021509565157148063
2020-07-05T00:00:00.000Z,41.59807417,42.06653368,-0.011136156678930871
2020-07-06T00:00:00.000Z,43.96349344,41.59807417,0.05686367259054301
2020-07-07T00:00:00.000Z,43.3182468,43.96349344,-0.014676873685677773
2020-07-08T00:00:00.000Z,45.2007465,43.3182468,0.0434574305070907
2020-07-09T00:00:00.000Z,44.5374555,45.2007465,-0.014674337292194964
2020-07-10T00:00:00.000Z,44.2461161,44.5374555,-0.006541446895186867
2020-07-11T00:00:00.000Z,44.67707832,44.2461161,0.00974011411591441
2020-07-12T00:00:00.000Z,44.6361016,44.67707832,-0.0009171754631424205
2020-07-13T00:00:00.000Z,43.91979575,44.6361016,-0.01604767944161156
2020-07-14T00:00:00.000Z,43.80286462,43.91979575,-0.002662378729299932
2020-07-15T00:00:00.000Z,43.2789555,43.80286462,-0.011960613182380467
2020-07-16T00:00:00.000Z,42.03543724,43.2789555,-0.02873263103588537
2020-07-17T00:00:00.000Z,41.91281565,42.03543724,-0.0029171003812782366
2020-07-18T00:00:00.000Z,42.42586604,41.91281565,0.012240895345335828
2020-07-19T00:00:00.000Z,42.55272856,42.42586604,0.002990216390170735
2020-07-20T00:00:00.000Z,41.97580954,42.55272856,-0.01355774446253273
2020-07-21T00:00:00.000Z,43.61614844,41.97580954,0.03907819570309598
2020-07-22T00:00:00.000Z,44.93611621,43.61614844,0.030263281312328503
2020-07-23T00:00:00.000Z,44.85007694,44.93611621,-0.00191470196484968
2020-07-24T00:00:00.000Z,44.18254056,44.85007694,-0.014883728759106145
2020-07-25T00:00:00.000Z,48.80476604,44.18254056,0.10461656168737068
2020-07-26T00:00:00.000Z,47.97871897,48.80476604,-0.016925541028574395
2020-07-27T00:00:00.000Z,52.95002692,47.97871897,0.10361485376690531
2020-07-28T00:00:00.000Z,55.57520501,52.95002692,0.04957840897732255
2020-07-29T00:00:00.000Z,55.17200391,55.57520501,-0.007255053758730109
2020-07-30T00:00:00.000Z,56.64311208,55.17200391,0.026664033671855818
2020-07-31T00:00:00.000Z,57.99813709,56.64311208,0.02392214975911328
2020-08-01T00:00:00.000Z,61.29322579,57.99813709,0.05681369894496383
2020-08-02T00:00:00.000Z,56.64144374,61.29322579,-0.07589390165134595
2020-08-03T00:00:00.000Z,58.46890283,56.64144374,0.032263638942336005
2020-08-04T00:00:00.000Z,57.53305400000001,58.46890283,-0.01600592425551404
2020-08-05T00:00:00.000Z,59.01070626,57.53305400000001,0.02568353593744549
2020-08-06T00:00:00.000Z,59.1483009616,59.01070626,0.00233169047314502
2020-08-07T00:00:00.000Z,57.24553207,59.1483009616,-0.032169459826670334
2020-08-08T00:00:00.000Z,58.12920588,57.24553207,0.015436555099521807
2020-08-09T00:00:00.000Z,57.13903008,58.12920588,-0.01703405000997414
2020-08-10T00:00:00.000Z,58.28884584,57.13903008,0.020123123518025296
2020-08-11T00:00:00.000Z,54.38684316,58.28884584,-0.06694252774726071
2020-08-12T00:00:00.000Z,54.96858456,54.38684316,0.010696362689935514
2020-08-13T00:00:00.000Z,57.74131641,54.96858456,0.050442118388067274
2020-08-14T00:00:00.000Z,56.75312254,57.74131641,-0.017114155537833596
2020-08-15T00:00:00.000Z,59.92780968,56.75312254,0.055938545720765606
2020-08-16T00:00:00.000Z,63.82654319,59.92780968,0.06505716679482018
2020-08-17T00:00:00.000Z,67.02804135,63.82654319,0.05015935377339355
2020-08-18T00:00:00.000Z,65.52753496,67.02804135,-0.022386248498069805
2020-08-19T00:00:00.000Z,62.0046272,65.52753496,-0.05376225066531933
2020-08-20T00:00:00.000Z,62.90597184560001,62.0046272,0.014536731955385506
2020-08-21T00:00:00.000Z,59.3630572454,62.90597184560001,-0.05632079906333754
2020-08-22T00:00:00.000Z,60.31115811,59.3630572454,0.015971227032338674
2020-08-23T00:00:00.000Z,60.62325901,60.31115811,0.005174845083073422
2020-08-24T00:00:00.000Z,62.19942538,60.62325901,0.025999367169290737
2020-08-25T00:00:00.000Z,58.58066532,62.19942538,-0.05817995966830264
2020-08-26T00:00:00.000Z,58.35817448,58.58066532,-0.0037980251467720776
2020-08-27T00:00:00.000Z,56.041016799999994,58.35817448,-0.039705794443486646
2020-08-28T00:00:00.000Z,57.35440311,56.041016799999994,0.023436161315331553
2020-08-29T00:00:00.000Z,57.29173262,57.35440311,-0.0010926883831361021
2020-08-30T00:00:00.000Z,62.72533993,57.29173262,0.09484103659492363
2020-08-31T00:00:00.000Z,61.11379813,62.72533993,-0.02569203772826804
2020-09-01T00:00:00.000Z,62.88279052,61.11379813,0.02894587546722325
2020-09-02T00:00:00.000Z,58.09964767,62.88279052,-0.0760644177913623
2020-09-03T00:00:00.000Z,47.77411236,58.09964767,-0.17772113470718412
2020-09-04T00:00:00.000Z,50.61197823,47.77411236,0.05940174981411213
2020-09-05T00:00:00.000Z,47.58933846,50.61197823,-0.05972182624958815
2020-09-06T00:00:00.000Z,48.05357195,47.58933846,0.009754989353134161
2020-09-07T00:00:00.000Z,48.77010822,48.05357195,0.014911196835597544
2020-09-08T00:00:00.000Z,47.38380177,48.77010822,-0.028425330609200754
2020-09-09T00:00:00.000Z,47.89769852,47.38380177,0.010845409840570518
2020-09-10T00:00:00.000Z,48.71685458,47.89769852,0.017102200842864308
2020-09-11T00:00:00.000Z,49.08975339,48.71685458,0.0076544106390867735
2020-09-12T00:00:00.000Z,50.81715545,49.08975339,0.03518864815385056
2020-09-13T00:00:00.000Z,48.06603626,50.81715545,-0.0541376069879961
2020-09-14T00:00:00.000Z,49.09012439,48.06603626,0.02130585772582702
2020-09-15T00:00:00.000Z,48.39009774,49.09012439,-0.01426003007119286
2020-09-16T00:00:00.000Z,47.9806697434,48.39009774,-0.008460987179646924
2020-09-17T00:00:00.000Z,48.87706842,47.9806697434,0.01868249612591756
2020-09-18T00:00:00.000Z,48.4422617558,48.87706842,-0.008895923553837467
2020-09-19T00:00:00.000Z,48.6768316,48.4422617558,0.00484225623862242
2020-09-20T00:00:00.000Z,47.1005298,48.6768316,-0.032382999225446775
2020-09-21T00:00:00.000Z,43.3902205,47.1005298,-0.07877425828870398
2020-09-22T00:00:00.000Z,44.545049,43.3902205,0.026614948868489866
2020-09-23T00:00:00.000Z,43.05768754,44.545049,-0.03339005104697484
2020-09-24T00:00:00.000Z,45.03985641,43.05768754,0.0460351910018063
2020-09-25T00:00:00.000Z,46.08631106,45.03985641,0.023233969497461843
2020-09-26T00:00:00.000Z,46.18892213,46.08631106,0.0022264977959813694
2020-09-27T00:00:00.000Z,46.09169507,46.18892213,-0.002104986553406753
2020-09-28T00:00:00.000Z,45.35554024,46.09169507,-0.01597152868606784
2020-09-29T00:00:00.000Z,45.7965638,45.35554024,0.00972369764898203
2020-09-30T00:00:00.000Z,46.37146092,45.7965638,0.012553280689587363
2020-10-01T00:00:00.000Z,46.31350634,46.37146092,-0.001249789824391701
2020-10-02T00:00:00.000Z,44.92397278,46.31350634,-0.030002771757315486
2020-10-03T00:00:00.000Z,45.58177105,44.92397278,0.014642477708312793
2020-10-04T00:00:00.000Z,46.7301051,45.58177105,0.025192835283656723
2020-10-05T00:00:00.000Z,46.36322602,46.7301051,-0.007851021931470125
2020-10-06T00:00:00.000Z,45.98552988,46.36322602,-0.00814645943397184
2020-10-07T00:00:00.000Z,46.66047943,45.98552988,0.014677433352650125
2020-10-08T00:00:00.000Z,47.2183813,46.66047943,0.011956625324370244
2020-10-09T00:00:00.000Z,47.83295548,47.2183813,0.01301557069682957
2020-10-10T00:00:00.000Z,48.92109624,47.83295548,0.02274876701806498
2020-10-11T00:00:00.000Z,50.72790178,48.92109624,0.03693305503899735
2020-10-12T00:00:00.000Z,50.74381819,50.72790178,0.00031376046399519644
2020-10-13T00:00:00.000Z,49.94064077,50.74381819,-0.015828084063218523
2020-10-14T00:00:00.000Z,49.84649026,49.94064077,-0.001885248337793777
2020-10-15T00:00:00.000Z,49.490371100000004,49.84649026,-0.007144317646889
2020-10-16T00:00:00.000Z,47.69287458,49.490371100000004,-0.03632012611843201
2020-10-17T00:00:00.000Z,47.05392769,47.69287458,-0.013397114257146119
2020-10-18T00:00:00.000Z,47.61954565,47.05392769,0.012020632235557322
2020-10-19T00:00:00.000Z,48.09891537,47.61954565,0.010066658836338584
2020-10-20T00:00:00.000Z,47.05102987,48.09891537,-0.02178605259472402
2020-10-21T00:00:00.000Z,53.04532907,47.05102987,0.12739995737738355
2020-10-22T00:00:00.000Z,54.26727705,53.04532907,0.023035920436792492
2020-10-23T00:00:00.000Z,55.23868781,54.26727705,0.017900488338579813
2020-10-24T00:00:00.000Z,59.095832008467646,55.23868781,0.06982686141522311
2020-10-25T00:00:00.000Z,58.67655438851017,59.095832008467646,-0.007094876334043316
2020-10-26T00:00:00.000Z,56.757557644531566,58.67655438851017,-0.032704659705689434
2020-10-27T00:00:00.000Z,57.70926615009229,56.757557644531566,0.016767960868246036
2020-10-28T00:00:00.000Z,55.812802588900404,57.70926615009229,-0.03286237527712616
2020-10-29T00:00:00.000Z,54.765664144005264,55.812802588900404,-0.01876161734088204
2020-10-30T00:00:00.000Z,53.834330224777496,54.765664144005264,-0.017005799779563402
2020-10-31T00:00:00.000Z,55.59026116062229,53.834330224777496,0.0326173081101438
2020-11-01T00:00:00.000Z,55.58762310262705,55.59026116062229,-4.745539848462384e-05
2020-11-02T00:00:00.000Z,53.814461201286285,55.58762310262705,-0.031898501903330434
2020-11-03T00:00:00.000Z,53.81962176,53.814461201286285,9.58953894271907e-05
2020-11-04T00:00:00.000Z,54.49910437,53.81962176,0.012625183674274877
2020-11-05T00:00:00.000Z,58.67849616,54.49910437,0.07668734813742416
2020-11-06T00:00:00.000Z,63.13111235,58.67849616,0.07588156618497771
2020-11-07T00:00:00.000Z,59.14364748,63.13111235,-0.06316164441857809
2020-11-08T00:00:00.000Z,61.05504665,59.14364748,0.03231791158376495
2020-11-09T00:00:00.000Z,59.36388331,61.05504665,-0.02769899349507749
2020-11-10T00:00:00.000Z,58.23734357,59.36388331,-0.018976853891400157
2020-11-11T00:00:00.000Z,59.51502792,58.23734357,0.02193926219289609
2020-11-12T00:00:00.000Z,60.36537784,59.51502792,0.014287986576147426
2020-11-13T00:00:00.000Z,65.45720007,60.36537784,0.08435004322338552
2020-11-14T00:00:00.000Z,63.77414998,65.45720007,-0.025712222462924574
2020-11-15T00:00:00.000Z,62.27992055,63.77414998,-0.023430017185154136
2020-11-16T00:00:00.000Z,73.55243094,62.27992055,0.18099750755060964
2020-11-17T00:00:00.000Z,75.85234021,73.55243094,0.03126897698155129
2020-11-18T00:00:00.000Z,73.69493456,75.85234021,-0.028442176523850737
2020-11-19T00:00:00.000Z,81.68366667,73.69493456,0.10840273022423051
2020-11-20T00:00:00.000Z,82.58315400000001,81.68366667,0.011011838310759487
2020-11-21T00:00:00.000Z,86.41011587,82.58315400000001,0.04634070854208342
2020-11-22T00:00:00.000Z,82.70420982,86.41011587,-0.04288740979789171
2020-11-23T00:00:00.000Z,89.03931421,82.70420982,0.07659953953720028
2020-11-24T00:00:00.000Z,89.20537318,89.03931421,0.0018650072888964874
2020-11-25T00:00:00.000Z,81.88012987,89.20537318,-0.08211661527629059
2020-11-26T00:00:00.000Z,70.86572109,81.88012987,-0.1345187018814875
2020-11-27T00:00:00.000Z,69.12387404,70.86572109,-0.024579543158642685
2020-11-28T00:00:00.000Z,72.69296617,69.12387404,0.0516332769186905
2020-11-29T00:00:00.000Z,79.23506852,72.69296617,0.08999635996006287
2020-11-30T00:00:00.000Z,87.57463257,79.23506852,0.10525092242325744
2020-12-01T00:00:00.000Z,85.43576677,87.57463257,-0.024423348830957075
2020-12-02T00:00:00.000Z,88.85651249,85.43576677,0.04003880165562186
2020-12-03T00:00:00.000Z,89.09896529,88.85651249,0.002728587845795559
2020-12-04T00:00:00.000Z,80.01707227,89.09896529,-0.10193039829856812
2020-12-05T00:00:00.000Z,83.11872986,80.01707227,0.038762447837808175
2020-12-06T00:00:00.000Z,83.55533607,83.11872986,0.005252801754013637
2020-12-07T00:00:00.000Z,83.62405876,83.55533607,0.0008224811631710467
2020-12-08T00:00:00.000Z,76.7486542,83.62405876,-0.08221802029165216
2020-12-09T00:00:00.000Z,77.41098045,76.7486542,0.008629809302897098
2020-12-10T00:00:00.000Z,74.82955647,77.41098045,-0.033347000192916386
2020-12-11T00:00:00.000Z,72.08733437,74.82955647,-0.036646242866605706
2020-12-12T00:00:00.000Z,76.70689387,72.08733437,0.06408281760412123
2020-12-13T00:00:00.000Z,82.00063841,76.70689387,0.06901263071571681
2020-12-14T00:00:00.000Z,82.36316054,82.00063841,0.004420967165979923
2020-12-15T00:00:00.000Z,81.40067395,82.36316054,-0.011685887036019726
2020-12-16T00:00:00.000Z,92.78968506,81.40067395,0.13991298299318317
2020-12-17T00:00:00.000Z,100.95957532,92.78968506,0.08804739723728083
2020-12-18T00:00:00.000Z,109.38450959999999,100.95957532,0.0834485907185766
2020-12-19T00:00:00.000Z,120.55890910000001,109.38450959999999,0.10215705624921523
2020-12-20T00:00:00.000Z,114.66599272,120.55890910000001,-0.04887997431290627
2020-12-21T00:00:00.000Z,105.00539486,114.66599272,-0.08424989511572084
2020-12-22T00:00:00.000Z,110.6761936927634,105.00539486,0.054004833183324406
2020-12-23T00:00:00.000Z,101.81706223,110.6761936927634,-0.08004550181185584
2020-12-24T00:00:00.000Z,111.56539901,101.81706223,0.09574364616785887
2020-12-25T00:00:00.000Z,126.98359867,111.56539901,0.1381987587264222
2020-12-26T00:00:00.000Z,129.45920297,126.98359867,0.019495464972870268
2020-12-27T00:00:00.000Z,127.51696969,129.45920297,-0.01500266675093072
2020-12-28T00:00:00.000Z,130.05033199,127.51696969,0.01986686404294833
2020-12-29T00:00:00.000Z,129.04079724,130.05033199,-0.00776264646581315
2020-12-30T00:00:00.000Z,129.46607253,129.04079724,0.0032956653949451522
2020-12-31T00:00:00.000Z,124.69032593,129.46607253,-0.03688801634801543
2021-01-01T00:00:00.000Z,126.23034575,124.69032593,0.012350756231598517
2021-01-02T00:00:00.000Z,136.94489094,126.23034575,0.08488089869626295
2021-01-03T00:00:00.000Z,160.19058561,136.94489094,0.16974488431397342
2021-01-04T00:00:00.000Z,154.80732008,160.19058561,-0.03360538017574945
2021-01-05T00:00:00.000Z,158.59477629,154.80732008,0.02446561446863584
2021-01-06T00:00:00.000Z,169.01692345,158.59477629,0.06571557653918242
2021-01-07T00:00:00.000Z,169.61595798,169.01692345,0.0035442281031531995
2021-01-08T00:00:00.000Z,173.27987445,169.61595798,0.02160124857138754
2021-01-09T00:00:00.000Z,177.4839356,173.27987445,0.024261681648511845
2021-01-10T00:00:00.000Z,171.11484357,177.4839356,-0.035885456384932624
2021-01-11T00:00:00.000Z,139.25223125,171.11484357,-0.1862060102749975
2021-01-12T00:00:00.000Z,132.63591652,139.25223125,-0.047513168518798866
2021-01-13T00:00:00.000Z,147.42134739,132.63591652,0.11147380934160864
2021-01-14T00:00:00.000Z,152.08457372,147.42134739,0.03163196112747193
2021-01-15T00:00:00.000Z,144.23754971,152.08457372,-0.05159644938379496
2021-01-16T00:00:00.000Z,144.26541965,144.23754971,0.00019322250035480316
2021-01-17T00:00:00.000Z,142.43082129,144.26541965,-0.012716826835224203
2021-01-18T00:00:00.000Z,152.14408514,142.43082129,0.06819636200947708
2021-01-19T00:00:00.000Z,153.48742764,152.14408514,0.008829409955463522
2021-01-20T00:00:00.000Z,149.93142516,153.48742764,-0.02316803750428656
2021-01-21T00:00:00.000Z,130.13350488,149.93142516,-0.13204650231846032
2021-01-22T00:00:00.000Z,137.27145938,130.13350488,0.05485101247816331
2021-01-23T00:00:00.000Z,137.75099018,137.27145938,0.0034933029936873978
2021-01-24T00:00:00.000Z,141.47731078,137.75099018,0.02705113476956357
2021-01-25T00:00:00.000Z,137.44420046,141.47731078,-0.02850711748593798
2021-01-26T00:00:00.000Z,134.75526433,137.44420046,-0.019563838423161083
2021-01-27T00:00:00.000Z,122.94947331,134.75526433,-0.0876091266541467
2021-01-28T00:00:00.000Z,133.48693077,122.94947331,0.08570559251954867
2021-01-29T00:00:00.000Z,135.01257048,133.48693077,0.011429131685023965
2021-01-30T00:00:00.000Z,133.40001778,135.01257048,-0.011943722679058652
2021-01-31T00:00:00.000Z,129.5708153,133.40001778,-0.02870466244101291
2021-02-01T00:00:00.000Z,129.01674223,129.5708153,-0.0042762181338222
2021-02-02T00:00:00.000Z,142.50697498,129.01674223,0.10456187713956347
2021-02-03T00:00:00.000Z,155.61203291,142.50697498,0.09196081757990605
2021-02-04T00:00:00.000Z,145.14818702,155.61203291,-0.06724316683178286
2021-02-05T00:00:00.000Z,154.85221567,145.14818702,0.0668560100489776
2021-02-06T00:00:00.000Z,155.71474239,154.85221567,0.005569999216789414
2021-02-07T00:00:00.000Z,151.14007922,155.71474239,-0.029378484655886973
2021-02-08T00:00:00.000Z,167.21905755,151.14007922,0.10638460964808281
2021-02-09T00:00:00.000Z,182.11446830000003,167.21905755,0.08907723179546184
2021-02-10T00:00:00.000Z,182.1743915,182.11446830000003,0.0003290414021431478
2021-02-11T00:00:00.000Z,184.49599958,182.1743915,0.012743877231504164
2021-02-12T00:00:00.000Z,197.23171013,184.49599958,0.0690297382002456
2021-02-13T00:00:00.000Z,226.22760116,197.23171013,0.14701434678474434
2021-02-14T00:00:00.000Z,214.430273,226.22760116,-0.05214804957267932
2021-02-15T00:00:00.000Z,207.68101945,214.430273,-0.03147528310986197
2021-02-16T00:00:00.000Z,210.54657709999998,207.68101945,0.013797879351655749
2021-02-17T00:00:00.000Z,236.97352307,210.54657709999998,0.12551591355222286
2021-02-18T00:00:00.000Z,226.86954839,236.97352307,-0.0426375678983148
2021-02-19T00:00:00.000Z,236.67601167,226.86954839,0.04322511923522766
2021-02-20T00:00:00.000Z,227.61989221,236.67601167,-0.038263782611932244
2021-02-21T00:00:00.000Z,227.23135545,227.61989221,-0.0017069543273552446
2021-02-22T00:00:00.000Z,208.10679546,227.23135545,-0.08416338472358478
2021-02-23T00:00:00.000Z,176.93491521,208.10679546,-0.1497879018371195
2021-02-24T00:00:00.000Z,181.37850129,176.93491521,0.025114240876234054
2021-02-25T00:00:00.000Z,178.90184288,181.37850129,-0.013654641494915392
2021-02-26T00:00:00.000Z,170.39815323,178.90184288,-0.047532711307529334
2021-02-27T00:00:00.000Z,172.10044726,170.39815323,0.009990096710157981
2021-02-28T00:00:00.000Z,164.92717308,172.10044726,-0.04168074106840076
2021-03-01T00:00:00.000Z,175.23790535,164.92717308,0.06251687988975999
2021-03-02T00:00:00.000Z,177.87243611,175.23790535,0.015034023345223635
2021-03-03T00:00:00.000Z,188.5256632,177.87243611,0.059892512426218895
2021-03-04T00:00:00.000Z,181.07864812,188.5256632,-0.03950133341846268
2021-03-05T00:00:00.000Z,180.76561344,181.07864812,-0.0017287222057928132
2021-03-06T00:00:00.000Z,182.98190116,180.76561344,0.012260560389908618
2021-03-07T00:00:00.000Z,190.75911134,182.98190116,0.042502619825769423
2021-03-08T00:00:00.000Z,191.92768383,190.75911134,0.0061259065519402335
2021-03-09T00:00:00.000Z,203.63786522,191.92768383,0.06101350861073433
2021-03-10T00:00:00.000Z,200.51685695,203.63786522,-0.015326266883755758
2021-03-11T00:00:00.000Z,201.25033709,200.51685695,0.003657947522002505
2021-03-12T00:00:00.000Z,220.82940067,201.25033709,0.0972871094931095
2021-03-13T00:00:00.000Z,226.57829812,220.82940067,0.026033206776623664
2021-03-14T00:00:00.000Z,215.29610435,226.57829812,-0.04979379695060088
2021-03-15T00:00:00.000Z,201.26461988,215.29610435,-0.06517296033926129
2021-03-16T00:00:00.000Z,201.04063659,201.26461988,-0.0011128796016585145
2021-03-17T00:00:00.000Z,206.06792781,201.04063659,0.025006343519756138
2021-03-18T00:00:00.000Z,200.53731095,206.06792781,-0.02683880465425631
2021-03-19T00:00:00.000Z,201.06371543,200.53731095,0.0026249702736427186
2021-03-20T00:00:00.000Z,200.80642376,201.06371543,-0.0012796524198796894
2021-03-21T00:00:00.000Z,196.42775459,200.80642376,-0.02180542379079116
2021-03-22T00:00:00.000Z,187.07783543,196.42775459,-0.047599786392284155
2021-03-23T00:00:00.000Z,187.39396472,187.07783543,0.0016898276018289108
2021-03-24T00:00:00.000Z,177.65495515,187.39396472,-0.051970774963600475
2021-03-25T00:00:00.000Z,173.06118625,177.65495515,-0.025857814639177062
2021-03-26T00:00:00.000Z,184.27867316,173.06118625,0.06481804009938721
2021-03-27T00:00:00.000Z,184.83043819,184.27867316,0.0029941882071232093
2021-03-28T00:00:00.000Z,185.02849167,184.83043819,0.0010715414730359822
2021-03-29T00:00:00.000Z,194.47477728,185.02849167,0.051053140652778786
2021-03-30T00:00:00.000Z,196.6820915,194.47477728,0.011350131111460094
2021-03-31T00:00:00.000Z,197.49909288,196.6820915,0.004153918507623728
2021-04-01T00:00:00.000Z,198.10626659,197.49909288,0.003074311386173814
