"Date","Marketcap (LTC)"
"2019-04-01T00:00:00.000Z","3710564698"
"2019-04-02T00:00:00.000Z","4660552087"
"2019-04-03T00:00:00.000Z","5211167802"
"2019-04-04T00:00:00.000Z","5200609304"
"2019-04-05T00:00:00.000Z","5428143570"
"2019-04-06T00:00:00.000Z","5667977475"
"2019-04-07T00:00:00.000Z","5653406711"
"2019-04-08T00:00:00.000Z","5482058436"
"2019-04-09T00:00:00.000Z","5316681645"
"2019-04-10T00:00:00.000Z","5416155737"
"2019-04-11T00:00:00.000Z","4884140000"
"2019-04-12T00:00:00.000Z","4841472626"
"2019-04-13T00:00:00.000Z","4797064869"
"2019-04-14T00:00:00.000Z","5087597682"
"2019-04-15T00:00:00.000Z","4850589494"
"2019-04-16T00:00:00.000Z","4992536055"
"2019-04-17T00:00:00.000Z","4869545081"
"2019-04-18T00:00:00.000Z","5040919341"
"2019-04-19T00:00:00.000Z","5070985398"
"2019-04-20T00:00:00.000Z","5007822653"
"2019-04-21T00:00:00.000Z","4751522316"
"2019-04-22T00:00:00.000Z","4729023682"
"2019-04-23T00:00:00.000Z","4600847627"
"2019-04-24T00:00:00.000Z","4507411995"
"2019-04-25T00:00:00.000Z","4381667236"
"2019-04-26T00:00:00.000Z","4497581499"
"2019-04-27T00:00:00.000Z","4437397260"
"2019-04-28T00:00:00.000Z","4294642258"
"2019-04-29T00:00:00.000Z","4183425749"
"2019-04-30T00:00:00.000Z","4573555690"
"2019-05-01T00:00:00.000Z","4536348667"
"2019-05-02T00:00:00.000Z","4544039947"
"2019-05-03T00:00:00.000Z","4887671308"
"2019-05-04T00:00:00.000Z","4810952019"
"2019-05-05T00:00:00.000Z","4683927727"
"2019-05-06T00:00:00.000Z","4623160562"
"2019-05-07T00:00:00.000Z","4606527090"
"2019-05-08T00:00:00.000Z","4603102251"
"2019-05-09T00:00:00.000Z","4576943366"
"2019-05-10T00:00:00.000Z","4762297083"
"2019-05-11T00:00:00.000Z","5507753608"
"2019-05-12T00:00:00.000Z","5221525879"
"2019-05-13T00:00:00.000Z","5438466607"
"2019-05-14T00:00:00.000Z","5659766830"
"2019-05-15T00:00:00.000Z","6286790204"
"2019-05-16T00:00:00.000Z","5907639438"
"2019-05-17T00:00:00.000Z","5501612937"
"2019-05-18T00:00:00.000Z","5359369854"
"2019-05-19T00:00:00.000Z","5895349548"
"2019-05-20T00:00:00.000Z","5659972915"
"2019-05-21T00:00:00.000Z","5662154167"
"2019-05-22T00:00:00.000Z","5459427424"
"2019-05-23T00:00:00.000Z","5520439404"
"2019-05-24T00:00:00.000Z","6194799935"
"2019-05-25T00:00:00.000Z","6360714997"
"2019-05-26T00:00:00.000Z","6902346395"
"2019-05-27T00:00:00.000Z","7313766497"
"2019-05-28T00:00:00.000Z","7122858055"
"2019-05-29T00:00:00.000Z","7134213755"
"2019-05-30T00:00:00.000Z","6746180187"
"2019-05-31T00:00:00.000Z","7103874447"
"2019-06-01T00:00:00.000Z","6986544718"
"2019-06-02T00:00:00.000Z","7117549253"
"2019-06-03T00:00:00.000Z","6670082969"
"2019-06-04T00:00:00.000Z","6339581094"
"2019-06-05T00:00:00.000Z","6448454321"
"2019-06-06T00:00:00.000Z","6900772771"
"2019-06-07T00:00:00.000Z","7291832560"
"2019-06-08T00:00:00.000Z","7368949519"
"2019-06-09T00:00:00.000Z","7156126159"
"2019-06-10T00:00:00.000Z","8024339041"
"2019-06-11T00:00:00.000Z","8458730744"
"2019-06-12T00:00:00.000Z","8437276929"
"2019-06-13T00:00:00.000Z","8171623427"
"2019-06-14T00:00:00.000Z","8279439668"
"2019-06-15T00:00:00.000Z","8597209350"
"2019-06-16T00:00:00.000Z","8537185634"
"2019-06-17T00:00:00.000Z","8371507503"
"2019-06-18T00:00:00.000Z","8418405569"
"2019-06-19T00:00:00.000Z","8510498678"
"2019-06-20T00:00:00.000Z","8442646196"
"2019-06-21T00:00:00.000Z","8656823082"
"2019-06-22T00:00:00.000Z","8847068563"
"2019-06-23T00:00:00.000Z","8536077179"
"2019-06-24T00:00:00.000Z","8454028779"
"2019-06-25T00:00:00.000Z","8515726713"
"2019-06-26T00:00:00.000Z","8191677322"
"2019-06-27T00:00:00.000Z","7141234400"
"2019-06-28T00:00:00.000Z","7501601230"
"2019-06-29T00:00:00.000Z","8350980305"
"2019-06-30T00:00:00.000Z","7636046758"
"2019-07-01T00:00:00.000Z","7658690466"
"2019-07-02T00:00:00.000Z","7451762462"
"2019-07-03T00:00:00.000Z","7661188686"
"2019-07-04T00:00:00.000Z","7501164314"
"2019-07-05T00:00:00.000Z","7401137488"
"2019-07-06T00:00:00.000Z","7369730846"
"2019-07-07T00:00:00.000Z","7527688154"
"2019-07-08T00:00:00.000Z","7714781782"
"2019-07-09T00:00:00.000Z","7479661447"
"2019-07-10T00:00:00.000Z","6797135681"
"2019-07-11T00:00:00.000Z","6427725958"
"2019-07-12T00:00:00.000Z","6595612500"
"2019-07-13T00:00:00.000Z","6329505235"
"2019-07-14T00:00:00.000Z","5625773339"
"2019-07-15T00:00:00.000Z","5699307529"
"2019-07-16T00:00:00.000Z","4984318766"
"2019-07-17T00:00:00.000Z","5632042532"
"2019-07-18T00:00:00.000Z","6340340709"
"2019-07-19T00:00:00.000Z","6173653346"
"2019-07-20T00:00:00.000Z","6313476233"
"2019-07-21T00:00:00.000Z","6253213997"
"2019-07-22T00:00:00.000Z","5990269581"
"2019-07-23T00:00:00.000Z","5690513768"
"2019-07-24T00:00:00.000Z","5923434070"
"2019-07-25T00:00:00.000Z","5868244757"
"2019-07-26T00:00:00.000Z","5925662075"
"2019-07-27T00:00:00.000Z","5586678799"
"2019-07-28T00:00:00.000Z","5643570785"
"2019-07-29T00:00:00.000Z","5688893858"
"2019-07-30T00:00:00.000Z","5696275523"
"2019-07-31T00:00:00.000Z","6197337878"
"2019-08-01T00:00:00.000Z","6240801534"
"2019-08-02T00:00:00.000Z","5980250753"
"2019-08-03T00:00:00.000Z","5954227576"
"2019-08-04T00:00:00.000Z","5868857449"
"2019-08-05T00:00:00.000Z","6101930674"
"2019-08-06T00:00:00.000Z","5861986121"
"2019-08-07T00:00:00.000Z","5726708989"
"2019-08-08T00:00:00.000Z","5671748769"
"2019-08-09T00:00:00.000Z","5316935922"
"2019-08-10T00:00:00.000Z","5382272086"
"2019-08-11T00:00:00.000Z","5655924170"
"2019-08-12T00:00:00.000Z","5404272823"
"2019-08-13T00:00:00.000Z","5321124856"
"2019-08-14T00:00:00.000Z","4794992634"
"2019-08-15T00:00:00.000Z","4815969361"
"2019-08-16T00:00:00.000Z","4723824771"
"2019-08-17T00:00:00.000Z","4590467351"
"2019-08-18T00:00:00.000Z","4809876076"
"2019-08-19T00:00:00.000Z","4873084522"
"2019-08-20T00:00:00.000Z","4743207580"
"2019-08-21T00:00:00.000Z","4602987628"
"2019-08-22T00:00:00.000Z","4643456772"
"2019-08-23T00:00:00.000Z","4757819433"
"2019-08-24T00:00:00.000Z","4636016949"
"2019-08-25T00:00:00.000Z","4563612040"
"2019-08-26T00:00:00.000Z","4661893372"
"2019-08-27T00:00:00.000Z","4597966229"
"2019-08-28T00:00:00.000Z","4256892976"
"2019-08-29T00:00:00.000Z","4047272938"
"2019-08-30T00:00:00.000Z","4062542325"
"2019-08-31T00:00:00.000Z","4078358696"
"2019-09-01T00:00:00.000Z","4177872604"
"2019-09-02T00:00:00.000Z","4228918427"
"2019-09-03T00:00:00.000Z","4370358549"
"2019-09-04T00:00:00.000Z","4251369351"
"2019-09-05T00:00:00.000Z","4132391771"
"2019-09-06T00:00:00.000Z","4122869643"
"2019-09-07T00:00:00.000Z","4363628896"
"2019-09-08T00:00:00.000Z","4459610896"
"2019-09-09T00:00:00.000Z","4437564021"
"2019-09-10T00:00:00.000Z","4477994430"
"2019-09-11T00:00:00.000Z","4421472827"
"2019-09-12T00:00:00.000Z","4377939286"
"2019-09-13T00:00:00.000Z","4363467464"
"2019-09-14T00:00:00.000Z","4463527329"
"2019-09-15T00:00:00.000Z","4448378326"
"2019-09-16T00:00:00.000Z","4591727204"
"2019-09-17T00:00:00.000Z","4696563796"
"2019-09-18T00:00:00.000Z","4934275012"
"2019-09-19T00:00:00.000Z","4877292701"
"2019-09-20T00:00:00.000Z","4756922829"
"2019-09-21T00:00:00.000Z","4654112106"
"2019-09-22T00:00:00.000Z","4597461271"
"2019-09-23T00:00:00.000Z","4233164123"
"2019-09-24T00:00:00.000Z","3535218520"
"2019-09-25T00:00:00.000Z","3651789616"
"2019-09-26T00:00:00.000Z","3518070664"
"2019-09-27T00:00:00.000Z","3570419887"
"2019-09-28T00:00:00.000Z","3527794898"
"2019-09-29T00:00:00.000Z","3441531075"
"2019-09-30T00:00:00.000Z","3552325139"
"2019-10-01T00:00:00.000Z","3552792224"
"2019-10-02T00:00:00.000Z","3581752016"
"2019-10-03T00:00:00.000Z","3583056663"
"2019-10-04T00:00:00.000Z","3604329719"
"2019-10-05T00:00:00.000Z","3604148251"
"2019-10-06T00:00:00.000Z","3513746873"
"2019-10-07T00:00:00.000Z","3664860552"
"2019-10-08T00:00:00.000Z","3640571610"
"2019-10-09T00:00:00.000Z","3769908817"
"2019-10-10T00:00:00.000Z","3665380676"
"2019-10-11T00:00:00.000Z","3571918357"
"2019-10-12T00:00:00.000Z","3552381330"
"2019-10-13T00:00:00.000Z","3599137699"
"2019-10-14T00:00:00.000Z","3616122088"
"2019-10-15T00:00:00.000Z","3487585898"
"2019-10-16T00:00:00.000Z","3359652969"
"2019-10-17T00:00:00.000Z","3484535289"
"2019-10-18T00:00:00.000Z","3396445202"
"2019-10-19T00:00:00.000Z","3431292104"
"2019-10-20T00:00:00.000Z","3488800280"
"2019-10-21T00:00:00.000Z","3489419288"
"2019-10-22T00:00:00.000Z","3413955637"
"2019-10-23T00:00:00.000Z","3152820837"
"2019-10-24T00:00:00.000Z","3181078149"
"2019-10-25T00:00:00.000Z","3618479971"
"2019-10-26T00:00:00.000Z","3607985866"
"2019-10-27T00:00:00.000Z","3807830063"
"2019-10-28T00:00:00.000Z","3694652650"
"2019-10-29T00:00:00.000Z","3805805251"
"2019-10-30T00:00:00.000Z","3714109861"
"2019-10-31T00:00:00.000Z","3737406895"
"2019-11-01T00:00:00.000Z","3724955660"
"2019-11-02T00:00:00.000Z","3726170371"
"2019-11-03T00:00:00.000Z","3728676101"
"2019-11-04T00:00:00.000Z","3916584190"
"2019-11-05T00:00:00.000Z","4027051777"
"2019-11-06T00:00:00.000Z","4088991803"
"2019-11-07T00:00:00.000Z","3935124153"
"2019-11-08T00:00:00.000Z","3852007191"
"2019-11-09T00:00:00.000Z","3939462767"
"2019-11-10T00:00:00.000Z","4063643935"
"2019-11-11T00:00:00.000Z","3940458193"
"2019-11-12T00:00:00.000Z","3905317177"
"2019-11-13T00:00:00.000Z","3889011057"
"2019-11-14T00:00:00.000Z","3784543703"
"2019-11-15T00:00:00.000Z","3681894623"
"2019-11-16T00:00:00.000Z","3732789711"
"2019-11-17T00:00:00.000Z","3794900734"
"2019-11-18T00:00:00.000Z","3618749967"
"2019-11-19T00:00:00.000Z","3544784066"
"2019-11-20T00:00:00.000Z","3523320531"
"2019-11-21T00:00:00.000Z","3242806029"
"2019-11-22T00:00:00.000Z","3034882008"
"2019-11-23T00:00:00.000Z","3104760986"
"2019-11-24T00:00:00.000Z","2849656911"
"2019-11-25T00:00:00.000Z","2919784837"
"2019-11-26T00:00:00.000Z","3012041641"
"2019-11-27T00:00:00.000Z","3059223169"
"2019-11-28T00:00:00.000Z","2998875250"
"2019-11-29T00:00:00.000Z","3115330867"
"2019-11-30T00:00:00.000Z","3026175356"
"2019-12-01T00:00:00.000Z","3041545709"
"2019-12-02T00:00:00.000Z","2921144389"
"2019-12-03T00:00:00.000Z","2893726010"
"2019-12-04T00:00:00.000Z","2882011361"
"2019-12-05T00:00:00.000Z","2889242708"
"2019-12-06T00:00:00.000Z","2913078062"
"2019-12-07T00:00:00.000Z","2911520838"
"2019-12-08T00:00:00.000Z","2928421222"
"2019-12-09T00:00:00.000Z","2867412868"
"2019-12-10T00:00:00.000Z","2848915168"
"2019-12-11T00:00:00.000Z","2804044948"
"2019-12-12T00:00:00.000Z","2813611017"
"2019-12-13T00:00:00.000Z","2837323107"
"2019-12-14T00:00:00.000Z","2793073069"
"2019-12-15T00:00:00.000Z","2784724201"
"2019-12-16T00:00:00.000Z","2571966338"
"2019-12-17T00:00:00.000Z","2350567576"
"2019-12-18T00:00:00.000Z","2596986052"
"2019-12-19T00:00:00.000Z","2541689077"
"2019-12-20T00:00:00.000Z","2566456399"
"2019-12-21T00:00:00.000Z","2547993362"
"2019-12-22T00:00:00.000Z","2677416230"
"2019-12-23T00:00:00.000Z","2602931283"
"2019-12-24T00:00:00.000Z","2588676163"
"2019-12-25T00:00:00.000Z","2586992014"
"2019-12-26T00:00:00.000Z","2566940034"
"2019-12-27T00:00:00.000Z","2627240995"
"2019-12-28T00:00:00.000Z","2730585594"
"2019-12-29T00:00:00.000Z","2789016631"
"2019-12-30T00:00:00.000Z","2727907118"
"2019-12-31T00:00:00.000Z","2641007568"
"2020-01-01T00:00:00.000Z","2677372769"
"2020-01-02T00:00:00.000Z","2539554281"
"2020-01-03T00:00:00.000Z","2704530449"
"2020-01-04T00:00:00.000Z","2761370835"
"2020-01-05T00:00:00.000Z","2779302134"
"2020-01-06T00:00:00.000Z","2923588117"
"2020-01-07T00:00:00.000Z","2963827295"
"2020-01-08T00:00:00.000Z","2913485629"
"2020-01-09T00:00:00.000Z","2885860528"
"2020-01-10T00:00:00.000Z","3110300142"
"2020-01-11T00:00:00.000Z","3144901794"
"2020-01-12T00:00:00.000Z","3263955234"
"2020-01-13T00:00:00.000Z","3175647876"
"2020-01-14T00:00:00.000Z","3728782385"
"2020-01-15T00:00:00.000Z","3707655223"
"2020-01-16T00:00:00.000Z","3680300934"
"2020-01-17T00:00:00.000Z","3927821846"
"2020-01-18T00:00:00.000Z","3797861153"
"2020-01-19T00:00:00.000Z","3693201722"
"2020-01-20T00:00:00.000Z","3655443935"
"2020-01-21T00:00:00.000Z","3683692032"
"2020-01-22T00:00:00.000Z","3729779086"
"2020-01-23T00:00:00.000Z","3492096602"
"2020-01-24T00:00:00.000Z","3486182447"
"2020-01-25T00:00:00.000Z","3433273431"
"2020-01-26T00:00:00.000Z","3594505100"
"2020-01-27T00:00:00.000Z","3758010753"
"2020-01-28T00:00:00.000Z","3879996831"
"2020-01-29T00:00:00.000Z","3838855328"
"2020-01-30T00:00:00.000Z","4360322858"
"2020-01-31T00:00:00.000Z","4342918713"
"2020-02-01T00:00:00.000Z","4531596557"
"2020-02-02T00:00:00.000Z","4494447999"
"2020-02-03T00:00:00.000Z","4465414988"
"2020-02-04T00:00:00.000Z","4360057588"
"2020-02-05T00:00:00.000Z","4643421284"
"2020-02-06T00:00:00.000Z","4698795737"
"2020-02-07T00:00:00.000Z","4761261677"
"2020-02-08T00:00:00.000Z","4897092475"
"2020-02-09T00:00:00.000Z","4937660994"
"2020-02-10T00:00:00.000Z","4762258295"
"2020-02-11T00:00:00.000Z","4906933361"
"2020-02-12T00:00:00.000Z","5204219574"
"2020-02-13T00:00:00.000Z","5150084743"
"2020-02-14T00:00:00.000Z","5318240171"
"2020-02-15T00:00:00.000Z","4903772881"
"2020-02-16T00:00:00.000Z","4817137104"
"2020-02-17T00:00:00.000Z","4695804838"
"2020-02-18T00:00:00.000Z","4938917809"
"2020-02-19T00:00:00.000Z","4561234455"
"2020-02-20T00:00:00.000Z","4464832282"
"2020-02-21T00:00:00.000Z","4712921861"
"2020-02-22T00:00:00.000Z","4819103854"
"2020-02-23T00:00:00.000Z","5103592715"
"2020-02-24T00:00:00.000Z","4846065100"
"2020-02-25T00:00:00.000Z","4567178980"
"2020-02-26T00:00:00.000Z","3915328585"
"2020-02-27T00:00:00.000Z","3947440769"
"2020-02-28T00:00:00.000Z","3835945103"
"2020-02-29T00:00:00.000Z","3758049404"
"2020-03-01T00:00:00.000Z","3720790355"
"2020-03-02T00:00:00.000Z","3916306949"
"2020-03-03T00:00:00.000Z","3926290829"
"2020-03-04T00:00:00.000Z","3877791382"
"2020-03-05T00:00:00.000Z","3985045689"
"2020-03-06T00:00:00.000Z","4048469921"
"2020-03-07T00:00:00.000Z","3889681824"
"2020-03-08T00:00:00.000Z","3323571636"
"2020-03-09T00:00:00.000Z","3223665284"
"2020-03-10T00:00:00.000Z","3229716140"
"2020-03-11T00:00:00.000Z","3114857126"
"2020-03-12T00:00:00.000Z","1992913474"
"2020-03-13T00:00:00.000Z","2406597116"
"2020-03-14T00:00:00.000Z","2211281928"
"2020-03-15T00:00:00.000Z","2342660616"
"2020-03-16T00:00:00.000Z","2113940825"
"2020-03-17T00:00:00.000Z","2158391141"
"2020-03-18T00:00:00.000Z","2166347103"
"2020-03-19T00:00:00.000Z","2513235593"
"2020-03-20T00:00:00.000Z","2452922646"
"2020-03-21T00:00:00.000Z","2466743818"
"2020-03-22T00:00:00.000Z","2292391578"
"2020-03-23T00:00:00.000Z","2494558925"
"2020-03-24T00:00:00.000Z","2605834454"
"2020-03-25T00:00:00.000Z","2519916317"
"2020-03-26T00:00:00.000Z","2585178521"
"2020-03-27T00:00:00.000Z","2505504071"
"2020-03-28T00:00:00.000Z","2502911913"
"2020-03-29T00:00:00.000Z","2403961159"
"2020-03-30T00:00:00.000Z","2520514843"
"2020-03-31T00:00:00.000Z","2531157610"
"2020-04-01T00:00:00.000Z","2536712327"
"2020-04-02T00:00:00.000Z","2568780271"
"2020-04-03T00:00:00.000Z","2600305500"
"2020-04-04T00:00:00.000Z","2621009072"
"2020-04-05T00:00:00.000Z","2620968039"
"2020-04-06T00:00:00.000Z","2861077283"
"2020-04-07T00:00:00.000Z","2879255750"
"2020-04-08T00:00:00.000Z","2986094917"
"2020-04-09T00:00:00.000Z","2991619902"
"2020-04-10T00:00:00.000Z","2725609591"
"2020-04-11T00:00:00.000Z","2729109196"
"2020-04-12T00:00:00.000Z","2737892510"
"2020-04-13T00:00:00.000Z","2657814813"
"2020-04-14T00:00:00.000Z","2650077175"
"2020-04-15T00:00:00.000Z","2554181141"
"2020-04-16T00:00:00.000Z","2753595083"
"2020-04-17T00:00:00.000Z","2758454401"
"2020-04-18T00:00:00.000Z","2863206054"
"2020-04-19T00:00:00.000Z","2751996675"
"2020-04-20T00:00:00.000Z","2635710772"
"2020-04-21T00:00:00.000Z","2649690810"
"2020-04-22T00:00:00.000Z","2704698254"
"2020-04-23T00:00:00.000Z","2772774520"
"2020-04-24T00:00:00.000Z","2894370113"
"2020-04-25T00:00:00.000Z","2888203931"
"2020-04-26T00:00:00.000Z","2886855018"
"2020-04-27T00:00:00.000Z","2888544819"
"2020-04-28T00:00:00.000Z","2974099483"
"2020-04-29T00:00:00.000Z","3178164249"
"2020-04-30T00:00:00.000Z","3019046193"
"2020-05-01T00:00:00.000Z","3089051663"
"2020-05-02T00:00:00.000Z","3197119850"
"2020-05-03T00:00:00.000Z","3120493727"
"2020-05-04T00:00:00.000Z","3069527725"
"2020-05-05T00:00:00.000Z","3025540504"
"2020-05-06T00:00:00.000Z","2971266131"
"2020-05-07T00:00:00.000Z","3061336365"
"2020-05-08T00:00:00.000Z","3097356144"
"2020-05-09T00:00:00.000Z","3057501433"
"2020-05-10T00:00:00.000Z","2741254063"
"2020-05-11T00:00:00.000Z","2698347048"
"2020-05-12T00:00:00.000Z","2725296857"
"2020-05-13T00:00:00.000Z","2791779469"
"2020-05-14T00:00:00.000Z","2844597190"
"2020-05-15T00:00:00.000Z","2772979035"
"2020-05-16T00:00:00.000Z","2797840306"
"2020-05-17T00:00:00.000Z","2825893814"
"2020-05-18T00:00:00.000Z","2927235935"
"2020-05-19T00:00:00.000Z","2939336800"
"2020-05-20T00:00:00.000Z","2861150335"
"2020-05-21T00:00:00.000Z","2768884214"
"2020-05-22T00:00:00.000Z","2864136481"
"2020-05-23T00:00:00.000Z","2853191056"
"2020-05-24T00:00:00.000Z","2750870493"
"2020-05-25T00:00:00.000Z","2783422664"
"2020-05-26T00:00:00.000Z","2750446203"
"2020-05-27T00:00:00.000Z","2843324947"
"2020-05-28T00:00:00.000Z","2901856312"
"2020-05-29T00:00:00.000Z","2895315418"
"2020-05-30T00:00:00.000Z","3082829598"
"2020-05-31T00:00:00.000Z","2955783148"
"2020-06-01T00:00:00.000Z","3121604529"
"2020-06-02T00:00:00.000Z","2979119286"
"2020-06-03T00:00:00.000Z","3060501220"
"2020-06-04T00:00:00.000Z","3090975369"
"2020-06-05T00:00:00.000Z","3053335010"
"2020-06-06T00:00:00.000Z","3032854879"
"2020-06-07T00:00:00.000Z","3029051321"
"2020-06-08T00:00:00.000Z","3016629648"
"2020-06-09T00:00:00.000Z","2990871181"
"2020-06-10T00:00:00.000Z","3030821037"
"2020-06-11T00:00:00.000Z","2824578728"
"2020-06-12T00:00:00.000Z","2911065499"
"2020-06-13T00:00:00.000Z","2928688758"
"2020-06-14T00:00:00.000Z","2863412897"
"2020-06-15T00:00:00.000Z","2852680851"
"2020-06-16T00:00:00.000Z","2850591900"
"2020-06-17T00:00:00.000Z","2860963357"
"2020-06-18T00:00:00.000Z","2830626074"
"2020-06-19T00:00:00.000Z","2767724113"
"2020-06-20T00:00:00.000Z","2811334445"
"2020-06-21T00:00:00.000Z","2794826424"
"2020-06-22T00:00:00.000Z","2866546342"
"2020-06-23T00:00:00.000Z","2866313928"
"2020-06-24T00:00:00.000Z","2779946161"
"2020-06-25T00:00:00.000Z","2762084171"
"2020-06-26T00:00:00.000Z","2811467299"
"2020-06-27T00:00:00.000Z","2697200834"
"2020-06-28T00:00:00.000Z","2687972549"
"2020-06-29T00:00:00.000Z","2717052119"
"2020-06-30T00:00:00.000Z","2692495275"
"2020-07-01T00:00:00.000Z","2707814853"
"2020-07-02T00:00:00.000Z","2693358881"
"2020-07-03T00:00:00.000Z","2674746916"
"2020-07-04T00:00:00.000Z","2732595058"
"2020-07-05T00:00:00.000Z","2702477997"
"2020-07-06T00:00:00.000Z","2856450323"
"2020-07-07T00:00:00.000Z","2814829248"
"2020-07-08T00:00:00.000Z","2937468640"
"2020-07-09T00:00:00.000Z","2894664419"
"2020-07-10T00:00:00.000Z","2876028160"
"2020-07-11T00:00:00.000Z","2904378314"
"2020-07-12T00:00:00.000Z","2902091664"
"2020-07-13T00:00:00.000Z","2855849775"
"2020-07-14T00:00:00.000Z","2848566183"
"2020-07-15T00:00:00.000Z","2814802324"
"2020-07-16T00:00:00.000Z","2734230404"
"2020-07-17T00:00:00.000Z","2726545150"
"2020-07-18T00:00:00.000Z","2760226500"
"2020-07-19T00:00:00.000Z","2768772725"
"2020-07-20T00:00:00.000Z","2731558150"
"2020-07-21T00:00:00.000Z","2838623093"
"2020-07-22T00:00:00.000Z","2924848189"
"2020-07-23T00:00:00.000Z","2919572018"
"2020-07-24T00:00:00.000Z","2876436566"
"2020-07-25T00:00:00.000Z","3177555508"
"2020-07-26T00:00:00.000Z","3124123307"
"2020-07-27T00:00:00.000Z","3448224688"
"2020-07-28T00:00:00.000Z","3619587263"
"2020-07-29T00:00:00.000Z","3593728339"
"2020-07-30T00:00:00.000Z","3689985568"
"2020-07-31T00:00:00.000Z","3778669742"
"2020-08-01T00:00:00.000Z","3993808114"
"2020-08-02T00:00:00.000Z","3691130076"
"2020-08-03T00:00:00.000Z","3810634494"
"2020-08-04T00:00:00.000Z","3749523928"
"2020-08-05T00:00:00.000Z","3846220333"
"2020-08-06T00:00:00.000Z","3855561162"
"2020-08-07T00:00:00.000Z","3731890489"
"2020-08-08T00:00:00.000Z","3789893301"
"2020-08-09T00:00:00.000Z","3725788182"
"2020-08-10T00:00:00.000Z","3801224617"
"2020-08-11T00:00:00.000Z","3547154657"
"2020-08-12T00:00:00.000Z","3585464599"
"2020-08-13T00:00:00.000Z","3766743819"
"2020-08-14T00:00:00.000Z","3702706247"
"2020-08-15T00:00:00.000Z","3910281206"
"2020-08-16T00:00:00.000Z","4165123797"
"2020-08-17T00:00:00.000Z","4374438900"
"2020-08-18T00:00:00.000Z","4276903970"
"2020-08-19T00:00:00.000Z","4047380317"
"2020-08-20T00:00:00.000Z","4106679932"
"2020-08-21T00:00:00.000Z","3875815850"
"2020-08-22T00:00:00.000Z","3937965763"
"2020-08-23T00:00:00.000Z","3958807136"
"2020-08-24T00:00:00.000Z","4062179119"
"2020-08-25T00:00:00.000Z","3826259089"
"2020-08-26T00:00:00.000Z","3812133909"
"2020-08-27T00:00:00.000Z","3661200919"
"2020-08-28T00:00:00.000Z","3747428403"
"2020-08-29T00:00:00.000Z","3743728945"
"2020-08-30T00:00:00.000Z","4099231860"
"2020-08-31T00:00:00.000Z","3994085080"
"2020-09-01T00:00:00.000Z","4110169776"
"2020-09-02T00:00:00.000Z","3797966400"
"2020-09-03T00:00:00.000Z","3123351779"
"2020-09-04T00:00:00.000Z","3309267726"
"2020-09-05T00:00:00.000Z","3111962365"
"2020-09-06T00:00:00.000Z","3142675722"
"2020-09-07T00:00:00.000Z","3189892800"
"2020-09-08T00:00:00.000Z","3099602851"
"2020-09-09T00:00:00.000Z","3133588725"
"2020-09-10T00:00:00.000Z","3187527096"
"2020-09-11T00:00:00.000Z","3212303729"
"2020-09-12T00:00:00.000Z","3325687817"
"2020-09-13T00:00:00.000Z","3145983705"
"2020-09-14T00:00:00.000Z","3213367490"
"2020-09-15T00:00:00.000Z","3167891971"
"2020-09-16T00:00:00.000Z","3141421344"
"2020-09-17T00:00:00.000Z","3200475070"
"2020-09-18T00:00:00.000Z","3172333296"
"2020-09-19T00:00:00.000Z","3188069967"
"2020-09-20T00:00:00.000Z","3085167468"
"2020-09-21T00:00:00.000Z","2842432912"
"2020-09-22T00:00:00.000Z","2918394264"
"2020-09-23T00:00:00.000Z","2821103400"
"2020-09-24T00:00:00.000Z","2951298284"
"2020-09-25T00:00:00.000Z","3020217186"
"2020-09-26T00:00:00.000Z","3027273265"
"2020-09-27T00:00:00.000Z","3021254303"
"2020-09-28T00:00:00.000Z","2973353460"
"2020-09-29T00:00:00.000Z","3002587743"
"2020-09-30T00:00:00.000Z","3040608728"
"2020-10-01T00:00:00.000Z","3037112538"
"2020-10-02T00:00:00.000Z","2946294542"
"2020-10-03T00:00:00.000Z","2989719911"
"2020-10-04T00:00:00.000Z","3065363622"
"2020-10-05T00:00:00.000Z","3041609178"
"2020-10-06T00:00:00.000Z","3017134337"
"2020-10-07T00:00:00.000Z","3061759913"
"2020-10-08T00:00:00.000Z","3098565933"
"2020-10-09T00:00:00.000Z","3139276406"
"2020-10-10T00:00:00.000Z","3211040248"
"2020-10-11T00:00:00.000Z","3330028818"
"2020-10-12T00:00:00.000Z","3331555081"
"2020-10-13T00:00:00.000Z","3279211860"
"2020-10-14T00:00:00.000Z","3273382395"
"2020-10-15T00:00:00.000Z","3250355736"
"2020-10-16T00:00:00.000Z","3132624928"
"2020-10-17T00:00:00.000Z","3090962057"
"2020-10-18T00:00:00.000Z","3128435828"
"2020-10-19T00:00:00.000Z","3160267220"
"2020-10-20T00:00:00.000Z","3091763886"
"2020-10-21T00:00:00.000Z","3485819576"
"2020-10-22T00:00:00.000Z","3566118639"
"2020-10-23T00:00:00.000Z","3630921272"
"2020-10-24T00:00:00.000Z","3884872256"
"2020-10-25T00:00:00.000Z","3857688032"
"2020-10-26T00:00:00.000Z","3731855689"
"2020-10-27T00:00:00.000Z","3794740044"
"2020-10-28T00:00:00.000Z","3670319123"
"2020-10-29T00:00:00.000Z","3601788647"
"2020-10-30T00:00:00.000Z","3540912845"
"2020-10-31T00:00:00.000Z","3656741432"
"2020-11-01T00:00:00.000Z","3656933389"
"2020-11-02T00:00:00.000Z","3540686300"
"2020-11-03T00:00:00.000Z","3541432847"
"2020-11-04T00:00:00.000Z","3586579398"
"2020-11-05T00:00:00.000Z","3862051532"
"2020-11-06T00:00:00.000Z","4155585902"
"2020-11-07T00:00:00.000Z","3893544751"
"2020-11-08T00:00:00.000Z","4019845346"
"2020-11-09T00:00:00.000Z","3908932290"
"2020-11-10T00:00:00.000Z","3835152414"
"2020-11-11T00:00:00.000Z","3919710178"
"2020-11-12T00:00:00.000Z","3976146557"
"2020-11-13T00:00:00.000Z","4311996164"
"2020-11-14T00:00:00.000Z","4201549257"
"2020-11-15T00:00:00.000Z","4103576321"
"2020-11-16T00:00:00.000Z","4846840226"
"2020-11-17T00:00:00.000Z","4998932617"
"2020-11-18T00:00:00.000Z","4857299278"
"2020-11-19T00:00:00.000Z","5384471724"
"2020-11-20T00:00:00.000Z","5444339642"
"2020-11-21T00:00:00.000Z","5696028601"
"2020-11-22T00:00:00.000Z","5452444708"
"2020-11-23T00:00:00.000Z","5870816229"
"2020-11-24T00:00:00.000Z","5882460030"
"2020-11-25T00:00:00.000Z","5400000837"
"2020-11-26T00:00:00.000Z","4674081621"
"2020-11-27T00:00:00.000Z","4559668328"
"2020-11-28T00:00:00.000Z","4795595984"
"2020-11-29T00:00:00.000Z","5227758602"
"2020-11-30T00:00:00.000Z","5778622122"
"2020-12-01T00:00:00.000Z","5638149878"
"2020-12-02T00:00:00.000Z","5864578837"
"2020-12-03T00:00:00.000Z","5881242130"
"2020-12-04T00:00:00.000Z","5282368906"
"2020-12-05T00:00:00.000Z","5487737378"
"2020-12-06T00:00:00.000Z","5517178551"
"2020-12-07T00:00:00.000Z","5522332008"
"2020-12-08T00:00:00.000Z","5068820612"
"2020-12-09T00:00:00.000Z","5113163503"
"2020-12-10T00:00:00.000Z","4943203900"
"2020-12-11T00:00:00.000Z","4762563166"
"2020-12-12T00:00:00.000Z","5068283240"
"2020-12-13T00:00:00.000Z","5418690204"
"2020-12-14T00:00:00.000Z","5443275105"
"2020-12-15T00:00:00.000Z","5380245587"
"2020-12-16T00:00:00.000Z","6133693800"
"2020-12-17T00:00:00.000Z","6674511819"
"2020-12-18T00:00:00.000Z","7232216464"
"2020-12-19T00:00:00.000Z","7971885335"
"2020-12-20T00:00:00.000Z","7583089812"
"2020-12-21T00:00:00.000Z","6944917515"
"2020-12-22T00:00:00.000Z","7320646218"
"2020-12-23T00:00:00.000Z","6735539590"
"2020-12-24T00:00:00.000Z","7381279579"
"2020-12-25T00:00:00.000Z","8402415631"
"2020-12-26T00:00:00.000Z","8567168165"
"2020-12-27T00:00:00.000Z","8439551136"
"2020-12-28T00:00:00.000Z","8608138657"
"2020-12-29T00:00:00.000Z","8542261137"
"2020-12-30T00:00:00.000Z","8571310124"
"2020-12-31T00:00:00.000Z","8256035501"
"2021-01-01T00:00:00.000Z","8358909486"
"2021-01-02T00:00:00.000Z","9069424356"
"2021-01-03T00:00:00.000Z","10610100157"
"2021-01-04T00:00:00.000Z","10254764750"
"2021-01-05T00:00:00.000Z","10506208953"
"2021-01-06T00:00:00.000Z","11196630531"
"2021-01-07T00:00:00.000Z","11236313944"
"2021-01-08T00:00:00.000Z","11479032354"
"2021-01-09T00:00:00.000Z","11757532983"
"2021-01-10T00:00:00.000Z","11335608546"
"2021-01-11T00:00:00.000Z","9224850105"
"2021-01-12T00:00:00.000Z","8786548247"
"2021-01-13T00:00:00.000Z","9766018251"
"2021-01-14T00:00:00.000Z","10080148977"
"2021-01-15T00:00:00.000Z","9561058743"
"2021-01-16T00:00:00.000Z","9563943063"
"2021-01-17T00:00:00.000Z","9443391846"
"2021-01-18T00:00:00.000Z","10088494155"
"2021-01-19T00:00:00.000Z","10178638262"
"2021-01-20T00:00:00.000Z","9943883702"
"2021-01-21T00:00:00.000Z","8631731441"
"2021-01-22T00:00:00.000Z","9106163561"
"2021-01-23T00:00:00.000Z","9138967679"
"2021-01-24T00:00:00.000Z","9387244668"
"2021-01-25T00:00:00.000Z","9120218856"
"2021-01-26T00:00:00.000Z","8942724603"
"2021-01-27T00:00:00.000Z","8159485219"
"2021-01-28T00:00:00.000Z","8859696434"
"2021-01-29T00:00:00.000Z","8961864718"
"2021-01-30T00:00:00.000Z","8855782168"
"2021-01-31T00:00:00.000Z","8602571147"
"2021-02-01T00:00:00.000Z","8566555552"
"2021-02-02T00:00:00.000Z","9463573244"
"2021-02-03T00:00:00.000Z","10334816210"
"2021-02-04T00:00:00.000Z","9640051952"
"2021-02-05T00:00:00.000Z","10285648748"
"2021-02-06T00:00:00.000Z","10344025914"
"2021-02-07T00:00:00.000Z","10041267658"
"2021-02-08T00:00:00.000Z","11110735149"
"2021-02-09T00:00:00.000Z","12101771285"
"2021-02-10T00:00:00.000Z","12107028489"
"2021-02-11T00:00:00.000Z","12262582772"
"2021-02-12T00:00:00.000Z","13110544888"
"2021-02-13T00:00:00.000Z","15039659993"
"2021-02-14T00:00:00.000Z","14256947121"
"2021-02-15T00:00:00.000Z","13809636077"
"2021-02-16T00:00:00.000Z","14001682545"
"2021-02-17T00:00:00.000Z","15760825693"
"2021-02-18T00:00:00.000Z","15090475729"
"2021-02-19T00:00:00.000Z","15744553204"
"2021-02-20T00:00:00.000Z","15143671930"
"2021-02-21T00:00:00.000Z","15117128942"
"2021-02-22T00:00:00.000Z","13846295160"
"2021-02-23T00:00:00.000Z","11773563803"
"2021-02-24T00:00:00.000Z","12070508501"
"2021-02-25T00:00:00.000Z","11904886776"
"2021-02-26T00:00:00.000Z","11340299606"
"2021-02-27T00:00:00.000Z","11454859536"
"2021-02-28T00:00:00.000Z","10978655641"
"2021-03-01T00:00:00.000Z","11666301506"
"2021-03-02T00:00:00.000Z","11843018105"
"2021-03-03T00:00:00.000Z","12553608189"
"2021-03-04T00:00:00.000Z","12058928099"
"2021-03-05T00:00:00.000Z","12039353700"
"2021-03-06T00:00:00.000Z","12188376458"
"2021-03-07T00:00:00.000Z","12707914233"
"2021-03-08T00:00:00.000Z","12787203585"
"2021-03-09T00:00:00.000Z","13568866822"
"2021-03-10T00:00:00.000Z","13362305353"
"2021-03-11T00:00:00.000Z","13409899023"
"2021-03-12T00:00:00.000Z","14715870199"
"2021-03-13T00:00:00.000Z","15100529216"
"2021-03-14T00:00:00.000Z","14350314679"
"2021-03-15T00:00:00.000Z","13416579221"
"2021-03-16T00:00:00.000Z","13403133372"
"2021-03-17T00:00:00.000Z","13739726325"
"2021-03-18T00:00:00.000Z","13372309588"
"2021-03-19T00:00:00.000Z","13408836542"
"2021-03-20T00:00:00.000Z","13393101107"
"2021-03-21T00:00:00.000Z","13102583632"
"2021-03-22T00:00:00.000Z","12480313549"
"2021-03-23T00:00:00.000Z","12502735967"
"2021-03-24T00:00:00.000Z","11854104964"
"2021-03-25T00:00:00.000Z","11548812450"
"2021-03-26T00:00:00.000Z","12298583953"
"2021-03-27T00:00:00.000Z","12336637351"
"2021-03-28T00:00:00.000Z","12351098573"
"2021-03-29T00:00:00.000Z","12981660946"
"2021-03-30T00:00:00.000Z","13129004499"
"2021-03-31T00:00:00.000Z","13183541314"
"2021-04-01T00:00:00.000Z","13224071625"
"2021-04-02T00:00:00.000Z",""
"2021-04-03T00:00:00.000Z",""
"2021-04-04T00:00:00.000Z",""
"2021-04-05T00:00:00.000Z",""
"2021-04-06T00:00:00.000Z",""
"2021-04-07T00:00:00.000Z",""
"2021-04-08T00:00:00.000Z",""
"2021-04-09T00:00:00.000Z",""
"2021-04-10T00:00:00.000Z",""
"2021-04-11T00:00:00.000Z",""
"2021-04-12T00:00:00.000Z",""
"2021-04-13T00:00:00.000Z",""
"2021-04-14T00:00:00.000Z",""
"2021-04-15T00:00:00.000Z",""
"2021-04-16T00:00:00.000Z",""