"Date","Volume"
"2019-04-01T12:00:00.000Z","1712538381"
"2019-04-02T00:00:00.000Z","2801935597"
"2019-04-02T12:00:00.000Z","4161362861"
"2019-04-03T00:00:00.000Z","4945839632"
"2019-04-03T12:00:00.000Z","6220791959"
"2019-04-04T00:00:00.000Z","5851569843"
"2019-04-04T12:00:00.000Z","4195622761"
"2019-04-05T00:00:00.000Z","3946798889"
"2019-04-05T12:00:00.000Z","3512861847"
"2019-04-06T00:00:00.000Z","3057853359"
"2019-04-06T12:00:00.000Z","3857950928"
"2019-04-07T00:00:00.000Z","4103423019"
"2019-04-07T12:00:00.000Z","3314848880"
"2019-04-08T00:00:00.000Z","3305351717"
"2019-04-08T12:00:00.000Z","3295695861"
"2019-04-09T00:00:00.000Z","3181691295"
"2019-04-09T12:00:00.000Z","2742659176"
"2019-04-10T00:00:00.000Z","2578805016"
"2019-04-10T12:00:00.000Z","2765900676"
"2019-04-11T00:00:00.000Z","3188094060"
"2019-04-11T12:00:00.000Z","3461535999"
"2019-04-12T00:00:00.000Z","3027676833"
"2019-04-12T12:00:00.000Z","2839796022"
"2019-04-13T00:00:00.000Z","2561066472"
"2019-04-13T12:00:00.000Z","2379257754"
"2019-04-14T00:00:00.000Z","2126567154"
"2019-04-14T12:00:00.000Z","2328308745"
"2019-04-15T00:00:00.000Z","2562270357"
"2019-04-15T12:00:00.000Z","2742760720"
"2019-04-16T00:00:00.000Z","2572463630"
"2019-04-16T12:00:00.000Z","2176907330"
"2019-04-17T00:00:00.000Z","2125525311"
"2019-04-17T12:00:00.000Z","2060101783"
"2019-04-18T00:00:00.000Z","2325177010"
"2019-04-18T12:00:00.000Z","2618301811"
"2019-04-19T00:00:00.000Z","2646096355"
"2019-04-19T12:00:00.000Z","2608961075"
"2019-04-20T00:00:00.000Z","2631034865"
"2019-04-20T12:00:00.000Z","2423010077"
"2019-04-21T00:00:00.000Z","2746073991"
"2019-04-21T12:00:00.000Z","2957685725"
"2019-04-22T00:00:00.000Z","2509213187"
"2019-04-22T12:00:00.000Z","2657300818"
"2019-04-23T00:00:00.000Z","2940637955"
"2019-04-23T12:00:00.000Z","2920088568"
"2019-04-24T00:00:00.000Z","3021136939"
"2019-04-24T12:00:00.000Z","3347048436"
"2019-04-25T00:00:00.000Z","2722810125"
"2019-04-25T12:00:00.000Z","2754712045"
"2019-04-26T00:00:00.000Z","3186163650"
"2019-04-26T12:00:00.000Z","3041612618"
"2019-04-27T00:00:00.000Z","2504640601"
"2019-04-27T12:00:00.000Z","2059447901"
"2019-04-28T00:00:00.000Z","2072863429"
"2019-04-28T12:00:00.000Z","2365077905"
"2019-04-29T00:00:00.000Z","2515083283"
"2019-04-29T12:00:00.000Z","2532498296"
"2019-04-30T00:00:00.000Z","2777468231"
"2019-04-30T12:00:00.000Z","3065300353"
"2019-05-01T00:00:00.000Z","3017277295"
"2019-05-01T12:00:00.000Z","2871792311"
"2019-05-02T00:00:00.000Z","2747792871"
"2019-05-02T12:00:00.000Z","2902756201"
"2019-05-03T00:00:00.000Z","3815763187"
"2019-05-03T12:00:00.000Z","3850339791"
"2019-05-04T00:00:00.000Z","3255933443"
"2019-05-04T12:00:00.000Z","3502670654"
"2019-05-05T00:00:00.000Z","3203198943"
"2019-05-05T12:00:00.000Z","2650746460"
"2019-05-06T00:00:00.000Z","2675309438"
"2019-05-06T12:00:00.000Z","2933836337"
"2019-05-07T00:00:00.000Z","3132350716"
"2019-05-07T12:00:00.000Z","3088433048"
"2019-05-08T00:00:00.000Z","2564153065"
"2019-05-08T12:00:00.000Z","2532851417"
"2019-05-09T00:00:00.000Z","2623508699"
"2019-05-09T12:00:00.000Z","2436426304"
"2019-05-10T00:00:00.000Z","3131843593"
"2019-05-10T12:00:00.000Z","3051383971"
"2019-05-11T00:00:00.000Z","4514743631"
"2019-05-11T12:00:00.000Z","5491744172"
"2019-05-12T00:00:00.000Z","6052535851"
"2019-05-12T12:00:00.000Z","5582599422"
"2019-05-13T00:00:00.000Z","4678536566"
"2019-05-13T12:00:00.000Z","4658762983"
"2019-05-14T00:00:00.000Z","5923073757"
"2019-05-14T12:00:00.000Z","4930071295"
"2019-05-15T00:00:00.000Z","4818385468"
"2019-05-15T12:00:00.000Z","5168624435"
"2019-05-16T00:00:00.000Z","6862637599"
"2019-05-16T12:00:00.000Z","6442000275"
"2019-05-17T00:00:00.000Z","5736120459"
"2019-05-17T12:00:00.000Z","5319840521"
"2019-05-18T00:00:00.000Z","4442135866"
"2019-05-18T12:00:00.000Z","3318235589"
"2019-05-19T00:00:00.000Z","4146132622"
"2019-05-19T12:00:00.000Z","4108852208"
"2019-05-20T00:00:00.000Z","3980026041"
"2019-05-20T12:00:00.000Z","3566921482"
"2019-05-21T00:00:00.000Z","3404744163"
"2019-05-21T12:00:00.000Z","3145769021"
"2019-05-22T00:00:00.000Z","3412982631"
"2019-05-22T12:00:00.000Z","3398528443"
"2019-05-23T00:00:00.000Z","3694969591"
"2019-05-23T12:00:00.000Z","3208807268"
"2019-05-24T00:00:00.000Z","4258269196"
"2019-05-24T12:00:00.000Z","5400594327"
"2019-05-25T00:00:00.000Z","5843739070"
"2019-05-25T12:00:00.000Z","4507050693"
"2019-05-26T00:00:00.000Z","4279302652"
"2019-05-26T12:00:00.000Z","5168378348"
"2019-05-27T00:00:00.000Z","6457835148"
"2019-05-27T12:00:00.000Z","6355361291"
"2019-05-28T00:00:00.000Z","5882219652"
"2019-05-28T12:00:00.000Z","4171268074"
"2019-05-29T00:00:00.000Z","4450121012"
"2019-05-29T12:00:00.000Z","4122926835"
"2019-05-30T00:00:00.000Z","4640910690"
"2019-05-30T12:00:00.000Z","4971290021"
"2019-05-31T00:00:00.000Z","5201724366"
"2019-05-31T12:00:00.000Z","4207966340"
"2019-06-01T00:00:00.000Z","4417295180"
"2019-06-01T12:00:00.000Z","3807158511"
"2019-06-02T00:00:00.000Z","4065363269"
"2019-06-02T12:00:00.000Z","3434073036"
"2019-06-03T00:00:00.000Z","3954381509"
"2019-06-03T12:00:00.000Z","3832352495"
"2019-06-04T00:00:00.000Z","4252614385"
"2019-06-04T12:00:00.000Z","4318600116"
"2019-06-05T00:00:00.000Z","4401167025"
"2019-06-05T12:00:00.000Z","3585162871"
"2019-06-06T00:00:00.000Z","3766963964"
"2019-06-06T12:00:00.000Z","4142250661"
"2019-06-07T00:00:00.000Z","5059242799"
"2019-06-07T12:00:00.000Z","5140908476"
"2019-06-08T00:00:00.000Z","5134137062"
"2019-06-08T12:00:00.000Z","4689224669"
"2019-06-09T00:00:00.000Z","4311156327"
"2019-06-09T12:00:00.000Z","4360301111"
"2019-06-10T00:00:00.000Z","5024735570"
"2019-06-10T12:00:00.000Z","5449266883"
"2019-06-11T00:00:00.000Z","5212469783"
"2019-06-11T12:00:00.000Z","5441787587"
"2019-06-12T00:00:00.000Z","5710721315"
"2019-06-12T12:00:00.000Z","5855623530"
"2019-06-13T00:00:00.000Z","5422889173"
"2019-06-13T12:00:00.000Z","4947794845"
"2019-06-14T00:00:00.000Z","4792675455"
"2019-06-14T12:00:00.000Z","4352005824"
"2019-06-15T00:00:00.000Z","4500786907"
"2019-06-15T12:00:00.000Z","4329002012"
"2019-06-16T00:00:00.000Z","4303597425"
"2019-06-16T12:00:00.000Z","4374141138"
"2019-06-17T00:00:00.000Z","4074088927"
"2019-06-17T12:00:00.000Z","3230230842"
"2019-06-18T00:00:00.000Z","3236202521"
"2019-06-18T12:00:00.000Z","3720828768"
"2019-06-19T00:00:00.000Z","4002359668"
"2019-06-19T12:00:00.000Z","4383960510"
"2019-06-20T00:00:00.000Z","4093413187"
"2019-06-20T12:00:00.000Z","3880682308"
"2019-06-21T00:00:00.000Z","4290804881"
"2019-06-21T12:00:00.000Z","4378260962"
"2019-06-22T00:00:00.000Z","4773704148"
"2019-06-22T12:00:00.000Z","5488615001"
"2019-06-23T00:00:00.000Z","4798657998"
"2019-06-23T12:00:00.000Z","3998980168"
"2019-06-24T00:00:00.000Z","3945103512"
"2019-06-24T12:00:00.000Z","3907725104"
"2019-06-25T00:00:00.000Z","4029921602"
"2019-06-25T12:00:00.000Z","4411092399"
"2019-06-26T00:00:00.000Z","4856570239"
"2019-06-26T12:00:00.000Z","5565887284"
"2019-06-27T00:00:00.000Z","5753487875"
"2019-06-27T12:00:00.000Z","5588611122"
"2019-06-28T00:00:00.000Z","5195941182"
"2019-06-28T12:00:00.000Z","4683311766"
"2019-06-29T00:00:00.000Z","4763001488"
"2019-06-29T12:00:00.000Z","5751016462"
"2019-06-30T00:00:00.000Z","5899634270"
"2019-06-30T12:00:00.000Z","5525273220"
"2019-07-01T00:00:00.000Z","5223017915"
"2019-07-01T12:00:00.000Z","5034162435"
"2019-07-02T00:00:00.000Z","5098161354"
"2019-07-02T12:00:00.000Z","4761878443"
"2019-07-03T00:00:00.000Z","4456084912"
"2019-07-03T12:00:00.000Z","4529682890"
"2019-07-04T00:00:00.000Z","4686634498"
"2019-07-04T12:00:00.000Z","4564200301"
"2019-07-05T00:00:00.000Z","4351153304"
"2019-07-05T12:00:00.000Z","4110868216"
"2019-07-06T00:00:00.000Z","3951996180"
"2019-07-06T12:00:00.000Z","3484378308"
"2019-07-07T00:00:00.000Z","3368807443"
"2019-07-07T12:00:00.000Z","3348662401"
"2019-07-08T00:00:00.000Z","3478818617"
"2019-07-08T12:00:00.000Z","3803750017"
"2019-07-09T00:00:00.000Z","3967610841"
"2019-07-09T12:00:00.000Z","3788885537"
"2019-07-10T00:00:00.000Z","3750345049"
"2019-07-10T12:00:00.000Z","4703811473"
"2019-07-11T00:00:00.000Z","5319144388"
"2019-07-11T12:00:00.000Z","4633853162"
"2019-07-12T00:00:00.000Z","4061313617"
"2019-07-12T12:00:00.000Z","3611846208"
"2019-07-13T00:00:00.000Z","3357079633"
"2019-07-13T12:00:00.000Z","3353538170"
"2019-07-14T00:00:00.000Z","3354651358"
"2019-07-14T12:00:00.000Z","3717531245"
"2019-07-15T00:00:00.000Z","3955970299"
"2019-07-15T12:00:00.000Z","3570361792"
"2019-07-16T00:00:00.000Z","3217555326"
"2019-07-16T12:00:00.000Z","3703346636"
"2019-07-17T00:00:00.000Z","3864106829"
"2019-07-17T12:00:00.000Z","4616360556"
"2019-07-18T00:00:00.000Z","4947992261"
"2019-07-18T12:00:00.000Z","4891450507"
"2019-07-19T00:00:00.000Z","4634386896"
"2019-07-19T12:00:00.000Z","3983990085"
"2019-07-20T00:00:00.000Z","3507157449"
"2019-07-20T12:00:00.000Z","3771308934"
"2019-07-21T00:00:00.000Z","3500815103"
"2019-07-21T12:00:00.000Z","2829054214"
"2019-07-22T00:00:00.000Z","2384482150"
"2019-07-22T12:00:00.000Z","2693989249"
"2019-07-23T00:00:00.000Z","2699695270"
"2019-07-23T12:00:00.000Z","2700924025"
"2019-07-24T00:00:00.000Z","2797955499"
"2019-07-24T12:00:00.000Z","3247150969"
"2019-07-25T00:00:00.000Z","3198836932"
"2019-07-25T12:00:00.000Z","2689861082"
"2019-07-26T00:00:00.000Z","2519036507"
"2019-07-26T12:00:00.000Z","2260844510"
"2019-07-27T00:00:00.000Z","2369066184"
"2019-07-27T12:00:00.000Z","2626517608"
"2019-07-28T00:00:00.000Z","2366364779"
"2019-07-28T12:00:00.000Z","2459085532"
"2019-07-29T00:00:00.000Z","2584202180"
"2019-07-29T12:00:00.000Z","2459728098"
"2019-07-30T00:00:00.000Z","2446346916"
"2019-07-30T12:00:00.000Z","2302521844"
"2019-07-31T00:00:00.000Z","2342939441"
"2019-07-31T12:00:00.000Z","3051471469"
"2019-08-01T00:00:00.000Z","3163205183"
"2019-08-01T12:00:00.000Z","2953184688"
"2019-08-02T00:00:00.000Z","3035639196"
"2019-08-02T12:00:00.000Z","2885143536"
"2019-08-03T00:00:00.000Z","2795144228"
"2019-08-03T12:00:00.000Z","2512959054"
"2019-08-04T00:00:00.000Z","2215176726"
"2019-08-04T12:00:00.000Z","2427608116"
"2019-08-05T00:00:00.000Z","3567462825"
"2019-08-05T12:00:00.000Z","4138221312"
"2019-08-06T00:00:00.000Z","3743570708"
"2019-08-06T12:00:00.000Z","3245339848"
"2019-08-07T00:00:00.000Z","2922272362"
"2019-08-07T12:00:00.000Z","3105989435"
"2019-08-08T00:00:00.000Z","3164985852"
"2019-08-08T12:00:00.000Z","3034717882"
"2019-08-09T00:00:00.000Z","3021131564"
"2019-08-09T12:00:00.000Z","3002531054"
"2019-08-10T00:00:00.000Z","3051980441"
"2019-08-10T12:00:00.000Z","3088060147"
"2019-08-11T00:00:00.000Z","3022326459"
"2019-08-11T12:00:00.000Z","3025787942"
"2019-08-12T00:00:00.000Z","2849867070"
"2019-08-12T12:00:00.000Z","2716187718"
"2019-08-13T00:00:00.000Z","2619606200"
"2019-08-13T12:00:00.000Z","2683226726"
"2019-08-14T00:00:00.000Z","2829301839"
"2019-08-14T12:00:00.000Z","3093090405"
"2019-08-15T00:00:00.000Z","3832454330"
"2019-08-15T12:00:00.000Z","3654075558"
"2019-08-16T00:00:00.000Z","3194176769"
"2019-08-16T12:00:00.000Z","3016089035"
"2019-08-17T00:00:00.000Z","2578996376"
"2019-08-17T12:00:00.000Z","2482385549"
"2019-08-18T00:00:00.000Z","2704977258"
"2019-08-18T12:00:00.000Z","2743241606"
"2019-08-19T00:00:00.000Z","2629895016"
"2019-08-19T12:00:00.000Z","2346796021"
"2019-08-20T00:00:00.000Z","2295361140"
"2019-08-20T12:00:00.000Z","2430165429"
"2019-08-21T00:00:00.000Z","2700807247"
"2019-08-21T12:00:00.000Z","2878567011"
"2019-08-22T00:00:00.000Z","2902855566"
"2019-08-22T12:00:00.000Z","2908864702"
"2019-08-23T00:00:00.000Z","2770698713"
"2019-08-23T12:00:00.000Z","2496513401"
"2019-08-24T00:00:00.000Z","2360910632"
"2019-08-24T12:00:00.000Z","2191973574"
"2019-08-25T00:00:00.000Z","2037859451"
"2019-08-25T12:00:00.000Z","2227400266"
"2019-08-26T00:00:00.000Z","2991514405"
"2019-08-26T12:00:00.000Z","3046136697"
"2019-08-27T00:00:00.000Z","2610965021"
"2019-08-27T12:00:00.000Z","2489689273"
"2019-08-28T00:00:00.000Z","2437506831"
"2019-08-28T12:00:00.000Z","2883041615"
"2019-08-29T00:00:00.000Z","3213215490"
"2019-08-29T12:00:00.000Z","3092332444"
"2019-08-30T00:00:00.000Z","2900877541"
"2019-08-30T12:00:00.000Z","2377466438"
"2019-08-31T00:00:00.000Z","2106171662"
"2019-08-31T12:00:00.000Z","2283340831"
"2019-09-01T00:00:00.000Z","2305700003"
"2019-09-01T12:00:00.000Z","2228146663"
"2019-09-02T00:00:00.000Z","2088050591"
"2019-09-02T12:00:00.000Z","2400017919"
"2019-09-03T00:00:00.000Z","2693851090"
"2019-09-03T12:00:00.000Z","2820206250"
"2019-09-04T00:00:00.000Z","2815170515"
"2019-09-04T12:00:00.000Z","2696779273"
"2019-09-05T00:00:00.000Z","2558015485"
"2019-09-05T12:00:00.000Z","2379080139"
"2019-09-06T00:00:00.000Z","2379446329"
"2019-09-06T12:00:00.000Z","2596768727"
"2019-09-07T00:00:00.000Z","2537549056"
"2019-09-07T12:00:00.000Z","2763572249"
"2019-09-08T00:00:00.000Z","3137324116"
"2019-09-08T12:00:00.000Z","2776939870"
"2019-09-09T00:00:00.000Z","2602009583"
"2019-09-09T12:00:00.000Z","2654086134"
"2019-09-10T00:00:00.000Z","2856340259"
"2019-09-10T12:00:00.000Z","2893715133"
"2019-09-11T00:00:00.000Z","2668837448"
"2019-09-11T12:00:00.000Z","2569282757"
"2019-09-12T00:00:00.000Z","2434990820"
"2019-09-12T12:00:00.000Z","2316445209"
"2019-09-13T00:00:00.000Z","2355084667"
"2019-09-13T12:00:00.000Z","2368931048"
"2019-09-14T00:00:00.000Z","2236441111"
"2019-09-14T12:00:00.000Z","2439744084"
"2019-09-15T00:00:00.000Z","2631089543"
"2019-09-15T12:00:00.000Z","2330572400"
"2019-09-16T00:00:00.000Z","2329251819"
"2019-09-16T12:00:00.000Z","2652253521"
"2019-09-17T00:00:00.000Z","2707251458"
"2019-09-17T12:00:00.000Z","3104946340"
"2019-09-18T00:00:00.000Z","3352341562"
"2019-09-18T12:00:00.000Z","3665577128"
"2019-09-19T00:00:00.000Z","3890288969"
"2019-09-19T12:00:00.000Z","3778427056"
"2019-09-20T00:00:00.000Z","3244511520"
"2019-09-20T12:00:00.000Z","3148504140"
"2019-09-21T00:00:00.000Z","2941694963"
"2019-09-21T12:00:00.000Z","2572614027"
"2019-09-22T00:00:00.000Z","2534248645"
"2019-09-22T12:00:00.000Z","2495283753"
"2019-09-23T00:00:00.000Z","2600596446"
"2019-09-23T12:00:00.000Z","3215899051"
"2019-09-24T00:00:00.000Z","3418297724"
"2019-09-24T12:00:00.000Z","3919809840"
"2019-09-25T00:00:00.000Z","4223819380"
"2019-09-25T12:00:00.000Z","3360298410"
"2019-09-26T00:00:00.000Z","2566748180"
"2019-09-26T12:00:00.000Z","2663433163"
"2019-09-27T00:00:00.000Z","2828981548"
"2019-09-27T12:00:00.000Z","2324084588"
"2019-09-28T00:00:00.000Z","2046563447"
"2019-09-28T12:00:00.000Z","1975938675"
"2019-09-29T00:00:00.000Z","1894117575"
"2019-09-29T12:00:00.000Z","1825383530"
"2019-09-30T00:00:00.000Z","2202044779"
"2019-09-30T12:00:00.000Z","2241248500"
"2019-10-01T00:00:00.000Z","2233354849"
"2019-10-01T12:00:00.000Z","2325767309"
"2019-10-02T00:00:00.000Z","2259491829"
"2019-10-02T12:00:00.000Z","2113331223"
"2019-10-03T00:00:00.000Z","1946623888"
"2019-10-03T12:00:00.000Z","2220331075"
"2019-10-04T00:00:00.000Z","2476747925"
"2019-10-04T12:00:00.000Z","2292624174"
"2019-10-05T00:00:00.000Z","2105068194"
"2019-10-05T12:00:00.000Z","2063875680"
"2019-10-06T00:00:00.000Z","2185883147"
"2019-10-06T12:00:00.000Z","2381501439"
"2019-10-07T00:00:00.000Z","2632772800"
"2019-10-07T12:00:00.000Z","2891486028"
"2019-10-08T00:00:00.000Z","2771320067"
"2019-10-08T12:00:00.000Z","2417116505"
"2019-10-09T00:00:00.000Z","2341106163"
"2019-10-09T12:00:00.000Z","2790624238"
"2019-10-10T00:00:00.000Z","2784032607"
"2019-10-10T12:00:00.000Z","2440262584"
"2019-10-11T00:00:00.000Z","2527665789"
"2019-10-11T12:00:00.000Z","2441054545"
"2019-10-12T00:00:00.000Z","2158284226"
"2019-10-12T12:00:00.000Z","2098404879"
"2019-10-13T00:00:00.000Z","2073311305"
"2019-10-13T12:00:00.000Z","2235957909"
"2019-10-14T00:00:00.000Z","2305000130"
"2019-10-14T12:00:00.000Z","2243495396"
"2019-10-15T00:00:00.000Z","2478234479"
"2019-10-15T12:00:00.000Z","2602960066"
"2019-10-16T00:00:00.000Z","2553268993"
"2019-10-16T12:00:00.000Z","2978803243"
"2019-10-17T00:00:00.000Z","3145631330"
"2019-10-17T12:00:00.000Z","2925315824"
"2019-10-18T00:00:00.000Z","2838162801"
"2019-10-18T12:00:00.000Z","2683486531"
"2019-10-19T00:00:00.000Z","2409436542"
"2019-10-19T12:00:00.000Z","2453091267"
"2019-10-20T00:00:00.000Z","2466931609"
"2019-10-20T12:00:00.000Z","2612273452"
"2019-10-21T00:00:00.000Z","2725026043"
"2019-10-21T12:00:00.000Z","2727253951"
"2019-10-22T00:00:00.000Z","2658119964"
"2019-10-22T12:00:00.000Z","2490194231"
"2019-10-23T00:00:00.000Z","2515075818"
"2019-10-23T12:00:00.000Z","3077488277"
"2019-10-24T00:00:00.000Z","3255550643"
"2019-10-24T12:00:00.000Z","2650862714"
"2019-10-25T00:00:00.000Z","2539257043"
"2019-10-25T12:00:00.000Z","3772288612"
"2019-10-26T00:00:00.000Z","5214534415"
"2019-10-26T12:00:00.000Z","5234627156"
"2019-10-27T00:00:00.000Z","4260775426"
"2019-10-27T12:00:00.000Z","4218140032"
"2019-10-28T00:00:00.000Z","4380149022"
"2019-10-28T12:00:00.000Z","3793848575"
"2019-10-29T00:00:00.000Z","3670572137"
"2019-10-29T12:00:00.000Z","3582210705"
"2019-10-30T00:00:00.000Z","3499898959"
"2019-10-30T12:00:00.000Z","3387114094"
"2019-10-31T00:00:00.000Z","3117445912"
"2019-10-31T12:00:00.000Z","3165801277"
"2019-11-01T00:00:00.000Z","3248640454"
"2019-11-01T12:00:00.000Z","3425862599"
"2019-11-02T00:00:00.000Z","3470327939"
"2019-11-02T12:00:00.000Z","3354741993"
"2019-11-03T00:00:00.000Z","3341361085"
"2019-11-03T12:00:00.000Z","3259935586"
"2019-11-04T00:00:00.000Z","3470555418"
"2019-11-04T12:00:00.000Z","4164854558"
"2019-11-05T00:00:00.000Z","4896653123"
"2019-11-05T12:00:00.000Z","4725921529"
"2019-11-06T00:00:00.000Z","4143821231"
"2019-11-06T12:00:00.000Z","3755244862"
"2019-11-07T00:00:00.000Z","3611673734"
"2019-11-07T12:00:00.000Z","3557191962"
"2019-11-08T00:00:00.000Z","3259779124"
"2019-11-08T12:00:00.000Z","3414910991"
"2019-11-09T00:00:00.000Z","3120978987"
"2019-11-09T12:00:00.000Z","2847791347"
"2019-11-10T00:00:00.000Z","3045698662"
"2019-11-10T12:00:00.000Z","3611586094"
"2019-11-11T00:00:00.000Z","3559810907"
"2019-11-11T12:00:00.000Z","3033016471"
"2019-11-12T00:00:00.000Z","2928575819"
"2019-11-12T12:00:00.000Z","3333604208"
"2019-11-13T00:00:00.000Z","3367380813"
"2019-11-13T12:00:00.000Z","3094058388"
"2019-11-14T00:00:00.000Z","3171816576"
"2019-11-14T12:00:00.000Z","3040274518"
"2019-11-15T00:00:00.000Z","2972951805"
"2019-11-15T12:00:00.000Z","3195878561"
"2019-11-16T00:00:00.000Z","3112334616"
"2019-11-16T12:00:00.000Z","2844156496"
"2019-11-17T00:00:00.000Z","3086591732"
"2019-11-17T12:00:00.000Z","3215100477"
"2019-11-18T00:00:00.000Z","2968633613"
"2019-11-18T12:00:00.000Z","3131873188"
"2019-11-19T00:00:00.000Z","3161416085"
"2019-11-19T12:00:00.000Z","3031216634"
"2019-11-20T00:00:00.000Z","3026669275"
"2019-11-20T12:00:00.000Z","2858714058"
"2019-11-21T00:00:00.000Z","2907642507"
"2019-11-21T12:00:00.000Z","3158748317"
"2019-11-22T00:00:00.000Z","3355618875"
"2019-11-22T12:00:00.000Z","3734545939"
"2019-11-23T00:00:00.000Z","3263602491"
"2019-11-23T12:00:00.000Z","2746902869"
"2019-11-24T00:00:00.000Z","2564064630"
"2019-11-24T12:00:00.000Z","2709705879"
"2019-11-25T00:00:00.000Z","3369419258"
"2019-11-25T12:00:00.000Z","3408224795"
"2019-11-26T00:00:00.000Z","2955326126"
"2019-11-26T12:00:00.000Z","2659405400"
"2019-11-27T00:00:00.000Z","2548391704"
"2019-11-27T12:00:00.000Z","2979663352"
"2019-11-28T00:00:00.000Z","2919514844"
"2019-11-28T12:00:00.000Z","2662459126"
"2019-11-29T00:00:00.000Z","2776449564"
"2019-11-29T12:00:00.000Z","2944492392"
"2019-11-30T00:00:00.000Z","2864242775"
"2019-11-30T12:00:00.000Z","2678481167"
"2019-12-01T00:00:00.000Z","2698930694"
"2019-12-01T12:00:00.000Z","2781413686"
"2019-12-02T00:00:00.000Z","2755463165"
"2019-12-02T12:00:00.000Z","2680452034"
"2019-12-03T00:00:00.000Z","2499575663"
"2019-12-03T12:00:00.000Z","2557212173"
"2019-12-04T00:00:00.000Z","2679866430"
"2019-12-04T12:00:00.000Z","2951880019"
"2019-12-05T00:00:00.000Z","3078708863"
"2019-12-05T12:00:00.000Z","2818768679"
"2019-12-06T00:00:00.000Z","2599556830"
"2019-12-06T12:00:00.000Z","2585078804"
"2019-12-07T00:00:00.000Z","2551627987"
"2019-12-07T12:00:00.000Z","2380335462"
"2019-12-08T00:00:00.000Z","2289913858"
"2019-12-08T12:00:00.000Z","2264074779"
"2019-12-09T00:00:00.000Z","2330903820"
"2019-12-09T12:00:00.000Z","2473452707"
"2019-12-10T00:00:00.000Z","2475144982"
"2019-12-10T12:00:00.000Z","2349745527"
"2019-12-11T00:00:00.000Z","2423530977"
"2019-12-11T12:00:00.000Z","2501938241"
"2019-12-12T00:00:00.000Z","2675194419"
"2019-12-12T12:00:00.000Z","2740797932"
"2019-12-13T00:00:00.000Z","2718449580"
"2019-12-13T12:00:00.000Z","2770868164"
"2019-12-14T00:00:00.000Z","2725061148"
"2019-12-14T12:00:00.000Z","2719197974"
"2019-12-15T00:00:00.000Z","2739895425"
"2019-12-15T12:00:00.000Z","2668105124"
"2019-12-16T00:00:00.000Z","2736553656"
"2019-12-16T12:00:00.000Z","3045924497"
"2019-12-17T00:00:00.000Z","3098989388"
"2019-12-17T12:00:00.000Z","3273581515"
"2019-12-18T00:00:00.000Z","3514197516"
"2019-12-18T12:00:00.000Z","3847975739"
"2019-12-19T00:00:00.000Z","3744616061"
"2019-12-19T12:00:00.000Z","3173676635"
"2019-12-20T00:00:00.000Z","2907652025"
"2019-12-20T12:00:00.000Z","2780176650"
"2019-12-21T00:00:00.000Z","2757926645"
"2019-12-21T12:00:00.000Z","2656348734"
"2019-12-22T00:00:00.000Z","2881183891"
"2019-12-22T12:00:00.000Z","3137487266"
"2019-12-23T00:00:00.000Z","3267204410"
"2019-12-23T12:00:00.000Z","3165989074"
"2019-12-24T00:00:00.000Z","3020267111"
"2019-12-24T12:00:00.000Z","2864002052"
"2019-12-25T00:00:00.000Z","2867279304"
"2019-12-25T12:00:00.000Z","2747976211"
"2019-12-26T00:00:00.000Z","2728843870"
"2019-12-26T12:00:00.000Z","2848327717"
"2019-12-27T00:00:00.000Z","2968107447"
"2019-12-27T12:00:00.000Z","2959217812"
"2019-12-28T00:00:00.000Z","3144937414"
"2019-12-28T12:00:00.000Z","3260638656"
"2019-12-29T00:00:00.000Z","3472995312"
"2019-12-29T12:00:00.000Z","3579803605"
"2019-12-30T00:00:00.000Z","3460971883"
"2019-12-30T12:00:00.000Z","3334110021"
"2019-12-31T00:00:00.000Z","3094052643"
"2019-12-31T12:00:00.000Z","3016704453"
"2020-01-01T00:00:00.000Z","3001870725"
"2020-01-01T12:00:00.000Z","2785417309"
"2020-01-02T00:00:00.000Z","2760620679"
"2020-01-02T12:00:00.000Z","2759827139"
"2020-01-03T00:00:00.000Z","3202839531"
"2020-01-03T12:00:00.000Z","3257109999"
"2020-01-04T00:00:00.000Z","3179098201"
"2020-01-04T12:00:00.000Z","2840044715"
"2020-01-05T00:00:00.000Z","2868808062"
"2020-01-05T12:00:00.000Z","3011233526"
"2020-01-06T00:00:00.000Z","3238404849"
"2020-01-06T12:00:00.000Z","3346910860"
"2020-01-07T00:00:00.000Z","3390075125"
"2020-01-07T12:00:00.000Z","3612634174"
"2020-01-08T00:00:00.000Z","3698683521"
"2020-01-08T12:00:00.000Z","3633957130"
"2020-01-09T00:00:00.000Z","3345594103"
"2020-01-09T12:00:00.000Z","2986327757"
"2020-01-10T00:00:00.000Z","3047177030"
"2020-01-10T12:00:00.000Z","3808140302"
"2020-01-11T00:00:00.000Z","4033600574"
"2020-01-11T12:00:00.000Z","3915781115"
"2020-01-12T00:00:00.000Z","4158138516"
"2020-01-12T12:00:00.000Z","3859863864"
"2020-01-13T00:00:00.000Z","3489641428"
"2020-01-13T12:00:00.000Z","3336204744"
"2020-01-14T00:00:00.000Z","4069614076"
"2020-01-14T12:00:00.000Z","5724216799"
"2020-01-15T00:00:00.000Z","6281122119"
"2020-01-15T12:00:00.000Z","5070738793"
"2020-01-16T00:00:00.000Z","4426090052"
"2020-01-16T12:00:00.000Z","4347723835"
"2020-01-17T00:00:00.000Z","4668025757"
"2020-01-17T12:00:00.000Z","5067456613"
"2020-01-18T00:00:00.000Z","4662921721"
"2020-01-18T12:00:00.000Z","4428093217"
"2020-01-19T00:00:00.000Z","4372211256"
"2020-01-19T12:00:00.000Z","4197776579"
"2020-01-20T00:00:00.000Z","3497686295"
"2020-01-20T12:00:00.000Z","3306438947"
"2020-01-21T00:00:00.000Z","3886451370"
"2020-01-21T12:00:00.000Z","3130115744"
"2020-01-22T00:00:00.000Z","3311899049"
"2020-01-22T12:00:00.000Z","3076205980"
"2020-01-23T00:00:00.000Z","2930165177"
"2020-01-23T12:00:00.000Z","3348002983"
"2020-01-24T00:00:00.000Z","3636294931"
"2020-01-24T12:00:00.000Z","3532776556"
"2020-01-25T00:00:00.000Z","3187004942"
"2020-01-25T12:00:00.000Z","2938756558"
"2020-01-26T00:00:00.000Z","2956154831"
"2020-01-26T12:00:00.000Z","3283750798"
"2020-01-27T00:00:00.000Z","3528289819"
"2020-01-27T12:00:00.000Z","3832184228"
"2020-01-28T00:00:00.000Z","4066080168"
"2020-01-28T12:00:00.000Z","4223084845"
"2020-01-29T00:00:00.000Z","4342751811"
"2020-01-29T12:00:00.000Z","3891227788"
"2020-01-30T00:00:00.000Z","3832107485"
"2020-01-30T12:00:00.000Z","6042169957"
"2020-01-31T00:00:00.000Z","6750277416"
"2020-01-31T12:00:00.000Z","5718104791"
"2020-02-01T00:00:00.000Z","6008970573"
"2020-02-01T12:00:00.000Z","6009767449"
"2020-02-02T00:00:00.000Z","5821509967"
"2020-02-02T12:00:00.000Z","5482993030"
"2020-02-03T00:00:00.000Z","5175293007"
"2020-02-03T12:00:00.000Z","4962547161"
"2020-02-04T00:00:00.000Z","4611570016"
"2020-02-04T12:00:00.000Z","4445519538"
"2020-02-05T00:00:00.000Z","4571074801"
"2020-02-05T12:00:00.000Z","5174155652"
"2020-02-06T00:00:00.000Z","5567097531"
"2020-02-06T12:00:00.000Z","5463272394"
"2020-02-07T00:00:00.000Z","5466448934"
"2020-02-07T12:00:00.000Z","5051951258"
"2020-02-08T00:00:00.000Z","5169442907"
"2020-02-08T12:00:00.000Z","5496860399"
"2020-02-09T00:00:00.000Z","5137359233"
"2020-02-09T12:00:00.000Z","5145711108"
"2020-02-10T00:00:00.000Z","5454002584"
"2020-02-10T12:00:00.000Z","5374543376"
"2020-02-11T00:00:00.000Z","4586203185"
"2020-02-11T12:00:00.000Z","4742120918"
"2020-02-12T00:00:00.000Z","5246621377"
"2020-02-12T12:00:00.000Z","5698394996"
"2020-02-13T00:00:00.000Z","6349487193"
"2020-02-13T12:00:00.000Z","6577270475"
"2020-02-14T00:00:00.000Z","5873212573"
"2020-02-14T12:00:00.000Z","5382846670"
"2020-02-15T00:00:00.000Z","5300868076"
"2020-02-15T12:00:00.000Z","5612667760"
"2020-02-16T00:00:00.000Z","5635938255"
"2020-02-16T12:00:00.000Z","6186098306"
"2020-02-17T00:00:00.000Z","6360101840"
"2020-02-17T12:00:00.000Z","5593944695"
"2020-02-18T00:00:00.000Z","5177984420"
"2020-02-18T12:00:00.000Z","5600214717"
"2020-02-19T00:00:00.000Z","5477281210"
"2020-02-19T12:00:00.000Z","5298677185"
"2020-02-20T00:00:00.000Z","5603674407"
"2020-02-20T12:00:00.000Z","5500324693"
"2020-02-21T00:00:00.000Z","5597992382"
"2020-02-21T12:00:00.000Z","5583328181"
"2020-02-22T00:00:00.000Z","5623584279"
"2020-02-22T12:00:00.000Z","5547090434"
"2020-02-23T00:00:00.000Z","5796121751"
"2020-02-23T12:00:00.000Z","5705496961"
"2020-02-24T00:00:00.000Z","5702283512"
"2020-02-24T12:00:00.000Z","6355612214"
"2020-02-25T00:00:00.000Z","5946902038"
"2020-02-25T12:00:00.000Z","5755711246"
"2020-02-26T00:00:00.000Z","5976088991"
"2020-02-26T12:00:00.000Z","6518313483"
"2020-02-27T00:00:00.000Z","6643266727"
"2020-02-27T12:00:00.000Z","5649302854"
"2020-02-28T00:00:00.000Z","5219287799"
"2020-02-28T12:00:00.000Z","5266399749"
"2020-02-29T00:00:00.000Z","4802235166"
"2020-02-29T12:00:00.000Z","4168117352"
"2020-03-01T00:00:00.000Z","4037993626"
"2020-03-01T12:00:00.000Z","4317287191"
"2020-03-02T00:00:00.000Z","4747269575"
"2020-03-02T12:00:00.000Z","5309970238"
"2020-03-03T00:00:00.000Z","5545000942"
"2020-03-03T12:00:00.000Z","5412760345"
"2020-03-04T00:00:00.000Z","4988921060"
"2020-03-04T12:00:00.000Z","4429853608"
"2020-03-05T00:00:00.000Z","4646255954"
"2020-03-05T12:00:00.000Z","4712202709"
"2020-03-06T00:00:00.000Z","4804160891"
"2020-03-06T12:00:00.000Z","4766934524"
"2020-03-07T00:00:00.000Z","4524926971"
"2020-03-07T12:00:00.000Z","4258036532"
"2020-03-08T00:00:00.000Z","4155279226"
"2020-03-08T12:00:00.000Z","4523736331"
"2020-03-09T00:00:00.000Z","5316774524"
"2020-03-09T12:00:00.000Z","5097423294"
"2020-03-10T00:00:00.000Z","4364409380"
"2020-03-10T12:00:00.000Z","3945792927"
"2020-03-11T00:00:00.000Z","3895487456"
"2020-03-11T12:00:00.000Z","3807551814"
"2020-03-12T00:00:00.000Z","3979575583"
"2020-03-12T12:00:00.000Z","5444868880"
"2020-03-13T00:00:00.000Z","7229334121"
"2020-03-13T12:00:00.000Z","7552238198"
"2020-03-14T00:00:00.000Z","5205241573"
"2020-03-14T12:00:00.000Z","3270465986"
"2020-03-15T00:00:00.000Z","3123627721"
"2020-03-15T12:00:00.000Z","3434485463"
"2020-03-16T00:00:00.000Z","3679033387"
"2020-03-16T12:00:00.000Z","4079630236"
"2020-03-17T00:00:00.000Z","3738640511"
"2020-03-17T12:00:00.000Z","3289527849"
"2020-03-18T00:00:00.000Z","3190831981"
"2020-03-18T12:00:00.000Z","3170415992"
"2020-03-19T00:00:00.000Z","3196428021"
"2020-03-19T12:00:00.000Z","4157185543"
"2020-03-20T00:00:00.000Z","4965495452"
"2020-03-20T12:00:00.000Z","4537692970"
"2020-03-21T00:00:00.000Z","4103685789"
"2020-03-21T12:00:00.000Z","3438721430"
"2020-03-22T00:00:00.000Z","3180085423"
"2020-03-22T12:00:00.000Z","3148219029"
"2020-03-23T00:00:00.000Z","3342606463"
"2020-03-23T12:00:00.000Z","3598154774"
"2020-03-24T00:00:00.000Z","3746669830"
"2020-03-24T12:00:00.000Z","3331925793"
"2020-03-25T00:00:00.000Z","3151721132"
"2020-03-25T12:00:00.000Z","3133347522"
"2020-03-26T00:00:00.000Z","2836686834"
"2020-03-26T12:00:00.000Z","2827963692"
"2020-03-27T00:00:00.000Z","2949736447"
"2020-03-27T12:00:00.000Z","2962853270"
"2020-03-28T00:00:00.000Z","2975021247"
"2020-03-28T12:00:00.000Z","3119837445"
"2020-03-29T00:00:00.000Z","2830300248"
"2020-03-29T12:00:00.000Z","2683734233"
"2020-03-30T00:00:00.000Z","2988267969"
"2020-03-30T12:00:00.000Z","3318334905"
"2020-03-31T00:00:00.000Z","3527768809"
"2020-03-31T12:00:00.000Z","3359087002"
"2020-04-01T00:00:00.000Z","3093794558"
"2020-04-01T12:00:00.000Z","3303999600"
"2020-04-02T00:00:00.000Z","3640897167"
"2020-04-02T12:00:00.000Z","3985953572"
"2020-04-03T00:00:00.000Z","3924330583"
"2020-04-03T12:00:00.000Z","3482692346"
"2020-04-04T00:00:00.000Z","3299366862"
"2020-04-04T12:00:00.000Z","3229457622"
"2020-04-05T00:00:00.000Z","3125453958"
"2020-04-05T12:00:00.000Z","3084146015"
"2020-04-06T00:00:00.000Z","3630324677"
"2020-04-06T12:00:00.000Z","4287968687"
"2020-04-07T00:00:00.000Z","4443909144"
"2020-04-07T12:00:00.000Z","4391267713"
"2020-04-08T00:00:00.000Z","4447316360"
"2020-04-08T12:00:00.000Z","3831132142"
"2020-04-09T00:00:00.000Z","3487746768"
"2020-04-09T12:00:00.000Z","3631187987"
"2020-04-10T00:00:00.000Z","3929873788"
"2020-04-10T12:00:00.000Z","4008964133"
"2020-04-11T00:00:00.000Z","3598941388"
"2020-04-11T12:00:00.000Z","3374908252"
"2020-04-12T00:00:00.000Z","3307336996"
"2020-04-12T12:00:00.000Z","3639638078"
"2020-04-13T00:00:00.000Z","4119597958"
"2020-04-13T12:00:00.000Z","3998289644"
"2020-04-14T00:00:00.000Z","3655957771"
"2020-04-14T12:00:00.000Z","3716121881"
"2020-04-15T00:00:00.000Z","3735619455"
"2020-04-15T12:00:00.000Z","3696959521"
"2020-04-16T00:00:00.000Z","4794133947"
"2020-04-16T12:00:00.000Z","4984182877"
"2020-04-17T00:00:00.000Z","4231363346"
"2020-04-17T12:00:00.000Z","4096625538"
"2020-04-18T00:00:00.000Z","3975171634"
"2020-04-18T12:00:00.000Z","4508378329"
"2020-04-19T00:00:00.000Z","4623246443"
"2020-04-19T12:00:00.000Z","4563334114"
"2020-04-20T00:00:00.000Z","4743605158"
"2020-04-20T12:00:00.000Z","4293209435"
"2020-04-21T00:00:00.000Z","4427306378"
"2020-04-21T12:00:00.000Z","3954491838"
"2020-04-22T00:00:00.000Z","3736511956"
"2020-04-22T12:00:00.000Z","4029531589"
"2020-04-23T00:00:00.000Z","4258441175"
"2020-04-23T12:00:00.000Z","4757478698"
"2020-04-24T00:00:00.000Z","4611729693"
"2020-04-24T12:00:00.000Z","4788265185"
"2020-04-25T00:00:00.000Z","4793908192"
"2020-04-25T12:00:00.000Z","4769855704"
"2020-04-26T00:00:00.000Z","4625194084"
"2020-04-26T12:00:00.000Z","4687873111"
"2020-04-27T00:00:00.000Z","4680524184"
"2020-04-27T12:00:00.000Z","4473729902"
"2020-04-28T00:00:00.000Z","4306322843"
"2020-04-28T12:00:00.000Z","4413476561"
"2020-04-29T00:00:00.000Z","4772740184"
"2020-04-29T12:00:00.000Z","5673988960"
"2020-04-30T00:00:00.000Z","6340619396"
"2020-04-30T12:00:00.000Z","5724477325"
"2020-05-01T00:00:00.000Z","4837826488"
"2020-05-01T12:00:00.000Z","4581731065"
"2020-05-02T00:00:00.000Z","4071547712"
"2020-05-02T12:00:00.000Z","4453777871"
"2020-05-03T00:00:00.000Z","4755767939"
"2020-05-03T12:00:00.000Z","4667453994"
"2020-05-04T00:00:00.000Z","4719182467"
"2020-05-04T12:00:00.000Z","4488284400"
"2020-05-05T00:00:00.000Z","4357569059"
"2020-05-05T12:00:00.000Z","4187625277"
"2020-05-06T00:00:00.000Z","4319191507"
"2020-05-06T12:00:00.000Z","4575858023"
"2020-05-07T00:00:00.000Z","4488725379"
"2020-05-07T12:00:00.000Z","5080727910"
"2020-05-08T00:00:00.000Z","5098183546"
"2020-05-08T12:00:00.000Z","4780707207"
"2020-05-09T00:00:00.000Z","4893869354"
"2020-05-09T12:00:00.000Z","4741516484"
"2020-05-10T00:00:00.000Z","5378224903"
"2020-05-10T12:00:00.000Z","5783062532"
"2020-05-11T00:00:00.000Z","4850221454"
"2020-05-11T12:00:00.000Z","5121746343"
"2020-05-12T00:00:00.000Z","5330766454"
"2020-05-12T12:00:00.000Z","4734936547"
"2020-05-13T00:00:00.000Z","4608235603"
"2020-05-13T12:00:00.000Z","4565388581"
"2020-05-14T00:00:00.000Z","5148637993"
"2020-05-14T12:00:00.000Z","5023559798"
"2020-05-15T00:00:00.000Z","4615748338"
"2020-05-15T12:00:00.000Z","4340414828"
"2020-05-16T00:00:00.000Z","4172787344"
"2020-05-16T12:00:00.000Z","3879155974"
"2020-05-17T00:00:00.000Z","3783610091"
"2020-05-17T12:00:00.000Z","3901110454"
"2020-05-18T00:00:00.000Z","4595907477"
"2020-05-18T12:00:00.000Z","4473025831"
"2020-05-19T00:00:00.000Z","3718211565"
"2020-05-19T12:00:00.000Z","3612370257"
"2020-05-20T00:00:00.000Z","3322462298"
"2020-05-20T12:00:00.000Z","3448255432"
"2020-05-21T00:00:00.000Z","3252224252"
"2020-05-21T12:00:00.000Z","3143718509"
"2020-05-22T00:00:00.000Z","3112286474"
"2020-05-22T12:00:00.000Z","2908274408"
"2020-05-23T00:00:00.000Z","2801425115"
"2020-05-23T12:00:00.000Z","2576920703"
"2020-05-24T00:00:00.000Z","2512183646"
"2020-05-24T12:00:00.000Z","2656112321"
"2020-05-25T00:00:00.000Z","2778381144"
"2020-05-25T12:00:00.000Z","2701310002"
"2020-05-26T00:00:00.000Z","2646524657"
"2020-05-26T12:00:00.000Z","2475471673"
"2020-05-27T00:00:00.000Z","2629375660"
"2020-05-27T12:00:00.000Z","2757608482"
"2020-05-28T00:00:00.000Z","2645482493"
"2020-05-28T12:00:00.000Z","2743046058"
"2020-05-29T00:00:00.000Z","2864963070"
"2020-05-29T12:00:00.000Z","2632197768"
"2020-05-30T00:00:00.000Z","2644012244"
"2020-05-30T12:00:00.000Z","2852777896"
"2020-05-31T00:00:00.000Z","2772758123"
"2020-05-31T12:00:00.000Z","2637731569"
"2020-06-01T00:00:00.000Z","2709986243"
"2020-06-01T12:00:00.000Z","3035652544"
"2020-06-02T00:00:00.000Z","3242268883"
"2020-06-02T12:00:00.000Z","3060955005"
"2020-06-03T00:00:00.000Z","2774212781"
"2020-06-03T12:00:00.000Z","2691495449"
"2020-06-04T00:00:00.000Z","2742362346"
"2020-06-04T12:00:00.000Z","2697436350"
"2020-06-05T00:00:00.000Z","2645097484"
"2020-06-05T12:00:00.000Z","2551367878"
"2020-06-06T00:00:00.000Z","2346535173"
"2020-06-06T12:00:00.000Z","2160092222"
"2020-06-07T00:00:00.000Z","2140041070"
"2020-06-07T12:00:00.000Z","2385218875"
"2020-06-08T00:00:00.000Z","2647907480"
"2020-06-08T12:00:00.000Z","2359581648"
"2020-06-09T00:00:00.000Z","2033319432"
"2020-06-09T12:00:00.000Z","2141209283"
"2020-06-10T00:00:00.000Z","2109402314"
"2020-06-10T12:00:00.000Z","2146762421"
"2020-06-11T00:00:00.000Z","2180248531"
"2020-06-11T12:00:00.000Z","2554629198"
"2020-06-12T00:00:00.000Z","2686997602"
"2020-06-12T12:00:00.000Z","2260548556"
"2020-06-13T00:00:00.000Z","2015784435"
"2020-06-13T12:00:00.000Z","1739835590"
"2020-06-14T00:00:00.000Z","1667149674"
"2020-06-14T12:00:00.000Z","1782403292"
"2020-06-15T00:00:00.000Z","2021663290"
"2020-06-15T12:00:00.000Z","2090717318"
"2020-06-16T00:00:00.000Z","1932104492"
"2020-06-16T12:00:00.000Z","1841455099"
"2020-06-17T00:00:00.000Z","1840798534"
"2020-06-17T12:00:00.000Z","1996899442"
"2020-06-18T00:00:00.000Z","1972001076"
"2020-06-18T12:00:00.000Z","1576467272"
"2020-06-19T00:00:00.000Z","1690998289"
"2020-06-19T12:00:00.000Z","1712639222"
"2020-06-20T00:00:00.000Z","1539672192"
"2020-06-20T12:00:00.000Z","1500492583"
"2020-06-21T00:00:00.000Z","1348802081"
"2020-06-21T12:00:00.000Z","1362753187"
"2020-06-22T00:00:00.000Z","1441268507"
"2020-06-22T12:00:00.000Z","1659721584"
"2020-06-23T00:00:00.000Z","1565588513"
"2020-06-23T12:00:00.000Z","1365925951"
"2020-06-24T00:00:00.000Z","1429832651"
"2020-06-24T12:00:00.000Z","1493695398"
"2020-06-25T00:00:00.000Z","1464970833"
"2020-06-25T12:00:00.000Z","1310383546"
"2020-06-26T00:00:00.000Z","1444182612"
"2020-06-26T12:00:00.000Z","1714646169"
"2020-06-27T00:00:00.000Z","1508644174"
"2020-06-27T12:00:00.000Z","1453347400"
"2020-06-28T00:00:00.000Z","1514519006"
"2020-06-28T12:00:00.000Z","1337385786"
"2020-06-29T00:00:00.000Z","1371570214"
"2020-06-29T12:00:00.000Z","1668680719"
"2020-06-30T00:00:00.000Z","1643813691"
"2020-06-30T12:00:00.000Z","1390313389"
"2020-07-01T00:00:00.000Z","1331877009"
"2020-07-01T12:00:00.000Z","1220528740"
"2020-07-02T00:00:00.000Z","1119643681"
"2020-07-02T12:00:00.000Z","1338754444"
"2020-07-03T00:00:00.000Z","1360212711"
"2020-07-03T12:00:00.000Z","1122380451"
"2020-07-04T00:00:00.000Z","1129843893"
"2020-07-04T12:00:00.000Z","1173145659"
"2020-07-05T00:00:00.000Z","1187088838"
"2020-07-05T12:00:00.000Z","1170070065"
"2020-07-06T00:00:00.000Z","1376957695"
"2020-07-06T12:00:00.000Z","1743603778"
"2020-07-07T00:00:00.000Z","1679001027"
"2020-07-07T12:00:00.000Z","1360983976"
"2020-07-08T00:00:00.000Z","1766648755"
"2020-07-08T12:00:00.000Z","2161892498"
"2020-07-09T00:00:00.000Z","2115380904"
"2020-07-09T12:00:00.000Z","1985305536"
"2020-07-10T00:00:00.000Z","1912769676"
"2020-07-10T12:00:00.000Z","1840301462"
"2020-07-11T00:00:00.000Z","1865355189"
"2020-07-11T12:00:00.000Z","1764984238"
"2020-07-12T00:00:00.000Z","1489112975"
"2020-07-12T12:00:00.000Z","1598865182"
"2020-07-13T00:00:00.000Z","1603412868"
"2020-07-13T12:00:00.000Z","1724704950"
"2020-07-14T00:00:00.000Z","1949094321"
"2020-07-14T12:00:00.000Z","1882872130"
"2020-07-15T00:00:00.000Z","1966141894"
"2020-07-15T12:00:00.000Z","1809900342"
"2020-07-16T00:00:00.000Z","1768718726"
"2020-07-16T12:00:00.000Z","1543731673"
"2020-07-17T00:00:00.000Z","1397039063"
"2020-07-17T12:00:00.000Z","1336746650"
"2020-07-18T00:00:00.000Z","1155719993"
"2020-07-18T12:00:00.000Z","1141296421"
"2020-07-19T00:00:00.000Z","1120675948"
"2020-07-19T12:00:00.000Z","1140767149"
"2020-07-20T00:00:00.000Z","1197141578"
"2020-07-20T12:00:00.000Z","1152077279"
"2020-07-21T00:00:00.000Z","1229349650"
"2020-07-21T12:00:00.000Z","1384220462"
"2020-07-22T00:00:00.000Z","1321256027"
"2020-07-22T12:00:00.000Z","1383704376"
"2020-07-23T00:00:00.000Z","1648999778"
"2020-07-23T12:00:00.000Z","1775727714"
"2020-07-24T00:00:00.000Z","1776484305"
"2020-07-24T12:00:00.000Z","1620747746"
"2020-07-25T00:00:00.000Z","1974251558"
"2020-07-25T12:00:00.000Z","2433671618"
"2020-07-26T00:00:00.000Z","2692168131"
"2020-07-26T12:00:00.000Z","2587129920"
"2020-07-27T00:00:00.000Z","2405597616"
"2020-07-27T12:00:00.000Z","3397559596"
"2020-07-28T00:00:00.000Z","3462557840"
"2020-07-28T12:00:00.000Z","3293197775"
"2020-07-29T00:00:00.000Z","3167936349"
"2020-07-29T12:00:00.000Z","2572759911"
"2020-07-30T00:00:00.000Z","2533994887"
"2020-07-30T12:00:00.000Z","3015740898"
"2020-07-31T00:00:00.000Z","2660722479"
"2020-07-31T12:00:00.000Z","2461431454"
"2020-08-01T00:00:00.000Z","2978524729"
"2020-08-01T12:00:00.000Z","3124975567"
"2020-08-02T00:00:00.000Z","3711726648"
"2020-08-02T12:00:00.000Z","3499183526"
"2020-08-03T00:00:00.000Z","2338317018"
"2020-08-03T12:00:00.000Z","2250487587"
"2020-08-04T00:00:00.000Z","2460014813"
"2020-08-04T12:00:00.000Z","2088598738"
"2020-08-05T00:00:00.000Z","1912737775"
"2020-08-05T12:00:00.000Z","2144590019"
"2020-08-06T00:00:00.000Z","2082014257"
"2020-08-06T12:00:00.000Z","2240743679"
"2020-08-07T00:00:00.000Z","2668485203"
"2020-08-07T12:00:00.000Z","2756992175"
"2020-08-08T00:00:00.000Z","2366762718"
"2020-08-08T12:00:00.000Z","1726820323"
"2020-08-09T00:00:00.000Z","1632927661"
"2020-08-09T12:00:00.000Z","1601010110"
"2020-08-10T00:00:00.000Z","1924214271"
"2020-08-10T12:00:00.000Z","2247183310"
"2020-08-11T00:00:00.000Z","2590673050"
"2020-08-11T12:00:00.000Z","2754950222"
"2020-08-12T00:00:00.000Z","2660870115"
"2020-08-12T12:00:00.000Z","2450391467"
"2020-08-13T00:00:00.000Z","2429821165"
"2020-08-13T12:00:00.000Z","2843622469"
"2020-08-14T00:00:00.000Z","2717765180"
"2020-08-14T12:00:00.000Z","2476128674"
"2020-08-15T00:00:00.000Z","2720343968"
"2020-08-15T12:00:00.000Z","3063536363"
"2020-08-16T00:00:00.000Z","3418076152"
"2020-08-16T12:00:00.000Z","3595771595"
"2020-08-17T00:00:00.000Z","3606729437"
"2020-08-17T12:00:00.000Z","3997651594"
"2020-08-18T00:00:00.000Z","3764800007"
"2020-08-18T12:00:00.000Z","3627257060"
"2020-08-19T00:00:00.000Z","3664386283"
"2020-08-19T12:00:00.000Z","3345972244"
"2020-08-20T00:00:00.000Z","3155500782"
"2020-08-20T12:00:00.000Z","2797593636"
"2020-08-21T00:00:00.000Z","2752377090"
"2020-08-21T12:00:00.000Z","2909731719"
"2020-08-22T00:00:00.000Z","2783442612"
"2020-08-22T12:00:00.000Z","2317942996"
"2020-08-23T00:00:00.000Z","2078426308"
"2020-08-23T12:00:00.000Z","2315616100"
"2020-08-24T00:00:00.000Z","2546317687"
"2020-08-24T12:00:00.000Z","2490426542"
"2020-08-25T00:00:00.000Z","2377134580"
"2020-08-25T12:00:00.000Z","2625416624"
"2020-08-26T00:00:00.000Z","2458332922"
"2020-08-26T12:00:00.000Z","2067102732"
"2020-08-27T00:00:00.000Z","1985115229"
"2020-08-27T12:00:00.000Z","2212235187"
"2020-08-28T00:00:00.000Z","2395870349"
"2020-08-28T12:00:00.000Z","2206041301"
"2020-08-29T00:00:00.000Z","2187196483"
"2020-08-29T12:00:00.000Z","2006047086"
"2020-08-30T00:00:00.000Z","1984990550"
"2020-08-30T12:00:00.000Z","2759602454"
"2020-08-31T00:00:00.000Z","3031272238"
"2020-08-31T12:00:00.000Z","2561891272"
"2020-09-01T00:00:00.000Z","2645496830"
"2020-09-01T12:00:00.000Z","2717986649"
"2020-09-02T00:00:00.000Z","2913743606"
"2020-09-02T12:00:00.000Z","2790169260"
"2020-09-03T00:00:00.000Z","2333481131"
"2020-09-03T12:00:00.000Z","2765272845"
"2020-09-04T00:00:00.000Z","3283583035"
"2020-09-04T12:00:00.000Z","2851271830"
"2020-09-05T00:00:00.000Z","2440450620"
"2020-09-05T12:00:00.000Z","2831766570"
"2020-09-06T00:00:00.000Z","2800887626"
"2020-09-06T12:00:00.000Z","2075916067"
"2020-09-07T00:00:00.000Z","2082922283"
"2020-09-07T12:00:00.000Z","2235340013"
"2020-09-08T00:00:00.000Z","2389976937"
"2020-09-08T12:00:00.000Z","2314205963"
"2020-09-09T00:00:00.000Z","2041663774"
"2020-09-09T12:00:00.000Z","1828181736"
"2020-09-10T00:00:00.000Z","2122049495"
"2020-09-10T12:00:00.000Z","2001211524"
"2020-09-11T00:00:00.000Z","1926695254"
"2020-09-11T12:00:00.000Z","1835173089"
"2020-09-12T00:00:00.000Z","1801401477"
"2020-09-12T12:00:00.000Z","1588978329"
"2020-09-13T00:00:00.000Z","1646765060"
"2020-09-13T12:00:00.000Z","1785910878"
"2020-09-14T00:00:00.000Z","1875043623"
"2020-09-14T12:00:00.000Z","1786276098"
"2020-09-15T00:00:00.000Z","1807905448"
"2020-09-15T12:00:00.000Z","1663112038"
"2020-09-16T00:00:00.000Z","1691597696"
"2020-09-16T12:00:00.000Z","1677176316"
"2020-09-17T00:00:00.000Z","1781125405"
"2020-09-17T12:00:00.000Z","1701721113"
"2020-09-18T00:00:00.000Z","1556311968"
"2020-09-18T12:00:00.000Z","1135873393"
"2020-09-19T00:00:00.000Z","1099897958"
"2020-09-19T12:00:00.000Z","961716690"
"2020-09-20T00:00:00.000Z","962206350"
"2020-09-20T12:00:00.000Z","1033913350"
"2020-09-21T00:00:00.000Z","1315658676"
"2020-09-21T12:00:00.000Z","1923483523"
"2020-09-22T00:00:00.000Z","1867320282"
"2020-09-22T12:00:00.000Z","1078696494"
"2020-09-23T00:00:00.000Z","1666993253"
"2020-09-23T12:00:00.000Z","1676705751"
"2020-09-24T00:00:00.000Z","1912835194"
"2020-09-24T12:00:00.000Z","2070966440"
"2020-09-25T00:00:00.000Z","2153255726"
"2020-09-25T12:00:00.000Z","1849539132"
"2020-09-26T00:00:00.000Z","1763193267"
"2020-09-26T12:00:00.000Z","2123570272"
"2020-09-27T00:00:00.000Z","2032401577"
"2020-09-27T12:00:00.000Z","2217192656"
"2020-09-28T00:00:00.000Z","1934657999"
"2020-09-28T12:00:00.000Z","1923868466"
"2020-09-29T00:00:00.000Z","1874334108"
"2020-09-29T12:00:00.000Z","1790368155"
"2020-09-30T00:00:00.000Z","1970448748"
"2020-09-30T12:00:00.000Z","1979505099"
"2020-10-01T00:00:00.000Z","2233694196"
"2020-10-01T12:00:00.000Z","2558851054"
"2020-10-02T00:00:00.000Z","2634270692"
"2020-10-02T12:00:00.000Z","2201641713"
"2020-10-03T00:00:00.000Z","1842494998"
"2020-10-03T12:00:00.000Z","1707844978"
"2020-10-04T00:00:00.000Z","1819152280"
"2020-10-04T12:00:00.000Z","2034541387"
"2020-10-05T00:00:00.000Z","2222975748"
"2020-10-05T12:00:00.000Z","2349391995"
"2020-10-06T00:00:00.000Z","2684490305"
"2020-10-06T12:00:00.000Z","3013107749"
"2020-10-07T00:00:00.000Z","2441243463"
"2020-10-07T12:00:00.000Z","2167187221"
"2020-10-08T00:00:00.000Z","2511643987"
"2020-10-08T12:00:00.000Z","2350341454"
"2020-10-09T00:00:00.000Z","2269696248"
"2020-10-09T12:00:00.000Z","2250628685"
"2020-10-10T00:00:00.000Z","2952631463"
"2020-10-10T12:00:00.000Z","2781995604"
"2020-10-11T00:00:00.000Z","2320721582"
"2020-10-11T12:00:00.000Z","2601103257"
"2020-10-12T00:00:00.000Z","2875299879"
"2020-10-12T12:00:00.000Z","2646408249"
"2020-10-13T00:00:00.000Z","2396054148"
"2020-10-13T12:00:00.000Z","2177774803"
"2020-10-14T00:00:00.000Z","2130406332"
"2020-10-14T12:00:00.000Z","2213563866"
"2020-10-15T00:00:00.000Z","2472583890"
"2020-10-15T12:00:00.000Z","2340485565"
"2020-10-16T00:00:00.000Z","2532764601"
"2020-10-16T12:00:00.000Z","2331529601"
"2020-10-17T00:00:00.000Z","1806559018"
"2020-10-17T12:00:00.000Z","2169301016"
"2020-10-18T00:00:00.000Z","2738125990"
"2020-10-18T12:00:00.000Z","2636565895"
"2020-10-19T00:00:00.000Z","2117611494"
"2020-10-19T12:00:00.000Z","1771107656"
"2020-10-20T00:00:00.000Z","1862038827"
"2020-10-20T12:00:00.000Z","1757468523"
"2020-10-21T00:00:00.000Z","2098825953"
"2020-10-21T12:00:00.000Z","3534993796"
"2020-10-22T00:00:00.000Z","4551180365"
"2020-10-22T12:00:00.000Z","3814584794"
"2020-10-23T00:00:00.000Z","3698989580"
"2020-10-23T12:00:00.000Z","3519541892"
"2020-10-24T00:00:00.000Z","3477059997"
"2020-10-24T12:00:00.000Z","3891894018"
"2020-10-25T00:00:00.000Z","3882255117"
"2020-10-25T12:00:00.000Z","3722679374"
"2020-10-26T00:00:00.000Z","3735398484"
"2020-10-26T12:00:00.000Z","3703895507"
"2020-10-27T00:00:00.000Z","3801549929"
"2020-10-27T12:00:00.000Z","3441674938"
"2020-10-28T00:00:00.000Z","3711369385"
"2020-10-28T12:00:00.000Z","3786974221"
"2020-10-29T00:00:00.000Z","3247187558"
"2020-10-29T12:00:00.000Z","3010987382"
"2020-10-30T00:00:00.000Z","3060290031"
"2020-10-30T12:00:00.000Z","2567169931"
"2020-10-31T00:00:00.000Z","2702291454"
"2020-10-31T12:00:00.000Z","2657420659"
"2020-11-01T00:00:00.000Z","2190921497"
"2020-11-01T12:00:00.000Z","2045991010"
"2020-11-02T00:00:00.000Z","2589139621"
"2020-11-02T12:00:00.000Z","3020803804"
"2020-11-03T00:00:00.000Z","2949386945"
"2020-11-03T12:00:00.000Z","2580300879"
"2020-11-04T00:00:00.000Z","2464734564"
"2020-11-04T12:00:00.000Z","3050534139"
"2020-11-05T00:00:00.000Z","2686645305"
"2020-11-05T12:00:00.000Z","3250514599"
"2020-11-06T00:00:00.000Z","4125639150"
"2020-11-06T12:00:00.000Z","4083503373"
"2020-11-07T00:00:00.000Z","3906086413"
"2020-11-07T12:00:00.000Z","4320946722"
"2020-11-08T00:00:00.000Z","3777687436"
"2020-11-08T12:00:00.000Z","2560316021"
"2020-11-09T00:00:00.000Z","2653980644"
"2020-11-09T12:00:00.000Z","2791720300"
"2020-11-10T00:00:00.000Z","2780691757"
"2020-11-10T12:00:00.000Z","2269831643"
"2020-11-11T00:00:00.000Z","2632645124"
"2020-11-11T12:00:00.000Z","2580790979"
"2020-11-12T00:00:00.000Z","2514632430"
"2020-11-12T12:00:00.000Z","2506731801"
"2020-11-13T00:00:00.000Z","3583014531"
"2020-11-13T12:00:00.000Z","4324936978"
"2020-11-14T00:00:00.000Z","3659511368"
"2020-11-14T12:00:00.000Z","2879859655"
"2020-11-15T00:00:00.000Z","2535701709"
"2020-11-15T12:00:00.000Z","2565763410"
"2020-11-16T00:00:00.000Z","3826291027"
"2020-11-16T12:00:00.000Z","5369678270"
"2020-11-17T00:00:00.000Z","5588266011"
"2020-11-17T12:00:00.000Z","5781117491"
"2020-11-18T00:00:00.000Z","6738926737"
"2020-11-18T12:00:00.000Z","6120728271"
"2020-11-19T00:00:00.000Z","5596788092"
"2020-11-19T12:00:00.000Z","6615851204"
"2020-11-20T00:00:00.000Z","6895689907"
"2020-11-20T12:00:00.000Z","6264878329"
"2020-11-21T00:00:00.000Z","6095205017"
"2020-11-21T12:00:00.000Z","6565673514"
"2020-11-22T00:00:00.000Z","6915562311"
"2020-11-22T12:00:00.000Z","6285046852"
"2020-11-23T00:00:00.000Z","6313942067"
"2020-11-23T12:00:00.000Z","7198913664"
"2020-11-24T00:00:00.000Z","9490621977"
"2020-11-24T12:00:00.000Z","7748145325"
"2020-11-25T00:00:00.000Z","6259381639"
"2020-11-25T12:00:00.000Z","6033297331"
"2020-11-26T00:00:00.000Z","7901370971"
"2020-11-26T12:00:00.000Z","8965913476"
"2020-11-27T00:00:00.000Z","7609022282"
"2020-11-27T12:00:00.000Z","5874999214"
"2020-11-28T00:00:00.000Z","4493512378"
"2020-11-28T12:00:00.000Z","4784394518"
"2020-11-29T00:00:00.000Z","5411944023"
"2020-11-29T12:00:00.000Z","5314384738"
"2020-11-30T00:00:00.000Z","5144880908"
"2020-11-30T12:00:00.000Z","6812463307"
"2020-12-01T00:00:00.000Z","8249304715"
"2020-12-01T12:00:00.000Z","9818290618"
"2020-12-02T00:00:00.000Z","10532507045"
"2020-12-02T12:00:00.000Z","7713268210"
"2020-12-03T00:00:00.000Z","6989234133"
"2020-12-03T12:00:00.000Z","6014261404"
"2020-12-04T00:00:00.000Z","5572410543"
"2020-12-04T12:00:00.000Z","5444117736"
"2020-12-05T00:00:00.000Z","5484106706"
"2020-12-05T12:00:00.000Z","4517680975"
"2020-12-06T00:00:00.000Z","3728783237"
"2020-12-06T12:00:00.000Z","3454805957"
"2020-12-07T00:00:00.000Z","3540034176"
"2020-12-07T12:00:00.000Z","4312326196"
"2020-12-08T00:00:00.000Z","4335821856"
"2020-12-08T12:00:00.000Z","4230876095"
"2020-12-09T00:00:00.000Z","4831367079"
"2020-12-09T12:00:00.000Z","4239672634"
"2020-12-10T00:00:00.000Z","3464457016"
"2020-12-10T12:00:00.000Z","3007098971"
"2020-12-11T00:00:00.000Z","3490537566"
"2020-12-11T12:00:00.000Z","3761860017"
"2020-12-12T00:00:00.000Z","3083140092"
"2020-12-12T12:00:00.000Z","2966684035"
"2020-12-13T00:00:00.000Z","3248970781"
"2020-12-13T12:00:00.000Z","3845040543"
"2020-12-14T00:00:00.000Z","3829295587"
"2020-12-14T12:00:00.000Z","3459910049"
"2020-12-15T00:00:00.000Z","3986025680"
"2020-12-15T12:00:00.000Z","3727495996"
"2020-12-16T00:00:00.000Z","3627519890"
"2020-12-16T12:00:00.000Z","6152647270"
"2020-12-17T00:00:00.000Z","9209849406"
"2020-12-17T12:00:00.000Z","11165000706"
"2020-12-18T00:00:00.000Z","11274218746"
"2020-12-18T12:00:00.000Z","10096427749"
"2020-12-19T00:00:00.000Z","7755233625"
"2020-12-19T12:00:00.000Z","9859343632"
"2020-12-20T00:00:00.000Z","11121739129"
"2020-12-20T12:00:00.000Z","8652067110"
"2020-12-21T00:00:00.000Z","9674779458"
"2020-12-21T12:00:00.000Z","9903839433"
"2020-12-22T00:00:00.000Z","9918468144"
"2020-12-22T12:00:00.000Z","10616146346"
"2020-12-23T00:00:00.000Z","11657713721"
"2020-12-23T12:00:00.000Z","12287537836"
"2020-12-24T00:00:00.000Z","11992747204"
"2020-12-24T12:00:00.000Z","10108653753"
"2020-12-25T00:00:00.000Z","9732604361"
"2020-12-25T12:00:00.000Z","11678543063"
"2020-12-26T00:00:00.000Z","13094656526"
"2020-12-26T12:00:00.000Z","12680207148"
"2020-12-27T00:00:00.000Z","12492544933"
"2020-12-27T12:00:00.000Z","14103307412"
"2020-12-28T00:00:00.000Z","13933093467"
"2020-12-28T12:00:00.000Z","10248729547"
"2020-12-29T00:00:00.000Z","9115357180"
"2020-12-29T12:00:00.000Z","9160551332"
"2020-12-30T00:00:00.000Z","9098835330"
"2020-12-30T12:00:00.000Z","8127317345"
"2020-12-31T00:00:00.000Z","6736759538"
"2020-12-31T12:00:00.000Z","6274573135"
"2021-01-01T00:00:00.000Z","7315833408"
"2021-01-01T12:00:00.000Z","7326980728"
"2021-01-02T00:00:00.000Z","6139708720"
"2021-01-02T12:00:00.000Z","10532067985"
"2021-01-03T00:00:00.000Z","14092981482"
"2021-01-03T12:00:00.000Z","15385661271"
"2021-01-04T00:00:00.000Z","18695294874"
"2021-01-04T12:00:00.000Z","13659785704"
"2021-01-05T00:00:00.000Z","10796455970"
"2021-01-05T12:00:00.000Z","10192818976"
"2021-01-06T00:00:00.000Z","10046126181"
"2021-01-06T12:00:00.000Z","10743884477"
"2021-01-07T00:00:00.000Z","10815552131"
"2021-01-07T12:00:00.000Z","13099581396"
"2021-01-08T00:00:00.000Z","14808840936"
"2021-01-08T12:00:00.000Z","14705614969"
"2021-01-09T00:00:00.000Z","13318516969"
"2021-01-09T12:00:00.000Z","11136779198"
"2021-01-10T00:00:00.000Z","12298708895"
"2021-01-10T12:00:00.000Z","12774461582"
"2021-01-11T00:00:00.000Z","14588206169"
"2021-01-11T12:00:00.000Z","17994263494"
"2021-01-12T00:00:00.000Z","16061133773"
"2021-01-12T12:00:00.000Z","11898878222"
"2021-01-13T00:00:00.000Z","10356841793"
"2021-01-13T12:00:00.000Z","8421748673"
"2021-01-14T00:00:00.000Z","7645151917"
"2021-01-14T12:00:00.000Z","8271411810"
"2021-01-15T00:00:00.000Z","7956901028"
"2021-01-15T12:00:00.000Z","8416625031"
"2021-01-16T00:00:00.000Z","8414131845"
"2021-01-16T12:00:00.000Z","7183807955"
"2021-01-17T00:00:00.000Z","7433195919"
"2021-01-17T12:00:00.000Z","6098835633"
"2021-01-18T00:00:00.000Z","5314932450"
"2021-01-18T12:00:00.000Z","6640211538"
"2021-01-19T00:00:00.000Z","9269013259"
"2021-01-19T12:00:00.000Z","9314780275"
"2021-01-20T00:00:00.000Z","9096814851"
"2021-01-20T12:00:00.000Z","9002037330"
"2021-01-21T00:00:00.000Z","8393198328"
"2021-01-21T12:00:00.000Z","8703006148"
"2021-01-22T00:00:00.000Z","9977312498"
"2021-01-22T12:00:00.000Z","8550579025"
"2021-01-23T00:00:00.000Z","6634154338"
"2021-01-23T12:00:00.000Z","5380627901"
"2021-01-24T00:00:00.000Z","4643437718"
"2021-01-24T12:00:00.000Z","4972171240"
"2021-01-25T00:00:00.000Z","6026068711"
"2021-01-25T12:00:00.000Z","6344860290"
"2021-01-26T00:00:00.000Z","6147821030"
"2021-01-26T12:00:00.000Z","5897389103"
"2021-01-27T00:00:00.000Z","5952694030"
"2021-01-27T12:00:00.000Z","6281091792"
"2021-01-28T00:00:00.000Z","6663420830"
"2021-01-28T12:00:00.000Z","5828235786"
"2021-01-29T00:00:00.000Z","8000695148"
"2021-01-29T12:00:00.000Z","8878892082"
"2021-01-30T00:00:00.000Z","7495659772"
"2021-01-30T12:00:00.000Z","6332391807"
"2021-01-31T00:00:00.000Z","4906441812"
"2021-01-31T12:00:00.000Z","4539387378"
"2021-02-01T00:00:00.000Z","5652280299"
"2021-02-01T12:00:00.000Z","5634153659"
"2021-02-02T00:00:00.000Z","6485183251"
"2021-02-02T12:00:00.000Z","7552216052"
"2021-02-03T00:00:00.000Z","8542736610"
"2021-02-03T12:00:00.000Z","8586975076"
"2021-02-04T00:00:00.000Z","8418173934"
"2021-02-04T12:00:00.000Z","7811659280"
"2021-02-05T00:00:00.000Z","7611908707"
"2021-02-05T12:00:00.000Z","7359451680"
"2021-02-06T00:00:00.000Z","8820016832"
"2021-02-06T12:00:00.000Z","8323878876"
"2021-02-07T00:00:00.000Z","6986819103"
"2021-02-07T12:00:00.000Z","6884924122"
"2021-02-08T00:00:00.000Z","6320641894"
"2021-02-08T12:00:00.000Z","8863883926"
"2021-02-09T00:00:00.000Z","11031685566"
"2021-02-09T12:00:00.000Z","10156352233"
"2021-02-10T00:00:00.000Z","13154472297"
"2021-02-10T12:00:00.000Z","12820808289"
"2021-02-11T00:00:00.000Z","10608878537"
"2021-02-11T12:00:00.000Z","9278994121"
"2021-02-12T00:00:00.000Z","9854298359"
"2021-02-12T12:00:00.000Z","10839370443"
"2021-02-13T00:00:00.000Z","13204190018"
"2021-02-13T12:00:00.000Z","16565513036"
"2021-02-14T00:00:00.000Z","16263004509"
"2021-02-14T12:00:00.000Z","12902511399"
"2021-02-15T00:00:00.000Z","13520388654"
"2021-02-15T12:00:00.000Z","13482646966"
"2021-02-16T00:00:00.000Z","12583482120"
"2021-02-16T12:00:00.000Z","12666436004"
"2021-02-17T00:00:00.000Z","13436936560"
"2021-02-17T12:00:00.000Z","13792789978"
"2021-02-18T00:00:00.000Z","8520905025"
"2021-02-18T12:00:00.000Z","7889078633"
"2021-02-19T00:00:00.000Z","7353350960"
"2021-02-19T12:00:00.000Z","7151082978"
"2021-02-20T00:00:00.000Z","7332378702"
"2021-02-20T12:00:00.000Z","8208699025"
"2021-02-21T00:00:00.000Z","8185425121"
"2021-02-21T12:00:00.000Z","6934669818"
"2021-02-22T00:00:00.000Z","6943178361"
"2021-02-22T12:00:00.000Z","9523044215"
"2021-02-23T00:00:00.000Z","11211415609"
"2021-02-23T12:00:00.000Z","10944696472"
"2021-02-24T00:00:00.000Z","8872870990"
"2021-02-24T12:00:00.000Z","7205360252"
"2021-02-25T00:00:00.000Z","6288711565"
"2021-02-25T12:00:00.000Z","7327999233"
"2021-02-26T00:00:00.000Z","8901002054"
"2021-02-26T12:00:00.000Z","7875998386"
"2021-02-27T00:00:00.000Z","6224844219"
"2021-02-27T12:00:00.000Z","4991079437"
"2021-02-28T00:00:00.000Z","5277913017"
"2021-02-28T12:00:00.000Z","5945000101"
"2021-03-01T00:00:00.000Z","5154009298"
"2021-03-01T12:00:00.000Z","4627257694"
"2021-03-02T00:00:00.000Z","4878113246"
"2021-03-02T12:00:00.000Z","5247274825"
"2021-03-03T00:00:00.000Z","6259849395"
"2021-03-03T12:00:00.000Z","6392122021"
"2021-03-04T00:00:00.000Z","5822467802"
"2021-03-04T12:00:00.000Z","5488598135"
"2021-03-05T00:00:00.000Z","4916159783"
"2021-03-05T12:00:00.000Z","4560793618"
"2021-03-06T00:00:00.000Z","4001850594"
"2021-03-06T12:00:00.000Z","3799599706"
"2021-03-07T00:00:00.000Z","3817995601"
"2021-03-07T12:00:00.000Z","3541357558"
"2021-03-08T00:00:00.000Z","4158995785"
"2021-03-08T12:00:00.000Z","4401225306"
"2021-03-09T00:00:00.000Z","5091060461"
"2021-03-09T12:00:00.000Z","5408294951"
"2021-03-10T00:00:00.000Z","5503153411"
"2021-03-10T12:00:00.000Z","6296082804"
"2021-03-11T00:00:00.000Z","5568359696"
"2021-03-11T12:00:00.000Z","4823154653"
"2021-03-12T00:00:00.000Z","6273808695"
"2021-03-12T12:00:00.000Z","8079722567"
"2021-03-13T00:00:00.000Z","7390030988"
"2021-03-13T12:00:00.000Z","6378541696"
"2021-03-14T00:00:00.000Z","5678398728"
"2021-03-14T12:00:00.000Z","4537627844"
"2021-03-15T00:00:00.000Z","5254699846"
"2021-03-15T12:00:00.000Z","6186375403"
"2021-03-16T00:00:00.000Z","5902715725"
"2021-03-16T12:00:00.000Z","5270029739"
"2021-03-17T00:00:00.000Z","4391312408"
"2021-03-17T12:00:00.000Z","4362001168"
"2021-03-18T00:00:00.000Z","3827612709"
"2021-03-18T12:00:00.000Z","3719561575"
"2021-03-19T00:00:00.000Z","3313807363"
"2021-03-19T12:00:00.000Z","2807932048"
"2021-03-20T00:00:00.000Z","2609920688"
"2021-03-20T12:00:00.000Z","2529075165"
"2021-03-21T00:00:00.000Z","2904971432"
"2021-03-21T12:00:00.000Z","2758761604"
"2021-03-22T00:00:00.000Z","2644648559"
"2021-03-22T12:00:00.000Z","3115325434"
"2021-03-23T00:00:00.000Z","3255111296"
"2021-03-23T12:00:00.000Z","3047428308"
"2021-03-24T00:00:00.000Z","3764221860"
"2021-03-24T12:00:00.000Z","4051272249"
"2021-03-25T00:00:00.000Z","3626883846"
"2021-03-25T12:00:00.000Z","3429325350"
"2021-03-26T00:00:00.000Z","3473948699"
"2021-03-26T12:00:00.000Z","3109769980"
"2021-03-27T00:00:00.000Z","2512766876"
"2021-03-27T12:00:00.000Z","2408040965"
"2021-03-28T00:00:00.000Z","2294726348"
"2021-03-28T12:00:00.000Z","2162823815"
"2021-03-29T00:00:00.000Z","3262156659"
"2021-03-29T12:00:00.000Z","3353971422"
"2021-03-30T00:00:00.000Z","3670326129"
"2021-03-30T12:00:00.000Z","3604665752"
"2021-03-31T00:00:00.000Z","3204897629"
"2021-03-31T12:00:00.000Z","3416343750"
"2021-04-01T00:00:00.000Z","3488015014"
"2021-04-01T12:00:00.000Z",""
"2021-04-02T00:00:00.000Z",""
"2021-04-02T12:00:00.000Z",""
"2021-04-03T00:00:00.000Z",""
"2021-04-03T12:00:00.000Z",""
"2021-04-04T00:00:00.000Z",""
"2021-04-04T12:00:00.000Z",""
"2021-04-05T00:00:00.000Z",""
"2021-04-05T12:00:00.000Z",""
"2021-04-06T00:00:00.000Z",""
"2021-04-06T12:00:00.000Z",""
"2021-04-07T00:00:00.000Z",""
"2021-04-07T12:00:00.000Z",""
"2021-04-08T00:00:00.000Z",""
"2021-04-08T12:00:00.000Z",""