"Date","Age Consumed"
"2019-04-01T12:00:00.000Z","43392908.43710438"
"2019-04-02T00:00:00.000Z","17360249.36768211"
"2019-04-02T12:00:00.000Z","54527673.02985568"
"2019-04-03T00:00:00.000Z","43917285.205557585"
"2019-04-03T12:00:00.000Z","81474487.7678067"
"2019-04-04T00:00:00.000Z","18626301.321786236"
"2019-04-04T12:00:00.000Z","24664171.632756297"
"2019-04-05T00:00:00.000Z","12335257.209422931"
"2019-04-05T12:00:00.000Z","27117753.096546397"
"2019-04-06T00:00:00.000Z","11924338.01671644"
"2019-04-06T12:00:00.000Z","25255318.859725542"
"2019-04-07T00:00:00.000Z","6026946.619802663"
"2019-04-07T12:00:00.000Z","7074097.147322459"
"2019-04-08T00:00:00.000Z","14775811.90970803"
"2019-04-08T12:00:00.000Z","6214117.739494488"
"2019-04-09T00:00:00.000Z","9330264.109368341"
"2019-04-09T12:00:00.000Z","11825086.164569367"
"2019-04-10T00:00:00.000Z","6513555.971083031"
"2019-04-10T12:00:00.000Z","4968851.234413192"
"2019-04-11T00:00:00.000Z","18642278.22278936"
"2019-04-11T12:00:00.000Z","94355372.41336496"
"2019-04-12T00:00:00.000Z","2273611.2616558494"
"2019-04-12T12:00:00.000Z","4092665.9871149273"
"2019-04-13T00:00:00.000Z","9399954.14929801"
"2019-04-13T12:00:00.000Z","28557925.866978966"
"2019-04-14T00:00:00.000Z","1047147.3111104222"
"2019-04-14T12:00:00.000Z","3764180.6556912395"
"2019-04-15T00:00:00.000Z","3833689.3689907636"
"2019-04-15T12:00:00.000Z","5572064.590058751"
"2019-04-16T00:00:00.000Z","4018983.466426606"
"2019-04-16T12:00:00.000Z","231016294.9942347"
"2019-04-17T00:00:00.000Z","4093158.84033532"
"2019-04-17T12:00:00.000Z","5640738.146762508"
"2019-04-18T00:00:00.000Z","4204340.6090718815"
"2019-04-18T12:00:00.000Z","7367467.263048292"
"2019-04-19T00:00:00.000Z","9501444.221618768"
"2019-04-19T12:00:00.000Z","4601427.239700345"
"2019-04-20T00:00:00.000Z","3250228.033842142"
"2019-04-20T12:00:00.000Z","3717834.646952665"
"2019-04-21T00:00:00.000Z","3567074.030522312"
"2019-04-21T12:00:00.000Z","5242349.486314636"
"2019-04-22T00:00:00.000Z","4531678.097537021"
"2019-04-22T12:00:00.000Z","3997522.146377149"
"2019-04-23T00:00:00.000Z","9107297.848510122"
"2019-04-23T12:00:00.000Z","4097835.2814772734"
"2019-04-24T00:00:00.000Z","7758360.915704263"
"2019-04-24T12:00:00.000Z","9410752.331284497"
"2019-04-25T00:00:00.000Z","10397946.314493606"
"2019-04-25T12:00:00.000Z","5450395.648072349"
"2019-04-26T00:00:00.000Z","9507805.2987291"
"2019-04-26T12:00:00.000Z","10556363.170147484"
"2019-04-27T00:00:00.000Z","1732836.8512367602"
"2019-04-27T12:00:00.000Z","2635040.2791194716"
"2019-04-28T00:00:00.000Z","14734334.289088061"
"2019-04-28T12:00:00.000Z","7511385.053783025"
"2019-04-29T00:00:00.000Z","6252394.664154109"
"2019-04-29T12:00:00.000Z","9586583.778369153"
"2019-04-30T00:00:00.000Z","3634324.9574067504"
"2019-04-30T12:00:00.000Z","6314268.795045189"
"2019-05-01T00:00:00.000Z","6759142.561572136"
"2019-05-01T12:00:00.000Z","39846007.78509809"
"2019-05-02T00:00:00.000Z","8650519.579169448"
"2019-05-02T12:00:00.000Z","6080792.224872063"
"2019-05-03T00:00:00.000Z","4590082.671495615"
"2019-05-03T12:00:00.000Z","8659232.255507778"
"2019-05-04T00:00:00.000Z","4366171.633414451"
"2019-05-04T12:00:00.000Z","12156161.66006596"
"2019-05-05T00:00:00.000Z","3228587.08946896"
"2019-05-05T12:00:00.000Z","6651318.2865804415"
"2019-05-06T00:00:00.000Z","3864924.7136249267"
"2019-05-06T12:00:00.000Z","4449681.696071966"
"2019-05-07T00:00:00.000Z","8121976.138873198"
"2019-05-07T12:00:00.000Z","6669079.850536615"
"2019-05-08T00:00:00.000Z","15458673.866457282"
"2019-05-08T12:00:00.000Z","9345077.854702124"
"2019-05-09T00:00:00.000Z","18686660.95537394"
"2019-05-09T12:00:00.000Z","32880791.084916208"
"2019-05-10T00:00:00.000Z","36000037.57663005"
"2019-05-10T12:00:00.000Z","6533807.644876547"
"2019-05-11T00:00:00.000Z","13940067.927153379"
"2019-05-11T12:00:00.000Z","13838232.06931443"
"2019-05-12T00:00:00.000Z","7889640.226727597"
"2019-05-12T12:00:00.000Z","19558418.2950411"
"2019-05-13T00:00:00.000Z","12099880.05033533"
"2019-05-13T12:00:00.000Z","55164567.70696399"
"2019-05-14T00:00:00.000Z","21454450.679514658"
"2019-05-14T12:00:00.000Z","10605474.002335817"
"2019-05-15T00:00:00.000Z","14492544.954721484"
"2019-05-15T12:00:00.000Z","24596965.652500346"
"2019-05-16T00:00:00.000Z","46969280.11170448"
"2019-05-16T12:00:00.000Z","111451291.81817958"
"2019-05-17T00:00:00.000Z","8197000.2681165645"
"2019-05-17T12:00:00.000Z","5184023.947481117"
"2019-05-18T00:00:00.000Z","6514458.760386161"
"2019-05-18T12:00:00.000Z","5247371.434920526"
"2019-05-19T00:00:00.000Z","3708969.7432388677"
"2019-05-19T12:00:00.000Z","8469046.819004847"
"2019-05-20T00:00:00.000Z","11540831.138498751"
"2019-05-20T12:00:00.000Z","6766660.205296603"
"2019-05-21T00:00:00.000Z","5886500.395163924"
"2019-05-21T12:00:00.000Z","6824580.898090173"
"2019-05-22T00:00:00.000Z","25658557.606164742"
"2019-05-22T12:00:00.000Z","5111067.796494294"
"2019-05-23T00:00:00.000Z","13905339.877433069"
"2019-05-23T12:00:00.000Z","5135675.203199563"
"2019-05-24T00:00:00.000Z","5552017.108080897"
"2019-05-24T12:00:00.000Z","18938218.198372114"
"2019-05-25T00:00:00.000Z","6685797.867176899"
"2019-05-25T12:00:00.000Z","5334919.231296424"
"2019-05-26T00:00:00.000Z","11499585.312271534"
"2019-05-26T12:00:00.000Z","14135152.654300375"
"2019-05-27T00:00:00.000Z","13913607.779917937"
"2019-05-27T12:00:00.000Z","37181583.72092078"
"2019-05-28T00:00:00.000Z","8786183.896699967"
"2019-05-28T12:00:00.000Z","9715667.189102303"
"2019-05-29T00:00:00.000Z","6863700.703584347"
"2019-05-29T12:00:00.000Z","8971529.843207154"
"2019-05-30T00:00:00.000Z","17336888.82426937"
"2019-05-30T12:00:00.000Z","11294617.663764734"
"2019-05-31T00:00:00.000Z","7529795.114329021"
"2019-05-31T12:00:00.000Z","56085569.62692481"
"2019-06-01T00:00:00.000Z","8031950.62686232"
"2019-06-01T12:00:00.000Z","6170450.96514633"
"2019-06-02T00:00:00.000Z","11708484.606619569"
"2019-06-02T12:00:00.000Z","7454572.427728382"
"2019-06-03T00:00:00.000Z","4882248.186850649"
"2019-06-03T12:00:00.000Z","5766473.706469154"
"2019-06-04T00:00:00.000Z","6194771.007707853"
"2019-06-04T12:00:00.000Z","8754019.306733616"
"2019-06-05T00:00:00.000Z","10087914.015775044"
"2019-06-05T12:00:00.000Z","8473656.00425723"
"2019-06-06T00:00:00.000Z","6296194.138923338"
"2019-06-06T12:00:00.000Z","22966554.832441382"
"2019-06-07T00:00:00.000Z","6744841.038785977"
"2019-06-07T12:00:00.000Z","16170768.358970962"
"2019-06-08T00:00:00.000Z","3411591.821280825"
"2019-06-08T12:00:00.000Z","10764384.786995625"
"2019-06-09T00:00:00.000Z","7018416.313642508"
"2019-06-09T12:00:00.000Z","9095204.950541278"
"2019-06-10T00:00:00.000Z","67915313.46649168"
"2019-06-10T12:00:00.000Z","17363758.499982398"
"2019-06-11T00:00:00.000Z","297414540.5985249"
"2019-06-11T12:00:00.000Z","283352279.5847299"
"2019-06-12T00:00:00.000Z","27374384.509667356"
"2019-06-12T12:00:00.000Z","52191481.418559276"
"2019-06-13T00:00:00.000Z","9266089.862853084"
"2019-06-13T12:00:00.000Z","10477049.618198095"
"2019-06-14T00:00:00.000Z","7265313.298427696"
"2019-06-14T12:00:00.000Z","28707417.171734042"
"2019-06-15T00:00:00.000Z","6105578.454672484"
"2019-06-15T12:00:00.000Z","10441986.830340602"
"2019-06-16T00:00:00.000Z","5814373.708852025"
"2019-06-16T12:00:00.000Z","6859970.542089861"
"2019-06-17T00:00:00.000Z","6104559.0586456545"
"2019-06-17T12:00:00.000Z","9926143.199317532"
"2019-06-18T00:00:00.000Z","12322095.168249574"
"2019-06-18T12:00:00.000Z","20897279.95312915"
"2019-06-19T00:00:00.000Z","15359188.833016632"
"2019-06-19T12:00:00.000Z","8066762.006383771"
"2019-06-20T00:00:00.000Z","8701545.0736736"
"2019-06-20T12:00:00.000Z","8628354.491769526"
"2019-06-21T00:00:00.000Z","10488164.15073068"
"2019-06-21T12:00:00.000Z","8886511.822321381"
"2019-06-22T00:00:00.000Z","8827595.689419378"
"2019-06-22T12:00:00.000Z","16023183.359294605"
"2019-06-23T00:00:00.000Z","5815860.894656503"
"2019-06-23T12:00:00.000Z","9032134.125055576"
"2019-06-24T00:00:00.000Z","78149141.2668711"
"2019-06-24T12:00:00.000Z","10541848.70426604"
"2019-06-25T00:00:00.000Z","18126206.009163715"
"2019-06-25T12:00:00.000Z","10340809.690823438"
"2019-06-26T00:00:00.000Z","15777188.96048346"
"2019-06-26T12:00:00.000Z","25101484.308754906"
"2019-06-27T00:00:00.000Z","16165646.231716653"
"2019-06-27T12:00:00.000Z","14025220.386865888"
"2019-06-28T00:00:00.000Z","11556609.780767776"
"2019-06-28T12:00:00.000Z","10177877.541500095"
"2019-06-29T00:00:00.000Z","9278558.31197804"
"2019-06-29T12:00:00.000Z","113158226.96016401"
"2019-06-30T00:00:00.000Z","8264833.736889136"
"2019-06-30T12:00:00.000Z","12449771.401064953"
"2019-07-01T00:00:00.000Z","6349097.789259724"
"2019-07-01T12:00:00.000Z","14906976.361921042"
"2019-07-02T00:00:00.000Z","8348541.262563955"
"2019-07-02T12:00:00.000Z","13656887.779643806"
"2019-07-03T00:00:00.000Z","11991759.302173236"
"2019-07-03T12:00:00.000Z","18294761.481552035"
"2019-07-04T00:00:00.000Z","14288475.294114992"
"2019-07-04T12:00:00.000Z","30525032.144174594"
"2019-07-05T00:00:00.000Z","11812403.530920688"
"2019-07-05T12:00:00.000Z","16487853.759332603"
"2019-07-06T00:00:00.000Z","10061900.44524097"
"2019-07-06T12:00:00.000Z","12024481.812030815"
"2019-07-07T00:00:00.000Z","9672492.912168475"
"2019-07-07T12:00:00.000Z","21500069.16595977"
"2019-07-08T00:00:00.000Z","17948230.304613367"
"2019-07-08T12:00:00.000Z","11433105.881575959"
"2019-07-09T00:00:00.000Z","19090248.180712882"
"2019-07-09T12:00:00.000Z","6733846.57755664"
"2019-07-10T00:00:00.000Z","7034892.199357169"
"2019-07-10T12:00:00.000Z","19918864.133166563"
"2019-07-11T00:00:00.000Z","7770609.820020945"
"2019-07-11T12:00:00.000Z","28089748.021769956"
"2019-07-12T00:00:00.000Z","4004164.6151661323"
"2019-07-12T12:00:00.000Z","6379160.407799948"
"2019-07-13T00:00:00.000Z","8976763.548988767"
"2019-07-13T12:00:00.000Z","5441471.018458973"
"2019-07-14T00:00:00.000Z","3359069.2421067585"
"2019-07-14T12:00:00.000Z","14603998.330661435"
"2019-07-15T00:00:00.000Z","14148158.814794097"
"2019-07-15T12:00:00.000Z","7958231.027401077"
"2019-07-16T00:00:00.000Z","5709338.011388674"
"2019-07-16T12:00:00.000Z","23452035.95440351"
"2019-07-17T00:00:00.000Z","12906318.511352332"
"2019-07-17T12:00:00.000Z","13549440.230873886"
"2019-07-18T00:00:00.000Z","5079508.957496922"
"2019-07-18T12:00:00.000Z","15985365.214782426"
"2019-07-19T00:00:00.000Z","4894156.196925923"
"2019-07-19T12:00:00.000Z","14154415.914877366"
"2019-07-20T00:00:00.000Z","2830465.8421520526"
"2019-07-20T12:00:00.000Z","3401685.561836905"
"2019-07-21T00:00:00.000Z","4136895.71539051"
"2019-07-21T12:00:00.000Z","2852014.1110106604"
"2019-07-22T00:00:00.000Z","3532524.398480418"
"2019-07-22T12:00:00.000Z","4556822.802091225"
"2019-07-23T00:00:00.000Z","5110958.975862875"
"2019-07-23T12:00:00.000Z","5208941.366706755"
"2019-07-24T00:00:00.000Z","3752411.83822863"
"2019-07-24T12:00:00.000Z","3830162.0366821634"
"2019-07-25T00:00:00.000Z","2570946.350352801"
"2019-07-25T12:00:00.000Z","4534124.767740864"
"2019-07-26T00:00:00.000Z","79675055.4436547"
"2019-07-26T12:00:00.000Z","4354888.359851993"
"2019-07-27T00:00:00.000Z","2153921.6229551546"
"2019-07-27T12:00:00.000Z","24946693.12871639"
"2019-07-28T00:00:00.000Z","2320589.0314524"
"2019-07-28T12:00:00.000Z","3394013.8069132622"
"2019-07-29T00:00:00.000Z","5575531.1779157305"
"2019-07-29T12:00:00.000Z","6267543.012539354"
"2019-07-30T00:00:00.000Z","3694069.2475794153"
"2019-07-30T12:00:00.000Z","4401335.315251728"
"2019-07-31T00:00:00.000Z","4645679.25160279"
"2019-07-31T12:00:00.000Z","9602991.562612128"
"2019-08-01T00:00:00.000Z","3171568.890534193"
"2019-08-01T12:00:00.000Z","82860906.38036254"
"2019-08-02T00:00:00.000Z","3817437.304834892"
"2019-08-02T12:00:00.000Z","4981141.383929433"
"2019-08-03T00:00:00.000Z","4764777.110694525"
"2019-08-03T12:00:00.000Z","2819422.4836342754"
"2019-08-04T00:00:00.000Z","5385367.348529326"
"2019-08-04T12:00:00.000Z","6736623.448830386"
"2019-08-05T00:00:00.000Z","7532162.338161597"
"2019-08-05T12:00:00.000Z","10843611.74448409"
"2019-08-06T00:00:00.000Z","23956983.564428985"
"2019-08-06T12:00:00.000Z","15494219.804594798"
"2019-08-07T00:00:00.000Z","15660705.256619597"
"2019-08-07T12:00:00.000Z","105315072.0718226"
"2019-08-08T00:00:00.000Z","31637585.00255187"
"2019-08-08T12:00:00.000Z","6461549.420267524"
"2019-08-09T00:00:00.000Z","4761108.538014389"
"2019-08-09T12:00:00.000Z","7565755.1223688135"
"2019-08-10T00:00:00.000Z","4105474.168540524"
"2019-08-10T12:00:00.000Z","10944512.557702763"
"2019-08-11T00:00:00.000Z","3710376.2705297847"
"2019-08-11T12:00:00.000Z","5371049.478918591"
"2019-08-12T00:00:00.000Z","8565158.265913527"
"2019-08-12T12:00:00.000Z","20594038.678744234"
"2019-08-13T00:00:00.000Z","11226754.956634905"
"2019-08-13T12:00:00.000Z","4719065.325286004"
"2019-08-14T00:00:00.000Z","4518927.558444365"
"2019-08-14T12:00:00.000Z","83461046.87467748"
"2019-08-15T00:00:00.000Z","5523977.429587205"
"2019-08-15T12:00:00.000Z","4234642.076308119"
"2019-08-16T00:00:00.000Z","5404410.009469512"
"2019-08-16T12:00:00.000Z","5419057.031256721"
"2019-08-17T00:00:00.000Z","3391116.6198695316"
"2019-08-17T12:00:00.000Z","4646368.321015272"
"2019-08-18T00:00:00.000Z","3787956.3957196516"
"2019-08-18T12:00:00.000Z","5139750.160200427"
"2019-08-19T00:00:00.000Z","3288638.9644001233"
"2019-08-19T12:00:00.000Z","5934889.507136727"
"2019-08-20T00:00:00.000Z","2619527.713084661"
"2019-08-20T12:00:00.000Z","83953153.11704102"
"2019-08-21T00:00:00.000Z","4991803.837264944"
"2019-08-21T12:00:00.000Z","8237437.525356501"
"2019-08-22T00:00:00.000Z","6972081.626111835"
"2019-08-22T12:00:00.000Z","5444624.750500688"
"2019-08-23T00:00:00.000Z","6817531.6386625925"
"2019-08-23T12:00:00.000Z","4154768.392385627"
"2019-08-24T00:00:00.000Z","2343636.7500408995"
"2019-08-24T12:00:00.000Z","5504257.280329416"
"2019-08-25T00:00:00.000Z","1695331.0344264721"
"2019-08-25T12:00:00.000Z","11575829.02402527"
"2019-08-26T00:00:00.000Z","10925442.827403506"
"2019-08-26T12:00:00.000Z","15291107.081090508"
"2019-08-27T00:00:00.000Z","61011905.50055145"
"2019-08-27T12:00:00.000Z","7809268.466105439"
"2019-08-28T00:00:00.000Z","3162729.0938861105"
"2019-08-28T12:00:00.000Z","5950248.461738683"
"2019-08-29T00:00:00.000Z","13466070.446510892"
"2019-08-29T12:00:00.000Z","4841218.90521381"
"2019-08-30T00:00:00.000Z","4163690.6462106304"
"2019-08-30T12:00:00.000Z","6536757.445134496"
"2019-08-31T00:00:00.000Z","2083551.6260153598"
"2019-08-31T12:00:00.000Z","3900647.3209489123"
"2019-09-01T00:00:00.000Z","2898922.952659426"
"2019-09-01T12:00:00.000Z","6778575.798396283"
"2019-09-02T00:00:00.000Z","4668684.95174294"
"2019-09-02T12:00:00.000Z","4591871.855201893"
"2019-09-03T00:00:00.000Z","5736407.850831161"
"2019-09-03T12:00:00.000Z","4802804.80049813"
"2019-09-04T00:00:00.000Z","15397627.655189868"
"2019-09-04T12:00:00.000Z","4818576.844116904"
"2019-09-05T00:00:00.000Z","10724651.222780991"
"2019-09-05T12:00:00.000Z","10288774.504554577"
"2019-09-06T00:00:00.000Z","3353573.234062243"
"2019-09-06T12:00:00.000Z","4615598.710550866"
"2019-09-07T00:00:00.000Z","1568505.7522189764"
"2019-09-07T12:00:00.000Z","3293081.7409609193"
"2019-09-08T00:00:00.000Z","101432748.32999277"
"2019-09-08T12:00:00.000Z","7524472.976600223"
"2019-09-09T00:00:00.000Z","3946021.0353709506"
"2019-09-09T12:00:00.000Z","85557340.27209316"
"2019-09-10T00:00:00.000Z","33061774.812316727"
"2019-09-10T12:00:00.000Z","3469676.955845722"
"2019-09-11T00:00:00.000Z","10310136.560556257"
"2019-09-11T12:00:00.000Z","14649675.189452918"
"2019-09-12T00:00:00.000Z","4203825.131782645"
"2019-09-12T12:00:00.000Z","6133172.379423148"
"2019-09-13T00:00:00.000Z","4302214.103581742"
"2019-09-13T12:00:00.000Z","4745596.869961558"
"2019-09-14T00:00:00.000Z","3531997.847377396"
"2019-09-14T12:00:00.000Z","2665867.972022772"
"2019-09-15T00:00:00.000Z","3999053.2098445"
"2019-09-15T12:00:00.000Z","2304834.476695687"
"2019-09-16T00:00:00.000Z","5231671.329874517"
"2019-09-16T12:00:00.000Z","2582823.4355927357"
"2019-09-17T00:00:00.000Z","26143737.721852787"
"2019-09-17T12:00:00.000Z","6025110.210274988"
"2019-09-18T00:00:00.000Z","6204513.013815592"
"2019-09-18T12:00:00.000Z","6730460.65029044"
"2019-09-19T00:00:00.000Z","11427783.284255765"
"2019-09-19T12:00:00.000Z","6964064.767848216"
"2019-09-20T00:00:00.000Z","4598982.86949291"
"2019-09-20T12:00:00.000Z","6006687.7192711"
"2019-09-21T00:00:00.000Z","3084723.8951735934"
"2019-09-21T12:00:00.000Z","3127288.269078615"
"2019-09-22T00:00:00.000Z","5361173.766905707"
"2019-09-22T12:00:00.000Z","14116870.819434568"
"2019-09-23T00:00:00.000Z","7048607.62524755"
"2019-09-23T12:00:00.000Z","6110695.316720256"
"2019-09-24T00:00:00.000Z","9290538.899838334"
"2019-09-24T12:00:00.000Z","25775245.637118652"
"2019-09-25T00:00:00.000Z","8949124.351237074"
"2019-09-25T12:00:00.000Z","6234148.64564004"
"2019-09-26T00:00:00.000Z","7994709.025854921"
"2019-09-26T12:00:00.000Z","21635916.54164849"
"2019-09-27T00:00:00.000Z","5972642.922771711"
"2019-09-27T12:00:00.000Z","3985790.547336665"
"2019-09-28T00:00:00.000Z","4256319.685313122"
"2019-09-28T12:00:00.000Z","2377363.7910292735"
"2019-09-29T00:00:00.000Z","1269630.6031075532"
"2019-09-29T12:00:00.000Z","3325725.0047752066"
"2019-09-30T00:00:00.000Z","3212536.3582336484"
"2019-09-30T12:00:00.000Z","7227406.018658589"
"2019-10-01T00:00:00.000Z","3814594.0163880656"
"2019-10-01T12:00:00.000Z","4312859.318107796"
"2019-10-02T00:00:00.000Z","5274481.9453813005"
"2019-10-02T12:00:00.000Z","12391452.43742419"
"2019-10-03T00:00:00.000Z","2312703.1404379443"
"2019-10-03T12:00:00.000Z","10888259.08651096"
"2019-10-04T00:00:00.000Z","3187991.5275441157"
"2019-10-04T12:00:00.000Z","3718701.458691466"
"2019-10-05T00:00:00.000Z","1770238.9813882445"
"2019-10-05T12:00:00.000Z","1750757.5666972294"
"2019-10-06T00:00:00.000Z","3795779.7772035385"
"2019-10-06T12:00:00.000Z","15357207.1773638"
"2019-10-07T00:00:00.000Z","2306769.480837797"
"2019-10-07T12:00:00.000Z","4395762.521277232"
"2019-10-08T00:00:00.000Z","28609459.277553648"
"2019-10-08T12:00:00.000Z","8129875.107968179"
"2019-10-09T00:00:00.000Z","33044293.18349761"
"2019-10-09T12:00:00.000Z","7019209.143114837"
"2019-10-10T00:00:00.000Z","3732161.0543645546"
"2019-10-10T12:00:00.000Z","14173040.214623436"
"2019-10-11T00:00:00.000Z","11429333.975605296"
"2019-10-11T12:00:00.000Z","5324700.904887419"
"2019-10-12T00:00:00.000Z","3638741.203043476"
"2019-10-12T12:00:00.000Z","3832635.272566733"
"2019-10-13T00:00:00.000Z","2155852.837484602"
"2019-10-13T12:00:00.000Z","2777514.509946912"
"2019-10-14T00:00:00.000Z","504047762.1772305"
"2019-10-14T12:00:00.000Z","4819320.925821012"
"2019-10-15T00:00:00.000Z","4860462.693090145"
"2019-10-15T12:00:00.000Z","4969333.39701839"
"2019-10-16T00:00:00.000Z","6731347.168808439"
"2019-10-16T12:00:00.000Z","87952000.78726658"
"2019-10-17T00:00:00.000Z","4577900.434247788"
"2019-10-17T12:00:00.000Z","2856683.6607741546"
"2019-10-18T00:00:00.000Z","3461296.6767991986"
"2019-10-18T12:00:00.000Z","27208688.68603494"
"2019-10-19T00:00:00.000Z","1462445.415688519"
"2019-10-19T12:00:00.000Z","8912845.633809278"
"2019-10-20T00:00:00.000Z","10134911.078702612"
"2019-10-20T12:00:00.000Z","2341127.6474203076"
"2019-10-21T00:00:00.000Z","10092165.314343471"
"2019-10-21T12:00:00.000Z","17397681.496768016"
"2019-10-22T00:00:00.000Z","2817142.607222087"
"2019-10-22T12:00:00.000Z","2427394.4064709223"
"2019-10-23T00:00:00.000Z","2447989.5307510775"
"2019-10-23T12:00:00.000Z","37713689.21659913"
"2019-10-24T00:00:00.000Z","8077082.421387886"
"2019-10-24T12:00:00.000Z","37572300.78074967"
"2019-10-25T00:00:00.000Z","22407062.287499156"
"2019-10-25T12:00:00.000Z","4919363.7234732695"
"2019-10-26T00:00:00.000Z","5577240.1097929245"
"2019-10-26T12:00:00.000Z","2691702.277997098"
"2019-10-27T00:00:00.000Z","2008980.332324545"
"2019-10-27T12:00:00.000Z","5336893.893694877"
"2019-10-28T00:00:00.000Z","10148607.554079087"
"2019-10-28T12:00:00.000Z","50356570.80682981"
"2019-10-29T00:00:00.000Z","41116865.05099576"
"2019-10-29T12:00:00.000Z","6124840.646580348"
"2019-10-30T00:00:00.000Z","3993864.696687741"
"2019-10-30T12:00:00.000Z","5646943.059793622"
"2019-10-31T00:00:00.000Z","2647467.310420821"
"2019-10-31T12:00:00.000Z","16282176.281532802"
"2019-11-01T00:00:00.000Z","2004469.198591002"
"2019-11-01T12:00:00.000Z","31176263.910799958"
"2019-11-02T00:00:00.000Z","2344211.89881184"
"2019-11-02T12:00:00.000Z","4426379.0094898725"
"2019-11-03T00:00:00.000Z","3066591.511362938"
"2019-11-03T12:00:00.000Z","5290611.755840672"
"2019-11-04T00:00:00.000Z","7649391.666759109"
"2019-11-04T12:00:00.000Z","8932867.992921427"
"2019-11-05T00:00:00.000Z","25496234.405754574"
"2019-11-05T12:00:00.000Z","9173136.9620487"
"2019-11-06T00:00:00.000Z","8967763.373688074"
"2019-11-06T12:00:00.000Z","3707712.853674927"
"2019-11-07T00:00:00.000Z","3381200.9539137897"
"2019-11-07T12:00:00.000Z","3700810.604033129"
"2019-11-08T00:00:00.000Z","4793158.99813531"
"2019-11-08T12:00:00.000Z","4355451.72511124"
"2019-11-09T00:00:00.000Z","3899949.589551281"
"2019-11-09T12:00:00.000Z","5753859.518657719"
"2019-11-10T00:00:00.000Z","2670074.8448543474"
"2019-11-10T12:00:00.000Z","7117172.759248474"
"2019-11-11T00:00:00.000Z","2575469.774661721"
"2019-11-11T12:00:00.000Z","6418410.644532937"
"2019-11-12T00:00:00.000Z","4082674.3157756"
"2019-11-12T12:00:00.000Z","8692238.151465394"
"2019-11-13T00:00:00.000Z","21594477.817608505"
"2019-11-13T12:00:00.000Z","5431663.0564430775"
"2019-11-14T00:00:00.000Z","3990593.375755158"
"2019-11-14T12:00:00.000Z","15754892.845257644"
"2019-11-15T00:00:00.000Z","9472904.80597782"
"2019-11-15T12:00:00.000Z","5078161.074630921"
"2019-11-16T00:00:00.000Z","2593434.260574412"
"2019-11-16T12:00:00.000Z","3832047.4647503416"
"2019-11-17T00:00:00.000Z","1270974.3330232727"
"2019-11-17T12:00:00.000Z","2678982.4180318746"
"2019-11-18T00:00:00.000Z","4378501.456559353"
"2019-11-18T12:00:00.000Z","32772009.307922523"
"2019-11-19T00:00:00.000Z","6046816.670876352"
"2019-11-19T12:00:00.000Z","2962710.5422175825"
"2019-11-20T00:00:00.000Z","5071898.486029551"
"2019-11-20T12:00:00.000Z","2506418.074191172"
"2019-11-21T00:00:00.000Z","5762818.526074431"
"2019-11-21T12:00:00.000Z","7060418.688417276"
"2019-11-22T00:00:00.000Z","9467635.797808135"
"2019-11-22T12:00:00.000Z","8140023.233468914"
"2019-11-23T00:00:00.000Z","54989579.60877673"
"2019-11-23T12:00:00.000Z","3505980.3605770213"
"2019-11-24T00:00:00.000Z","3302899.73196984"
"2019-11-24T12:00:00.000Z","4222936.883598542"
"2019-11-25T00:00:00.000Z","122197625.5979963"
"2019-11-25T12:00:00.000Z","4947182.605639737"
"2019-11-26T00:00:00.000Z","4322574.627671689"
"2019-11-26T12:00:00.000Z","2806105.2892609"
"2019-11-27T00:00:00.000Z","5735071.4865911715"
"2019-11-27T12:00:00.000Z","6824562.376063327"
"2019-11-28T00:00:00.000Z","3204817.3372571263"
"2019-11-28T12:00:00.000Z","8846603.736625206"
"2019-11-29T00:00:00.000Z","248651726.6095876"
"2019-11-29T12:00:00.000Z","9920820.694637492"
"2019-11-30T00:00:00.000Z","4859276.203658488"
"2019-11-30T12:00:00.000Z","18405330.743560113"
"2019-12-01T00:00:00.000Z","3023543.6985950256"
"2019-12-01T12:00:00.000Z","7249334.933054125"
"2019-12-02T00:00:00.000Z","3869419.9016917185"
"2019-12-02T12:00:00.000Z","14040339.683310334"
"2019-12-03T00:00:00.000Z","4896588.067805597"
"2019-12-03T12:00:00.000Z","5179819.986519018"
"2019-12-04T00:00:00.000Z","3811845.607238916"
"2019-12-04T12:00:00.000Z","22701451.70929348"
"2019-12-05T00:00:00.000Z","8142546.455828037"
"2019-12-05T12:00:00.000Z","9274692.93904035"
"2019-12-06T00:00:00.000Z","1835460.544706841"
"2019-12-06T12:00:00.000Z","3834305.7107716077"
"2019-12-07T00:00:00.000Z","23875889.717233285"
"2019-12-07T12:00:00.000Z","4482409.829820714"
"2019-12-08T00:00:00.000Z","3571733.472382853"
"2019-12-08T12:00:00.000Z","3175431.2463544803"
"2019-12-09T00:00:00.000Z","3083259.21487357"
"2019-12-09T12:00:00.000Z","4519632.318113681"
"2019-12-10T00:00:00.000Z","5562214.3998303795"
"2019-12-10T12:00:00.000Z","4606678.838251755"
"2019-12-11T00:00:00.000Z","5468033.805908502"
"2019-12-11T12:00:00.000Z","4962153.72507119"
"2019-12-12T00:00:00.000Z","12225879.886055948"
"2019-12-12T12:00:00.000Z","4748812.373991191"
"2019-12-13T00:00:00.000Z","5432637.333913909"
"2019-12-13T12:00:00.000Z","5339688.510110108"
"2019-12-14T00:00:00.000Z","877585.1615666379"
"2019-12-14T12:00:00.000Z","3708109.0212854305"
"2019-12-15T00:00:00.000Z","2774460.230389128"
"2019-12-15T12:00:00.000Z","3498907.19283777"
"2019-12-16T00:00:00.000Z","15050084.2980998"
"2019-12-16T12:00:00.000Z","11073916.017860046"
"2019-12-17T00:00:00.000Z","4862596.376622888"
"2019-12-17T12:00:00.000Z","8326322.333867777"
"2019-12-18T00:00:00.000Z","4781344.377794286"
"2019-12-18T12:00:00.000Z","8165230.128080904"
"2019-12-19T00:00:00.000Z","20777853.362924933"
"2019-12-19T12:00:00.000Z","5319853.670183973"
"2019-12-20T00:00:00.000Z","7383965.919413926"
"2019-12-20T12:00:00.000Z","7564409.232761928"
"2019-12-21T00:00:00.000Z","9223331.24264664"
"2019-12-21T12:00:00.000Z","5265945.422610911"
"2019-12-22T00:00:00.000Z","2409790.7609460065"
"2019-12-22T12:00:00.000Z","4235199.172037118"
"2019-12-23T00:00:00.000Z","3082787.6365974704"
"2019-12-23T12:00:00.000Z","6888702.599845222"
"2019-12-24T00:00:00.000Z","5574547.405849103"
"2019-12-24T12:00:00.000Z","3521070.2553903614"
"2019-12-25T00:00:00.000Z","2485500.433599469"
"2019-12-25T12:00:00.000Z","1848638.5457456077"
"2019-12-26T00:00:00.000Z","7886713.349307265"
"2019-12-26T12:00:00.000Z","4222040.799919089"
"2019-12-27T00:00:00.000Z","10725304.458883455"
"2019-12-27T12:00:00.000Z","3864720.232158556"
"2019-12-28T00:00:00.000Z","3973397.9997924333"
"2019-12-28T12:00:00.000Z","3302318.2778196647"
"2019-12-29T00:00:00.000Z","2204462.4408553643"
"2019-12-29T12:00:00.000Z","6650377.078134746"
"2019-12-30T00:00:00.000Z","12244066.491757821"
"2019-12-30T12:00:00.000Z","7807774.225413186"
"2019-12-31T00:00:00.000Z","3066876.388298142"
"2019-12-31T12:00:00.000Z","5597397.5224707965"
"2020-01-01T00:00:00.000Z","2454616.2572666914"
"2020-01-01T12:00:00.000Z","2869225.846490871"
"2020-01-02T00:00:00.000Z","11066643.164887723"
"2020-01-02T12:00:00.000Z","16328177.833902074"
"2020-01-03T00:00:00.000Z","4644246.929403326"
"2020-01-03T12:00:00.000Z","4742736.516904311"
"2020-01-04T00:00:00.000Z","1633357.084284859"
"2020-01-04T12:00:00.000Z","3450004.5703433575"
"2020-01-05T00:00:00.000Z","14149344.246237805"
"2020-01-05T12:00:00.000Z","3933451.884590808"
"2020-01-06T00:00:00.000Z","5968291.38678603"
"2020-01-06T12:00:00.000Z","6868649.244631193"
"2020-01-07T00:00:00.000Z","3928728.2757649687"
"2020-01-07T12:00:00.000Z","17458032.892038547"
"2020-01-08T00:00:00.000Z","8113814.532390175"
"2020-01-08T12:00:00.000Z","38087411.71314113"
"2020-01-09T00:00:00.000Z","28617029.78415102"
"2020-01-09T12:00:00.000Z","7343801.762329442"
"2020-01-10T00:00:00.000Z","4636858.241433611"
"2020-01-10T12:00:00.000Z","5948502.090170216"
"2020-01-11T00:00:00.000Z","5554515.041019541"
"2020-01-11T12:00:00.000Z","5690339.2106781965"
"2020-01-12T00:00:00.000Z","2937793.664225267"
"2020-01-12T12:00:00.000Z","4470217.023416268"
"2020-01-13T00:00:00.000Z","7473793.241212672"
"2020-01-13T12:00:00.000Z","7436870.483150106"
"2020-01-14T00:00:00.000Z","11468077.943854852"
"2020-01-14T12:00:00.000Z","17660805.80918655"
"2020-01-15T00:00:00.000Z","11011799.945461176"
"2020-01-15T12:00:00.000Z","11588599.767284708"
"2020-01-16T00:00:00.000Z","18939167.00247812"
"2020-01-16T12:00:00.000Z","5406017.8430150775"
"2020-01-17T00:00:00.000Z","2955305.918597414"
"2020-01-17T12:00:00.000Z","6405258.09594105"
"2020-01-18T00:00:00.000Z","4536543.060268727"
"2020-01-18T12:00:00.000Z","5129557.5122976415"
"2020-01-19T00:00:00.000Z","17855229.289252017"
"2020-01-19T12:00:00.000Z","5422151.389368186"
"2020-01-20T00:00:00.000Z","2435057.3765154122"
"2020-01-20T12:00:00.000Z","7264119.872262791"
"2020-01-21T00:00:00.000Z","11911443.149000209"
"2020-01-21T12:00:00.000Z","10217221.016982494"
"2020-01-22T00:00:00.000Z","3996963.1193670565"
"2020-01-22T12:00:00.000Z","2647684.816829794"
"2020-01-23T00:00:00.000Z","4551601.382286378"
"2020-01-23T12:00:00.000Z","3642563.533737822"
"2020-01-24T00:00:00.000Z","3386365.8377654175"
"2020-01-24T12:00:00.000Z","4746068.659360569"
"2020-01-25T00:00:00.000Z","1363045.289089589"
"2020-01-25T12:00:00.000Z","1632726.7046480752"
"2020-01-26T00:00:00.000Z","4281654.207912438"
"2020-01-26T12:00:00.000Z","6525679.3045806"
"2020-01-27T00:00:00.000Z","5131259.194795418"
"2020-01-27T12:00:00.000Z","6597817.100486479"
"2020-01-28T00:00:00.000Z","12357844.085692883"
"2020-01-28T12:00:00.000Z","5513398.493779146"
"2020-01-29T00:00:00.000Z","6585138.444819325"
"2020-01-29T12:00:00.000Z","14731833.324809888"
"2020-01-30T00:00:00.000Z","6971193.035863233"
"2020-01-30T12:00:00.000Z","32253765.2300627"
"2020-01-31T00:00:00.000Z","15243578.488354653"
"2020-01-31T12:00:00.000Z","61959021.58419601"
"2020-02-01T00:00:00.000Z","6306332.2452987265"
"2020-02-01T12:00:00.000Z","4550292.209678519"
"2020-02-02T00:00:00.000Z","4644146.188454776"
"2020-02-02T12:00:00.000Z","11733812.415523732"
"2020-02-03T00:00:00.000Z","5992807.848638855"
"2020-02-03T12:00:00.000Z","19032745.0906257"
"2020-02-04T00:00:00.000Z","5534496.111111117"
"2020-02-04T12:00:00.000Z","34748289.54769768"
"2020-02-05T00:00:00.000Z","6625397.402910634"
"2020-02-05T12:00:00.000Z","17928450.487430677"
"2020-02-06T00:00:00.000Z","6856186.177039657"
"2020-02-06T12:00:00.000Z","32599553.89258744"
"2020-02-07T00:00:00.000Z","118573115.7907253"
"2020-02-07T12:00:00.000Z","7004229.290845365"
"2020-02-08T00:00:00.000Z","3756381.1559788594"
"2020-02-08T12:00:00.000Z","10946000.891497184"
"2020-02-09T00:00:00.000Z","27377261.370686855"
"2020-02-09T12:00:00.000Z","8894260.03838176"
"2020-02-10T00:00:00.000Z","7000869.0870354185"
"2020-02-10T12:00:00.000Z","4521304.636752169"
"2020-02-11T00:00:00.000Z","7007483.540936957"
"2020-02-11T12:00:00.000Z","9618922.537804259"
"2020-02-12T00:00:00.000Z","9116622.033159727"
"2020-02-12T12:00:00.000Z","11844826.042459847"
"2020-02-13T00:00:00.000Z","16680262.801455637"
"2020-02-13T12:00:00.000Z","20103976.91646703"
"2020-02-14T00:00:00.000Z","12478182.966139972"
"2020-02-14T12:00:00.000Z","10727512.673374161"
"2020-02-15T00:00:00.000Z","6813113.98128208"
"2020-02-15T12:00:00.000Z","11051407.137747359"
"2020-02-16T00:00:00.000Z","3602239.947680744"
"2020-02-16T12:00:00.000Z","8982219.588904234"
"2020-02-17T00:00:00.000Z","7964390.060273384"
"2020-02-17T12:00:00.000Z","14741373.64964811"
"2020-02-18T00:00:00.000Z","7423819.702293438"
"2020-02-18T12:00:00.000Z","19567393.309358675"
"2020-02-19T00:00:00.000Z","4021999.3656483665"
"2020-02-19T12:00:00.000Z","10990234.966019994"
"2020-02-20T00:00:00.000Z","39955464.63318994"
"2020-02-20T12:00:00.000Z","5857764.140582247"
"2020-02-21T00:00:00.000Z","15304626.30367841"
"2020-02-21T12:00:00.000Z","6956752.691967692"
"2020-02-22T00:00:00.000Z","15826274.035932409"
"2020-02-22T12:00:00.000Z","6092780.791457552"
"2020-02-23T00:00:00.000Z","5518376.7120903125"
"2020-02-23T12:00:00.000Z","5090877.815467009"
"2020-02-24T00:00:00.000Z","5892035.317422584"
"2020-02-24T12:00:00.000Z","10890712.928209232"
"2020-02-25T00:00:00.000Z","5883392.218452426"
"2020-02-25T12:00:00.000Z","7416953.804157703"
"2020-02-26T00:00:00.000Z","282235670.2173725"
"2020-02-26T12:00:00.000Z","33037909.764905877"
"2020-02-27T00:00:00.000Z","5842416.679418153"
"2020-02-27T12:00:00.000Z","20056819.056542758"
"2020-02-28T00:00:00.000Z","5665718.016944304"
"2020-02-28T12:00:00.000Z","21756362.81549277"
"2020-02-29T00:00:00.000Z","3640395.151538963"
"2020-02-29T12:00:00.000Z","4724442.202761573"
"2020-03-01T00:00:00.000Z","2667789.9790500132"
"2020-03-01T12:00:00.000Z","5489974.784141749"
"2020-03-02T00:00:00.000Z","14690753.506024988"
"2020-03-02T12:00:00.000Z","9317863.48076957"
"2020-03-03T00:00:00.000Z","8839312.835086174"
"2020-03-03T12:00:00.000Z","5494223.209396843"
"2020-03-04T00:00:00.000Z","8184555.29350486"
"2020-03-04T12:00:00.000Z","6075635.732020467"
"2020-03-05T00:00:00.000Z","4224907.160210933"
"2020-03-05T12:00:00.000Z","8924869.042533522"
"2020-03-06T00:00:00.000Z","3803144.42285652"
"2020-03-06T12:00:00.000Z","21356653.45570363"
"2020-03-07T00:00:00.000Z","2833887.801405879"
"2020-03-07T12:00:00.000Z","3402890.7109007663"
"2020-03-08T00:00:00.000Z","5093778.626400183"
"2020-03-08T12:00:00.000Z","7792004.789381473"
"2020-03-09T00:00:00.000Z","10046201.033072425"
"2020-03-09T12:00:00.000Z","7835681.134598996"
"2020-03-10T00:00:00.000Z","99197187.67027736"
"2020-03-10T12:00:00.000Z","82337142.40729526"
"2020-03-11T00:00:00.000Z","12934916.460516892"
"2020-03-11T12:00:00.000Z","4279834.961796548"
"2020-03-12T00:00:00.000Z","32186236.610587493"
"2020-03-12T12:00:00.000Z","204743962.1670912"
"2020-03-13T00:00:00.000Z","42582270.85268387"
"2020-03-13T12:00:00.000Z","160788005.6712169"
"2020-03-14T00:00:00.000Z","11884616.783038432"
"2020-03-14T12:00:00.000Z","4655831.994528401"
"2020-03-15T00:00:00.000Z","5024420.413414278"
"2020-03-15T12:00:00.000Z","18200115.522324994"
"2020-03-16T00:00:00.000Z","18676286.40975655"
"2020-03-16T12:00:00.000Z","10047798.953799024"
"2020-03-17T00:00:00.000Z","5305327.878622903"
"2020-03-17T12:00:00.000Z","8978570.866399402"
"2020-03-18T00:00:00.000Z","7041301.257945676"
"2020-03-18T12:00:00.000Z","10711068.286248347"
"2020-03-19T00:00:00.000Z","3415387.340798901"
"2020-03-19T12:00:00.000Z","39394923.52286282"
"2020-03-20T00:00:00.000Z","6956501.530788763"
"2020-03-20T12:00:00.000Z","9516583.73515729"
"2020-03-21T00:00:00.000Z","13166712.292301672"
"2020-03-21T12:00:00.000Z","3546029.159433535"
"2020-03-22T00:00:00.000Z","4041186.822813679"
"2020-03-22T12:00:00.000Z","9447222.862787507"
"2020-03-23T00:00:00.000Z","6619058.42412162"
"2020-03-23T12:00:00.000Z","3179121.4001267436"
"2020-03-24T00:00:00.000Z","10014000.953677798"
"2020-03-24T12:00:00.000Z","8853768.529139157"
"2020-03-25T00:00:00.000Z","4579419.144862211"
"2020-03-25T12:00:00.000Z","14125847.385497155"
"2020-03-26T00:00:00.000Z","3686162.0454129167"
"2020-03-26T12:00:00.000Z","6714674.014611974"
"2020-03-27T00:00:00.000Z","17277051.61437812"
"2020-03-27T12:00:00.000Z","4697511.34438949"
"2020-03-28T00:00:00.000Z","3997985.1609922266"
"2020-03-28T12:00:00.000Z","5580346.243649593"
"2020-03-29T00:00:00.000Z","6554847.983681557"
"2020-03-29T12:00:00.000Z","5729633.401564898"
"2020-03-30T00:00:00.000Z","3911633.6926575927"
"2020-03-30T12:00:00.000Z","4561506.159987873"
"2020-03-31T00:00:00.000Z","16638830.010087045"
"2020-03-31T12:00:00.000Z","3618622.3117310675"
"2020-04-01T00:00:00.000Z","5741097.073654636"
"2020-04-01T12:00:00.000Z","5402909.071941342"
"2020-04-02T00:00:00.000Z","8081467.649205349"
"2020-04-02T12:00:00.000Z","5783772.861819886"
"2020-04-03T00:00:00.000Z","5681709.741819056"
"2020-04-03T12:00:00.000Z","12596202.969849892"
"2020-04-04T00:00:00.000Z","4053337.0456787385"
"2020-04-04T12:00:00.000Z","4565781.120779448"
"2020-04-05T00:00:00.000Z","1591949.7127629141"
"2020-04-05T12:00:00.000Z","7505757.173000643"
"2020-04-06T00:00:00.000Z","3417006.5084157027"
"2020-04-06T12:00:00.000Z","5831106.845618099"
"2020-04-07T00:00:00.000Z","27333568.45251862"
"2020-04-07T12:00:00.000Z","5235739.797874085"
"2020-04-08T00:00:00.000Z","4880094.015869923"
"2020-04-08T12:00:00.000Z","3865225.917810355"
"2020-04-09T00:00:00.000Z","16285421.904505765"
"2020-04-09T12:00:00.000Z","7050396.681159078"
"2020-04-10T00:00:00.000Z","4782148.167890242"
"2020-04-10T12:00:00.000Z","7256417.929101713"
"2020-04-11T00:00:00.000Z","1422812.8947119617"
"2020-04-11T12:00:00.000Z","5091958.851941871"
"2020-04-12T00:00:00.000Z","6162991.463933825"
"2020-04-12T12:00:00.000Z","4096681.2044114647"
"2020-04-13T00:00:00.000Z","4640282.874459391"
"2020-04-13T12:00:00.000Z","4383244.384321456"
"2020-04-14T00:00:00.000Z","6227135.542678866"
"2020-04-14T12:00:00.000Z","4704222.667748441"
"2020-04-15T00:00:00.000Z","8227652.553288164"
"2020-04-15T12:00:00.000Z","4639568.636666311"
"2020-04-16T00:00:00.000Z","109281446.51440607"
"2020-04-16T12:00:00.000Z","6263002.226326939"
"2020-04-17T00:00:00.000Z","3925438.5790735036"
"2020-04-17T12:00:00.000Z","6489291.244170279"
"2020-04-18T00:00:00.000Z","4976843.320690336"
"2020-04-18T12:00:00.000Z","6167231.195419878"
"2020-04-19T00:00:00.000Z","3281179.221808835"
"2020-04-19T12:00:00.000Z","3842421.2840802674"
"2020-04-20T00:00:00.000Z","7796533.912537377"
"2020-04-20T12:00:00.000Z","7587031.13404618"
"2020-04-21T00:00:00.000Z","4693690.8282686565"
"2020-04-21T12:00:00.000Z","15925605.802232174"
"2020-04-22T00:00:00.000Z","14952145.869183294"
"2020-04-22T12:00:00.000Z","16641543.625398459"
"2020-04-23T00:00:00.000Z","30227118.432285726"
"2020-04-23T12:00:00.000Z","8754384.235144433"
"2020-04-24T00:00:00.000Z","4780715.353871036"
"2020-04-24T12:00:00.000Z","10970863.9252777"
"2020-04-25T00:00:00.000Z","3893137.30880316"
"2020-04-25T12:00:00.000Z","13323412.524131525"
"2020-04-26T00:00:00.000Z","3918717.0883767176"
"2020-04-26T12:00:00.000Z","5215984.611929682"
"2020-04-27T00:00:00.000Z","3881160.305421873"
"2020-04-27T12:00:00.000Z","20696773.605880804"
"2020-04-28T00:00:00.000Z","2699817.845602015"
"2020-04-28T12:00:00.000Z","5473430.3284355225"
"2020-04-29T00:00:00.000Z","7284698.917144941"
"2020-04-29T12:00:00.000Z","11774710.122560643"
"2020-04-30T00:00:00.000Z","19619449.99175616"
"2020-04-30T12:00:00.000Z","10850794.89567291"
"2020-05-01T00:00:00.000Z","3797687.7893654844"
"2020-05-01T12:00:00.000Z","5228220.547030369"
"2020-05-02T00:00:00.000Z","2234856.2381210597"
"2020-05-02T12:00:00.000Z","5011718.626679865"
"2020-05-03T00:00:00.000Z","6452528.730977044"
"2020-05-03T12:00:00.000Z","4910264.645018104"
"2020-05-04T00:00:00.000Z","9699934.004358545"
"2020-05-04T12:00:00.000Z","11242728.142747698"
"2020-05-05T00:00:00.000Z","5300193.231779569"
"2020-05-05T12:00:00.000Z","12129147.258203045"
"2020-05-06T00:00:00.000Z","4513536.243912087"
"2020-05-06T12:00:00.000Z","12149811.088160638"
"2020-05-07T00:00:00.000Z","11593186.89244108"
"2020-05-07T12:00:00.000Z","20633588.043636344"
"2020-05-08T00:00:00.000Z","17200933.227281693"
"2020-05-08T12:00:00.000Z","10056051.965512844"
"2020-05-09T00:00:00.000Z","6304704.362658229"
"2020-05-09T12:00:00.000Z","6278923.878581981"
"2020-05-10T00:00:00.000Z","8611246.66473852"
"2020-05-10T12:00:00.000Z","11820038.981690932"
"2020-05-11T00:00:00.000Z","7992870.569830509"
"2020-05-11T12:00:00.000Z","37210478.96464376"
"2020-05-12T00:00:00.000Z","17789103.490190823"
"2020-05-12T12:00:00.000Z","20863770.707091175"
"2020-05-13T00:00:00.000Z","7301024.842063905"
"2020-05-13T12:00:00.000Z","9808990.799049303"
"2020-05-14T00:00:00.000Z","4080357.4182812897"
"2020-05-14T12:00:00.000Z","6356778.08605791"
"2020-05-15T00:00:00.000Z","3352778.8795327116"
"2020-05-15T12:00:00.000Z","32436068.79801503"
"2020-05-16T00:00:00.000Z","9308869.316851558"
"2020-05-16T12:00:00.000Z","6413733.992925328"
"2020-05-17T00:00:00.000Z","2840657.984991558"
"2020-05-17T12:00:00.000Z","17658492.989544444"
"2020-05-18T00:00:00.000Z","106827103.54679103"
"2020-05-18T12:00:00.000Z","5412939.314858555"
"2020-05-19T00:00:00.000Z","4005805.2481124015"
"2020-05-19T12:00:00.000Z","7995468.147763191"
"2020-05-20T00:00:00.000Z","6312082.092001397"
"2020-05-20T12:00:00.000Z","9936407.062979436"
"2020-05-21T00:00:00.000Z","9457649.342531601"
"2020-05-21T12:00:00.000Z","7101868.1689678775"
"2020-05-22T00:00:00.000Z","5618944.858254947"
"2020-05-22T12:00:00.000Z","8446761.583744649"
"2020-05-23T00:00:00.000Z","2050278.9488223393"
"2020-05-23T12:00:00.000Z","4101413.46086633"
"2020-05-24T00:00:00.000Z","5709623.86673775"
"2020-05-24T12:00:00.000Z","5997592.937128856"
"2020-05-25T00:00:00.000Z","9106582.817403527"
"2020-05-25T12:00:00.000Z","5572081.912464489"
"2020-05-26T00:00:00.000Z","5031104.888763495"
"2020-05-26T12:00:00.000Z","8908201.95610383"
"2020-05-27T00:00:00.000Z","4010258.1186634284"
"2020-05-27T12:00:00.000Z","6474773.110049193"
"2020-05-28T00:00:00.000Z","4470955.17136374"
"2020-05-28T12:00:00.000Z","5989936.446600042"
"2020-05-29T00:00:00.000Z","3799204.849167866"
"2020-05-29T12:00:00.000Z","4760807.599259533"
"2020-05-30T00:00:00.000Z","7258675.102174989"
"2020-05-30T12:00:00.000Z","8291127.007764139"
"2020-05-31T00:00:00.000Z","10020256.125455828"
"2020-05-31T12:00:00.000Z","15988080.888585085"
"2020-06-01T00:00:00.000Z","5178361.355837583"
"2020-06-01T12:00:00.000Z","6228188.1875157505"
"2020-06-02T00:00:00.000Z","72980288.12626259"
"2020-06-02T12:00:00.000Z","10308688.644143961"
"2020-06-03T00:00:00.000Z","9124044.823295161"
"2020-06-03T12:00:00.000Z","4374446.036067318"
"2020-06-04T00:00:00.000Z","6414688.913941414"
"2020-06-04T12:00:00.000Z","21671484.31118176"
"2020-06-05T00:00:00.000Z","4830643.112976416"
"2020-06-05T12:00:00.000Z","5764994.379239554"
"2020-06-06T00:00:00.000Z","1655099.4920266585"
"2020-06-06T12:00:00.000Z","3299568.7370649166"
"2020-06-07T00:00:00.000Z","5349582.681315185"
"2020-06-07T12:00:00.000Z","5290925.467145776"
"2020-06-08T00:00:00.000Z","7737829.530589082"
"2020-06-08T12:00:00.000Z","54379872.61979489"
"2020-06-09T00:00:00.000Z","6570193.616042555"
"2020-06-09T12:00:00.000Z","10424717.268258521"
"2020-06-10T00:00:00.000Z","5470687.675976698"
"2020-06-10T12:00:00.000Z","4076628.8075029813"
"2020-06-11T00:00:00.000Z","4544919.081084731"
"2020-06-11T12:00:00.000Z","14722981.85296402"
"2020-06-12T00:00:00.000Z","9262776.720920973"
"2020-06-12T12:00:00.000Z","5085870.653437465"
"2020-06-13T00:00:00.000Z","4343763.973691911"
"2020-06-13T12:00:00.000Z","29495819.666310467"
"2020-06-14T00:00:00.000Z","1710586.5332405719"
"2020-06-14T12:00:00.000Z","4761309.77457313"
"2020-06-15T00:00:00.000Z","12747031.690320253"
"2020-06-15T12:00:00.000Z","8140208.405698553"
"2020-06-16T00:00:00.000Z","8830143.534482002"
"2020-06-16T12:00:00.000Z","7891329.68947415"
"2020-06-17T00:00:00.000Z","4563549.655569812"
"2020-06-17T12:00:00.000Z","7288781.795353035"
"2020-06-18T00:00:00.000Z","4289640.981751634"
"2020-06-18T12:00:00.000Z","6414590.036009423"
"2020-06-19T00:00:00.000Z","9744666.150914066"
"2020-06-19T12:00:00.000Z","6515036.514867761"
"2020-06-20T00:00:00.000Z","2568047.7338123787"
"2020-06-20T12:00:00.000Z","8145247.739862428"
"2020-06-21T00:00:00.000Z","7373640.207685326"
"2020-06-21T12:00:00.000Z","6863983.495805386"
"2020-06-22T00:00:00.000Z","4114773.99291333"
"2020-06-22T12:00:00.000Z","5527978.75452031"
"2020-06-23T00:00:00.000Z","3670206.535466245"
"2020-06-23T12:00:00.000Z","11286323.243476762"
"2020-06-24T00:00:00.000Z","5456346.058622622"
"2020-06-24T12:00:00.000Z","14314185.897493726"
"2020-06-25T00:00:00.000Z","7083170.057248355"
"2020-06-25T12:00:00.000Z","7986997.304949427"
"2020-06-26T00:00:00.000Z","8008823.708744786"
"2020-06-26T12:00:00.000Z","17009643.764781017"
"2020-06-27T00:00:00.000Z","6541841.175801689"
"2020-06-27T12:00:00.000Z","9325496.80297951"
"2020-06-28T00:00:00.000Z","3701224.130784939"
"2020-06-28T12:00:00.000Z","6506431.025876118"
"2020-06-29T00:00:00.000Z","9867904.268211514"
"2020-06-29T12:00:00.000Z","4078856.6687715757"
"2020-06-30T00:00:00.000Z","7016613.152903278"
"2020-06-30T12:00:00.000Z","25289233.419585418"
"2020-07-01T00:00:00.000Z","3333248.2061764603"
"2020-07-01T12:00:00.000Z","4961552.497570892"
"2020-07-02T00:00:00.000Z","119747505.13004887"
"2020-07-02T12:00:00.000Z","5755754.088306469"
"2020-07-03T00:00:00.000Z","4543668.07194359"
"2020-07-03T12:00:00.000Z","8856418.176893877"
"2020-07-04T00:00:00.000Z","3308665.177793592"
"2020-07-04T12:00:00.000Z","2525866.0548352655"
"2020-07-05T00:00:00.000Z","2210549.893787926"
"2020-07-05T12:00:00.000Z","6544230.412110652"
"2020-07-06T00:00:00.000Z","32848872.854983263"
"2020-07-06T12:00:00.000Z","17111937.121975098"
"2020-07-07T00:00:00.000Z","3220883.202884088"
"2020-07-07T12:00:00.000Z","26340231.430369478"
"2020-07-08T00:00:00.000Z","14213190.95083612"
"2020-07-08T12:00:00.000Z","21756745.70808275"
"2020-07-09T00:00:00.000Z","7102451.161364713"
"2020-07-09T12:00:00.000Z","7140623.205160502"
"2020-07-10T00:00:00.000Z","4447079.226014694"
"2020-07-10T12:00:00.000Z","8005164.201795427"
"2020-07-11T00:00:00.000Z","5376128.636086203"
"2020-07-11T12:00:00.000Z","2849030.1934038205"
"2020-07-12T00:00:00.000Z","3783092.4871945665"
"2020-07-12T12:00:00.000Z","6806742.950256778"
"2020-07-13T00:00:00.000Z","7329903.8448332995"
"2020-07-13T12:00:00.000Z","35517542.220371045"
"2020-07-14T00:00:00.000Z","16201771.685123637"
"2020-07-14T12:00:00.000Z","6847557.642829538"
"2020-07-15T00:00:00.000Z","13692300.37462969"
"2020-07-15T12:00:00.000Z","11648756.074496359"
"2020-07-16T00:00:00.000Z","11331654.168616705"
"2020-07-16T12:00:00.000Z","11910159.348120319"
"2020-07-17T00:00:00.000Z","11123273.129146073"
"2020-07-17T12:00:00.000Z","6145789.035243455"
"2020-07-18T00:00:00.000Z","2750107.4766821074"
"2020-07-18T12:00:00.000Z","5666124.792767287"
"2020-07-19T00:00:00.000Z","5017687.305693012"
"2020-07-19T12:00:00.000Z","7034804.300733919"
"2020-07-20T00:00:00.000Z","4414671.193433079"
"2020-07-20T12:00:00.000Z","39758530.35372523"
"2020-07-21T00:00:00.000Z","331625656.7626483"
"2020-07-21T12:00:00.000Z","8131422.594963053"
"2020-07-22T00:00:00.000Z","4663419.931647211"
"2020-07-22T12:00:00.000Z","9630360.749351805"
"2020-07-23T00:00:00.000Z","5844087.182916659"
"2020-07-23T12:00:00.000Z","8312512.423300835"
"2020-07-24T00:00:00.000Z","4270563.164481968"
"2020-07-24T12:00:00.000Z","5320700.404890677"
"2020-07-25T00:00:00.000Z","7379742.416201814"
"2020-07-25T12:00:00.000Z","14068420.21314013"
"2020-07-26T00:00:00.000Z","12565767.584716784"
"2020-07-26T12:00:00.000Z","10858535.105135443"
"2020-07-27T00:00:00.000Z","15411087.086922059"
"2020-07-27T12:00:00.000Z","39628280.94276058"
"2020-07-28T00:00:00.000Z","14389530.180306865"
"2020-07-28T12:00:00.000Z","214617793.06990558"
"2020-07-29T00:00:00.000Z","12578124.22860331"
"2020-07-29T12:00:00.000Z","8168848.704950825"
"2020-07-30T00:00:00.000Z","17478452.476486858"
"2020-07-30T12:00:00.000Z","29043307.09492242"
"2020-07-31T00:00:00.000Z","9791413.072309176"
"2020-07-31T12:00:00.000Z","11070975.967219487"
"2020-08-01T00:00:00.000Z","9659125.97254109"
"2020-08-01T12:00:00.000Z","10609599.869830988"
"2020-08-02T00:00:00.000Z","10363414.09412181"
"2020-08-02T12:00:00.000Z","9011431.39042956"
"2020-08-03T00:00:00.000Z","8072135.273240775"
"2020-08-03T12:00:00.000Z","11862290.00700765"
"2020-08-04T00:00:00.000Z","7758968.411859511"
"2020-08-04T12:00:00.000Z","8276830.103482252"
"2020-08-05T00:00:00.000Z","4205610.2333377795"
"2020-08-05T12:00:00.000Z","8419793.412804522"
"2020-08-06T00:00:00.000Z","8144727.157505413"
"2020-08-06T12:00:00.000Z","9299019.174111389"
"2020-08-07T00:00:00.000Z","5283934.581120291"
"2020-08-07T12:00:00.000Z","6672430.458974256"
"2020-08-08T00:00:00.000Z","4733887.865633417"
"2020-08-08T12:00:00.000Z","6308672.529443747"
"2020-08-09T00:00:00.000Z","11306972.444363657"
"2020-08-09T12:00:00.000Z","6929304.539632114"
"2020-08-10T00:00:00.000Z","8348174.529295642"
"2020-08-10T12:00:00.000Z","9702073.052493054"
"2020-08-11T00:00:00.000Z","9253603.346506348"
"2020-08-11T12:00:00.000Z","10902688.817008303"
"2020-08-12T00:00:00.000Z","6321943.157350549"
"2020-08-12T12:00:00.000Z","13645875.28838077"
"2020-08-13T00:00:00.000Z","7071435.946480657"
"2020-08-13T12:00:00.000Z","12353718.645602137"
"2020-08-14T00:00:00.000Z","50120657.78195169"
"2020-08-14T12:00:00.000Z","10810565.902829785"
"2020-08-15T00:00:00.000Z","10238061.787939096"
"2020-08-15T12:00:00.000Z","9609611.538907832"
"2020-08-16T00:00:00.000Z","13809717.830945645"
"2020-08-16T12:00:00.000Z","17440656.643856667"
"2020-08-17T00:00:00.000Z","53056807.02536323"
"2020-08-17T12:00:00.000Z","33705122.36646678"
"2020-08-18T00:00:00.000Z","49128035.95519296"
"2020-08-18T12:00:00.000Z","11299936.911363374"
"2020-08-19T00:00:00.000Z","7984570.133590287"
"2020-08-19T12:00:00.000Z","9270575.53707454"
"2020-08-20T00:00:00.000Z","6979242.622393138"
"2020-08-20T12:00:00.000Z","297410449.310956"
"2020-08-21T00:00:00.000Z","7037202.545930256"
"2020-08-21T12:00:00.000Z","12076348.665557535"
"2020-08-22T00:00:00.000Z","6873820.722475445"
"2020-08-22T12:00:00.000Z","9684114.073229687"
"2020-08-23T00:00:00.000Z","6222504.562308894"
"2020-08-23T12:00:00.000Z","29769191.837150957"
"2020-08-24T00:00:00.000Z","5748899.1726133805"
"2020-08-24T12:00:00.000Z","11818311.004775556"
"2020-08-25T00:00:00.000Z","10575841.240261195"
"2020-08-25T12:00:00.000Z","10433169.966284672"
"2020-08-26T00:00:00.000Z","81009775.70345534"
"2020-08-26T12:00:00.000Z","10128794.233687405"
"2020-08-27T00:00:00.000Z","5378921.927549084"
"2020-08-27T12:00:00.000Z","17925381.43869364"
"2020-08-28T00:00:00.000Z","5609545.508929864"
"2020-08-28T12:00:00.000Z","9208857.54621743"
"2020-08-29T00:00:00.000Z","7626896.534135344"
"2020-08-29T12:00:00.000Z","11607974.935189754"
"2020-08-30T00:00:00.000Z","5346179.897678205"
"2020-08-30T12:00:00.000Z","15615491.669623677"
"2020-08-31T00:00:00.000Z","14642162.946818396"
"2020-08-31T12:00:00.000Z","8620837.377836382"
"2020-09-01T00:00:00.000Z","9548435.122592842"
"2020-09-01T12:00:00.000Z","16752438.529599898"
"2020-09-02T00:00:00.000Z","9627508.782720683"
"2020-09-02T12:00:00.000Z","9856243.270540036"
"2020-09-03T00:00:00.000Z","136335534.28453553"
"2020-09-03T12:00:00.000Z","44008018.54175515"
"2020-09-04T00:00:00.000Z","44115579.60031702"
"2020-09-04T12:00:00.000Z","11627845.138686066"
"2020-09-05T00:00:00.000Z","2727689.1837929906"
"2020-09-05T12:00:00.000Z","7175894.297362872"
"2020-09-06T00:00:00.000Z","3864074.875527054"
"2020-09-06T12:00:00.000Z","7955516.224985546"
"2020-09-07T00:00:00.000Z","11899888.939136405"
"2020-09-07T12:00:00.000Z","282717189.75291747"
"2020-09-08T00:00:00.000Z","3054548.232905026"
"2020-09-08T12:00:00.000Z","8998124.565295534"
"2020-09-09T00:00:00.000Z","3880479.390335013"
"2020-09-09T12:00:00.000Z","10570935.78437053"
"2020-09-10T00:00:00.000Z","8655178.387931785"
"2020-09-10T12:00:00.000Z","5399265.0020086495"
"2020-09-11T00:00:00.000Z","4618898.802495782"
"2020-09-11T12:00:00.000Z","3633550.015055992"
"2020-09-12T00:00:00.000Z","4432910.05187115"
"2020-09-12T12:00:00.000Z","5308452.992954523"
"2020-09-13T00:00:00.000Z","7269968.43570032"
"2020-09-13T12:00:00.000Z","5294966.633726032"
"2020-09-14T00:00:00.000Z","14839562.23432284"
"2020-09-14T12:00:00.000Z","14180979.023986615"
"2020-09-15T00:00:00.000Z","4062861.978590435"
"2020-09-15T12:00:00.000Z","6689263.820876057"
"2020-09-16T00:00:00.000Z","5443018.590042474"
"2020-09-16T12:00:00.000Z","39971481.07017615"
"2020-09-17T00:00:00.000Z","5455078.9225325165"
"2020-09-17T12:00:00.000Z","20209999.949657544"
"2020-09-18T00:00:00.000Z","4365287.948082425"
"2020-09-18T12:00:00.000Z","6200313.017951959"
"2020-09-19T00:00:00.000Z","2393914.937330208"
"2020-09-19T12:00:00.000Z","4715209.547622999"
"2020-09-20T00:00:00.000Z","4524479.624552761"
"2020-09-20T12:00:00.000Z","9673215.892347926"
"2020-09-21T00:00:00.000Z","11388390.263350353"
"2020-09-21T12:00:00.000Z","7497991.843220894"
"2020-09-22T00:00:00.000Z","21894982.43372859"
"2020-09-22T12:00:00.000Z","7043529.720358351"
"2020-09-23T00:00:00.000Z","5631083.527759701"
"2020-09-23T12:00:00.000Z","9503879.198340947"
"2020-09-24T00:00:00.000Z","6849288.68375073"
"2020-09-24T12:00:00.000Z","8302106.788744004"
"2020-09-25T00:00:00.000Z","9028437.99328077"
"2020-09-25T12:00:00.000Z","8809961.702643763"
"2020-09-26T00:00:00.000Z","3913296.286642375"
"2020-09-26T12:00:00.000Z","5130784.981107837"
"2020-09-27T00:00:00.000Z","4771018.257615974"
"2020-09-27T12:00:00.000Z","18377817.717323057"
"2020-09-28T00:00:00.000Z","6519601.814130631"
"2020-09-28T12:00:00.000Z","15288924.957735397"
"2020-09-29T00:00:00.000Z","4817774.867040605"
"2020-09-29T12:00:00.000Z","12222922.646106595"
"2020-09-30T00:00:00.000Z","15108478.050791979"
"2020-09-30T12:00:00.000Z","8109021.052723754"
"2020-10-01T00:00:00.000Z","7605668.417475735"
"2020-10-01T12:00:00.000Z","7799060.457383798"
"2020-10-02T00:00:00.000Z","107316180.98096435"
"2020-10-02T12:00:00.000Z","4417657.668390696"
"2020-10-03T00:00:00.000Z","2808233.221105363"
"2020-10-03T12:00:00.000Z","10455706.375570254"
"2020-10-04T00:00:00.000Z","3243696.47912278"
"2020-10-04T12:00:00.000Z","11784012.749259064"
"2020-10-05T00:00:00.000Z","4121880.8446888877"
"2020-10-05T12:00:00.000Z","15074788.372362677"
"2020-10-06T00:00:00.000Z","4592188.911446089"
"2020-10-06T12:00:00.000Z","7064170.304674227"
"2020-10-07T00:00:00.000Z","8906961.800092349"
"2020-10-07T12:00:00.000Z","18003945.958482657"
"2020-10-08T00:00:00.000Z","4674511.228495718"
"2020-10-08T12:00:00.000Z","6286952.546225515"
"2020-10-09T00:00:00.000Z","6716558.940174272"
"2020-10-09T12:00:00.000Z","5866766.481255187"
"2020-10-10T00:00:00.000Z","49394140.79772637"
"2020-10-10T12:00:00.000Z","23304449.08209851"
"2020-10-11T00:00:00.000Z","4007771.1039581415"
"2020-10-11T12:00:00.000Z","15374192.969386939"
"2020-10-12T00:00:00.000Z","450404541.68978876"
"2020-10-12T12:00:00.000Z","11439137.49276084"
"2020-10-13T00:00:00.000Z","4662688.090104758"
"2020-10-13T12:00:00.000Z","8625867.006205825"
"2020-10-14T00:00:00.000Z","18503038.366663802"
"2020-10-14T12:00:00.000Z","8583943.454632059"
"2020-10-15T00:00:00.000Z","15246472.531728288"
"2020-10-15T12:00:00.000Z","8017925.770972256"
"2020-10-16T00:00:00.000Z","7501560.718731264"
"2020-10-16T12:00:00.000Z","5980490.175747978"
"2020-10-17T00:00:00.000Z","3686181.8790411837"
"2020-10-17T12:00:00.000Z","3688952.521222043"
"2020-10-18T00:00:00.000Z","3033466.635188706"
"2020-10-18T12:00:00.000Z","4542548.04282295"
"2020-10-19T00:00:00.000Z","3318298.832758919"
"2020-10-19T12:00:00.000Z","10006147.575117653"
"2020-10-20T00:00:00.000Z","3519533.8837169954"
"2020-10-20T12:00:00.000Z","14876804.217121895"
"2020-10-21T00:00:00.000Z","5402770.092048598"
"2020-10-21T12:00:00.000Z","33644051.476661466"
"2020-10-22T00:00:00.000Z","13943516.33336153"
"2020-10-22T12:00:00.000Z","15060612.461535675"
"2020-10-23T00:00:00.000Z","8233158.008477823"
"2020-10-23T12:00:00.000Z","54072377.786127366"
"2020-10-24T00:00:00.000Z","7077658.136910323"
"2020-10-24T12:00:00.000Z","10447418.300622288"
"2020-10-25T00:00:00.000Z","12927792.594027089"
"2020-10-25T12:00:00.000Z","80751725.63561654"
"2020-10-26T00:00:00.000Z","8136067.945166169"
"2020-10-26T12:00:00.000Z","70423019.58512463"
"2020-10-27T00:00:00.000Z","19452093.146203995"
"2020-10-27T12:00:00.000Z","23265600.180085614"
"2020-10-28T00:00:00.000Z","39979274.80389877"
"2020-10-28T12:00:00.000Z","21499473.559975974"
"2020-10-29T00:00:00.000Z","13293514.575933326"
"2020-10-29T12:00:00.000Z","16224793.504409341"
"2020-10-30T00:00:00.000Z","4641676.67690889"
"2020-10-30T12:00:00.000Z","8824013.467326576"
"2020-10-31T00:00:00.000Z","127608211.08750355"
"2020-10-31T12:00:00.000Z","62300377.839671634"
"2020-11-01T00:00:00.000Z","21866355.85161776"
"2020-11-01T12:00:00.000Z","4273172.995640386"
"2020-11-02T00:00:00.000Z","9627722.49750764"
"2020-11-02T12:00:00.000Z","61965685.41817563"
"2020-11-03T00:00:00.000Z","8482829.531153679"
"2020-11-03T12:00:00.000Z","15599858.463097658"
"2020-11-04T00:00:00.000Z","41951697.39127915"
"2020-11-04T12:00:00.000Z","9310649.962097473"
"2020-11-05T00:00:00.000Z","28946589.96049509"
"2020-11-05T12:00:00.000Z","45006144.8095339"
"2020-11-06T00:00:00.000Z","26797441.91264588"
"2020-11-06T12:00:00.000Z","13265874.144064864"
"2020-11-07T00:00:00.000Z","26066115.23871446"
"2020-11-07T12:00:00.000Z","9145959.27829226"
"2020-11-08T00:00:00.000Z","5981547.533011115"
"2020-11-08T12:00:00.000Z","11862940.468219204"
"2020-11-09T00:00:00.000Z","6885090.606564523"
"2020-11-09T12:00:00.000Z","55837987.1554589"
"2020-11-10T00:00:00.000Z","39331039.62211449"
"2020-11-10T12:00:00.000Z","13138203.665945971"
"2020-11-11T00:00:00.000Z","20164511.788905244"
"2020-11-11T12:00:00.000Z","10853624.843051666"
"2020-11-12T00:00:00.000Z","5090608.831108429"
"2020-11-12T12:00:00.000Z","10424345.556116266"
"2020-11-13T00:00:00.000Z","16584157.944389386"
"2020-11-13T12:00:00.000Z","60053302.38917156"
"2020-11-14T00:00:00.000Z","13310396.620172665"
"2020-11-14T12:00:00.000Z","6579943.140943386"
"2020-11-15T00:00:00.000Z","6908557.682256943"
"2020-11-15T12:00:00.000Z","9910288.074862484"
"2020-11-16T00:00:00.000Z","11393838.571149968"
"2020-11-16T12:00:00.000Z","51863077.85129808"
"2020-11-17T00:00:00.000Z","452369447.0706671"
"2020-11-17T12:00:00.000Z","32134251.658080734"
"2020-11-18T00:00:00.000Z","23605831.718187496"
"2020-11-18T12:00:00.000Z","17144387.604607705"
"2020-11-19T00:00:00.000Z","12393373.244967438"
"2020-11-19T12:00:00.000Z","47996881.28154554"
"2020-11-20T00:00:00.000Z","32016348.666418325"
"2020-11-20T12:00:00.000Z","22809342.72971428"
"2020-11-21T00:00:00.000Z","11106374.692852821"
"2020-11-21T12:00:00.000Z","16933761.583539214"
"2020-11-22T00:00:00.000Z","43854128.915546045"
"2020-11-22T12:00:00.000Z","28137792.592942007"
"2020-11-23T00:00:00.000Z","21742427.613318168"
"2020-11-23T12:00:00.000Z","21507368.791464787"
"2020-11-24T00:00:00.000Z","25976455.603125624"
"2020-11-24T12:00:00.000Z","25692412.823792774"
"2020-11-25T00:00:00.000Z","23034384.869927518"
"2020-11-25T12:00:00.000Z","22943316.511457615"
"2020-11-26T00:00:00.000Z","21646028.73300434"
"2020-11-26T12:00:00.000Z","36082375.46921436"
"2020-11-27T00:00:00.000Z","46618155.73529819"
"2020-11-27T12:00:00.000Z","10151818.454449188"
"2020-11-28T00:00:00.000Z","189882499.87696466"
"2020-11-28T12:00:00.000Z","11076255.763058482"
"2020-11-29T00:00:00.000Z","8150722.931632847"
"2020-11-29T12:00:00.000Z","14976116.791760432"
"2020-11-30T00:00:00.000Z","7265354.208716563"
"2020-11-30T12:00:00.000Z","32116654.620267693"
"2020-12-01T00:00:00.000Z","16147932.109212069"
"2020-12-01T12:00:00.000Z","18254411.807474576"
"2020-12-02T00:00:00.000Z","7611649.677066355"
"2020-12-02T12:00:00.000Z","99315939.12034307"
"2020-12-03T00:00:00.000Z","13019651.053122403"
"2020-12-03T12:00:00.000Z","14988720.847548777"
"2020-12-04T00:00:00.000Z","14574130.388467116"
"2020-12-04T12:00:00.000Z","26900917.114573784"
"2020-12-05T00:00:00.000Z","5005203.973288333"
"2020-12-05T12:00:00.000Z","7106529.198090414"
"2020-12-06T00:00:00.000Z","4908727.548863868"
"2020-12-06T12:00:00.000Z","8630259.689793253"
"2020-12-07T00:00:00.000Z","42252100.694303185"
"2020-12-07T12:00:00.000Z","8909629.252612948"
"2020-12-08T00:00:00.000Z","7567568.642043659"
"2020-12-08T12:00:00.000Z","30582380.722361043"
"2020-12-09T00:00:00.000Z","15581818.170837741"
"2020-12-09T12:00:00.000Z","18029822.21041881"
"2020-12-10T00:00:00.000Z","10896780.635158809"
"2020-12-10T12:00:00.000Z","219958221.95651996"
"2020-12-11T00:00:00.000Z","18643106.58008381"
"2020-12-11T12:00:00.000Z","18630211.18481338"
"2020-12-12T00:00:00.000Z","3593499.379912762"
"2020-12-12T12:00:00.000Z","6855301.674006271"
"2020-12-13T00:00:00.000Z","4924431.099592039"
"2020-12-13T12:00:00.000Z","12715599.028877478"
"2020-12-14T00:00:00.000Z","9329499.509256704"
"2020-12-14T12:00:00.000Z","7918510.476183195"
"2020-12-15T00:00:00.000Z","7232521.154866595"
"2020-12-15T12:00:00.000Z","15551658.214475261"
"2020-12-16T00:00:00.000Z","9378096.458011411"
"2020-12-16T12:00:00.000Z","44312810.45124215"
"2020-12-17T00:00:00.000Z","38937732.37126962"
"2020-12-17T12:00:00.000Z","66457322.350680806"
"2020-12-18T00:00:00.000Z","529810435.07831955"
"2020-12-18T12:00:00.000Z","62394484.51857709"
"2020-12-19T00:00:00.000Z","11734772.592209479"
"2020-12-19T12:00:00.000Z","83296332.2563809"
"2020-12-20T00:00:00.000Z","32264493.18161363"
"2020-12-20T12:00:00.000Z","21401343.328475486"
"2020-12-21T00:00:00.000Z","26219127.675435767"
"2020-12-21T12:00:00.000Z","31962631.78920032"
"2020-12-22T00:00:00.000Z","27458901.858672563"
"2020-12-22T12:00:00.000Z","45237228.84172191"
"2020-12-23T00:00:00.000Z","19772938.13420027"
"2020-12-23T12:00:00.000Z","24853736.963467933"
"2020-12-24T00:00:00.000Z","20219894.57865437"
"2020-12-24T12:00:00.000Z","12328043.14748592"
"2020-12-25T00:00:00.000Z","6990984.067261096"
"2020-12-25T12:00:00.000Z","17528304.949028865"
"2020-12-26T00:00:00.000Z","42838184.276997454"
"2020-12-26T12:00:00.000Z","28566828.49914183"
"2020-12-27T00:00:00.000Z","71338680.33982395"
"2020-12-27T12:00:00.000Z","32821866.94039153"
"2020-12-28T00:00:00.000Z","20425598.783388965"
"2020-12-28T12:00:00.000Z","49834529.33394951"
"2020-12-29T00:00:00.000Z","19538880.419037342"
"2020-12-29T12:00:00.000Z","38775986.997225665"
"2020-12-30T00:00:00.000Z","14444729.738277353"
"2020-12-30T12:00:00.000Z","35361364.6166953"
"2020-12-31T00:00:00.000Z","25493845.33550597"
"2020-12-31T12:00:00.000Z","31589700.307411965"
"2021-01-01T00:00:00.000Z","20544084.003926408"
"2021-01-01T12:00:00.000Z","13600429.471680347"
"2021-01-02T00:00:00.000Z","12830621.481675157"
"2021-01-02T12:00:00.000Z","45292520.80992476"
"2021-01-03T00:00:00.000Z","33085040.639473602"
"2021-01-03T12:00:00.000Z","70406569.63058043"
"2021-01-04T00:00:00.000Z","52537605.07301503"
"2021-01-04T12:00:00.000Z","47760515.738040835"
"2021-01-05T00:00:00.000Z","32693029.2818991"
"2021-01-05T12:00:00.000Z","36798312.81890721"
"2021-01-06T00:00:00.000Z","31909797.545970216"
"2021-01-06T12:00:00.000Z","41800702.56135463"
"2021-01-07T00:00:00.000Z","44010119.90040253"
"2021-01-07T12:00:00.000Z","90943149.41322568"
"2021-01-08T00:00:00.000Z","29572091.975370172"
"2021-01-08T12:00:00.000Z","68207470.26607327"
"2021-01-09T00:00:00.000Z","26849075.99371886"
"2021-01-09T12:00:00.000Z","29060290.409676123"
"2021-01-10T00:00:00.000Z","30218766.01112959"
"2021-01-10T12:00:00.000Z","372150401.7864228"
"2021-01-11T00:00:00.000Z","26446502.240429398"
"2021-01-11T12:00:00.000Z","30454277.81435737"
"2021-01-12T00:00:00.000Z","24338344.874707058"
"2021-01-12T12:00:00.000Z","21995336.71036498"
"2021-01-13T00:00:00.000Z","26352857.78694395"
"2021-01-13T12:00:00.000Z","21884202.90338002"
"2021-01-14T00:00:00.000Z","43136110.63477921"
"2021-01-14T12:00:00.000Z","19422743.491429567"
"2021-01-15T00:00:00.000Z","15281106.989769785"
"2021-01-15T12:00:00.000Z","10918463.241368398"
"2021-01-16T00:00:00.000Z","6302872.357566029"
"2021-01-16T12:00:00.000Z","14868969.025978979"
"2021-01-17T00:00:00.000Z","12056672.854546271"
"2021-01-17T12:00:00.000Z","15044409.509283299"
"2021-01-18T00:00:00.000Z","11622560.524384975"
"2021-01-18T12:00:00.000Z","256412220.53184572"
"2021-01-19T00:00:00.000Z","40563311.02599099"
"2021-01-19T12:00:00.000Z","29269886.544348013"
"2021-01-20T00:00:00.000Z","15187074.014485724"
"2021-01-20T12:00:00.000Z","17326307.83854677"
"2021-01-21T00:00:00.000Z","31775242.14749055"
"2021-01-21T12:00:00.000Z","19751966.319761645"
"2021-01-22T00:00:00.000Z","16602422.385376228"
"2021-01-22T12:00:00.000Z","24912162.89648664"
"2021-01-23T00:00:00.000Z","301059921.1721101"
"2021-01-23T12:00:00.000Z","13470597.455084812"
"2021-01-24T00:00:00.000Z","10883898.139156695"
"2021-01-24T12:00:00.000Z","19133156.368112545"
"2021-01-25T00:00:00.000Z","12679098.038464162"
"2021-01-25T12:00:00.000Z","27382995.489886392"
"2021-01-26T00:00:00.000Z","13493816.407274002"
"2021-01-26T12:00:00.000Z","7726670.31181507"
"2021-01-27T00:00:00.000Z","9570899.662436461"
"2021-01-27T12:00:00.000Z","21347615.31692174"
"2021-01-28T00:00:00.000Z","23251233.669907268"
"2021-01-28T12:00:00.000Z","12650738.579972839"
"2021-01-29T00:00:00.000Z","14303515.303027987"
"2021-01-29T12:00:00.000Z","16664307.963386875"
"2021-01-30T00:00:00.000Z","9269917.370850395"
"2021-01-30T12:00:00.000Z","11135811.314573957"
"2021-01-31T00:00:00.000Z","13881431.090143265"
"2021-01-31T12:00:00.000Z","24941782.01710366"
"2021-02-01T00:00:00.000Z","13430121.672222385"
"2021-02-01T12:00:00.000Z","15611513.97656568"
"2021-02-02T00:00:00.000Z","42146558.30563818"
"2021-02-02T12:00:00.000Z","272982892.56764936"
"2021-02-03T00:00:00.000Z","18544392.475194365"
"2021-02-03T12:00:00.000Z","21778037.2189304"
"2021-02-04T00:00:00.000Z","18001870.76424723"
"2021-02-04T12:00:00.000Z","19836404.097905096"
"2021-02-05T00:00:00.000Z","13711832.90682356"
"2021-02-05T12:00:00.000Z","25113545.96664435"
"2021-02-06T00:00:00.000Z","40332163.88608166"
"2021-02-06T12:00:00.000Z","268345069.7617062"
"2021-02-07T00:00:00.000Z","8904076.696619565"
"2021-02-07T12:00:00.000Z","17783086.629957207"
"2021-02-08T00:00:00.000Z","12973045.750382954"
"2021-02-08T12:00:00.000Z","37284159.15597445"
"2021-02-09T00:00:00.000Z","46515634.64993203"
"2021-02-09T12:00:00.000Z","29540890.340535294"
"2021-02-10T00:00:00.000Z","64304908.87830697"
"2021-02-10T12:00:00.000Z","115520658.70687667"
"2021-02-11T00:00:00.000Z","18591279.51881472"
"2021-02-11T12:00:00.000Z","27719250.637630213"
"2021-02-12T00:00:00.000Z","26930447.981800437"
"2021-02-12T12:00:00.000Z","34302482.4887078"
"2021-02-13T00:00:00.000Z","32128164.26353602"
"2021-02-13T12:00:00.000Z","35182515.45654863"
"2021-02-14T00:00:00.000Z","26603044.632255815"
"2021-02-14T12:00:00.000Z","31164840.8655664"
"2021-02-15T00:00:00.000Z","17338578.007657163"
"2021-02-15T12:00:00.000Z","19625329.995214775"
"2021-02-16T00:00:00.000Z","17029423.2941495"
"2021-02-16T12:00:00.000Z","22307425.07229758"
"2021-02-17T00:00:00.000Z","21530060.714307234"
"2021-02-17T12:00:00.000Z","52015065.01181084"
"2021-02-18T00:00:00.000Z","133679428.38176088"
"2021-02-18T12:00:00.000Z","109753622.89429969"
"2021-02-19T00:00:00.000Z","114260345.37951334"
"2021-02-19T12:00:00.000Z","77291686.62063523"
"2021-02-20T00:00:00.000Z","19005484.64921821"
"2021-02-20T12:00:00.000Z","59265292.70941698"
"2021-02-21T00:00:00.000Z","70279985.78624706"
"2021-02-21T12:00:00.000Z","20696686.57466649"
"2021-02-22T00:00:00.000Z","62983276.67817205"
"2021-02-22T12:00:00.000Z","35716723.19865729"
"2021-02-23T00:00:00.000Z","44405068.29157263"
"2021-02-23T12:00:00.000Z","26409584.654136248"
"2021-02-24T00:00:00.000Z","18886413.441858362"
"2021-02-24T12:00:00.000Z","20513460.75344701"
"2021-02-25T00:00:00.000Z","8674499.690085586"
"2021-02-25T12:00:00.000Z","14985547.122515144"
"2021-02-26T00:00:00.000Z","11470587.066925013"
"2021-02-26T12:00:00.000Z","64821374.755988576"
"2021-02-27T00:00:00.000Z","7080434.190290907"
"2021-02-27T12:00:00.000Z","11212165.55333413"
"2021-02-28T00:00:00.000Z","24129453.016010795"
"2021-02-28T12:00:00.000Z","28179428.684796717"
"2021-03-01T00:00:00.000Z","10777156.579776801"
"2021-03-01T12:00:00.000Z","17779171.891135823"
"2021-03-02T00:00:00.000Z","55156777.17013263"
"2021-03-02T12:00:00.000Z","25713699.702373724"
"2021-03-03T00:00:00.000Z","11044492.709950281"
"2021-03-03T12:00:00.000Z","24517403.82192627"
"2021-03-04T00:00:00.000Z","16569080.123310855"
"2021-03-04T12:00:00.000Z","206678407.5754066"
"2021-03-05T00:00:00.000Z","13875702.9329632"
"2021-03-05T12:00:00.000Z","12991561.686714409"
"2021-03-06T00:00:00.000Z","7164059.324432452"
"2021-03-06T12:00:00.000Z","7877122.363234489"
"2021-03-07T00:00:00.000Z","9377645.547642"
"2021-03-07T12:00:00.000Z","27953730.872103192"
"2021-03-08T00:00:00.000Z","7183746.7920252"
"2021-03-08T12:00:00.000Z","19448926.049275823"
"2021-03-09T00:00:00.000Z","67835742.68640429"
"2021-03-09T12:00:00.000Z","10399638.452347025"
"2021-03-10T00:00:00.000Z","12011673.228417538"
"2021-03-10T12:00:00.000Z","19976455.40554632"
"2021-03-11T00:00:00.000Z","5844652.526229625"
"2021-03-11T12:00:00.000Z","23071205.596464776"
"2021-03-12T00:00:00.000Z","15291508.728834702"
"2021-03-12T12:00:00.000Z","274279077.99915886"
"2021-03-13T00:00:00.000Z","14259927.504929733"
"2021-03-13T12:00:00.000Z","25913562.964812547"
"2021-03-14T00:00:00.000Z","29433565.809227165"
"2021-03-14T12:00:00.000Z","22274787.538095098"
"2021-03-15T00:00:00.000Z","35380743.1758251"
"2021-03-15T12:00:00.000Z","14278258.06454729"
"2021-03-16T00:00:00.000Z","45146678.482561305"
"2021-03-16T12:00:00.000Z","17453395.257014055"
"2021-03-17T00:00:00.000Z","291115797.65700245"
"2021-03-17T12:00:00.000Z","10985137.187557405"
"2021-03-18T00:00:00.000Z","43558094.63263485"
"2021-03-18T12:00:00.000Z","13352450.636398835"
"2021-03-19T00:00:00.000Z","7957606.060363239"
"2021-03-19T12:00:00.000Z","59650897.8571641"
"2021-03-20T00:00:00.000Z","6317718.6595370285"
"2021-03-20T12:00:00.000Z","26688523.73917888"
"2021-03-21T00:00:00.000Z","5392759.261221815"
"2021-03-21T12:00:00.000Z","13038298.01755895"
"2021-03-22T00:00:00.000Z","15517160.67190124"
"2021-03-22T12:00:00.000Z","18437808.827761482"
"2021-03-23T00:00:00.000Z","11451776.321769824"
"2021-03-23T12:00:00.000Z","19424092.169110112"
"2021-03-24T00:00:00.000Z","8839127.00620059"
"2021-03-24T12:00:00.000Z","22354625.176225334"
"2021-03-25T00:00:00.000Z","12771764.062747268"
"2021-03-25T12:00:00.000Z","8659096.791128915"
"2021-03-26T00:00:00.000Z","6818503.482654449"
"2021-03-26T12:00:00.000Z","9893921.00643502"
"2021-03-27T00:00:00.000Z","9601269.993432244"
"2021-03-27T12:00:00.000Z","5244490.469441008"
"2021-03-28T00:00:00.000Z","5726967.190882736"
"2021-03-28T12:00:00.000Z","10903157.36629073"
"2021-03-29T00:00:00.000Z","6713647.573719749"
"2021-03-29T12:00:00.000Z","11497731.159364684"
"2021-03-30T00:00:00.000Z","34446283.03005281"
"2021-03-30T12:00:00.000Z","13838741.20607083"
"2021-03-31T00:00:00.000Z","15288786.850828221"
"2021-03-31T12:00:00.000Z","14773543.048753805"
"2021-04-01T00:00:00.000Z","4746190.146301224"
"2021-04-01T12:00:00.000Z",""
"2021-04-02T00:00:00.000Z",""
"2021-04-02T12:00:00.000Z",""
"2021-04-03T00:00:00.000Z",""
"2021-04-03T12:00:00.000Z",""
"2021-04-04T00:00:00.000Z",""
"2021-04-04T12:00:00.000Z",""
"2021-04-05T00:00:00.000Z",""
"2021-04-05T12:00:00.000Z",""
"2021-04-06T00:00:00.000Z",""
"2021-04-06T12:00:00.000Z",""
"2021-04-07T00:00:00.000Z",""
"2021-04-07T12:00:00.000Z",""
"2021-04-08T00:00:00.000Z",""
"2021-04-08T12:00:00.000Z",""