"Date","Active Addresses 24h (LTC)"
"2019-03-31T12:00:00.000Z","67232"
"2019-04-01T00:00:00.000Z","71455"
"2019-04-01T12:00:00.000Z","79095"
"2019-04-02T00:00:00.000Z","87364"
"2019-04-02T12:00:00.000Z","94752"
"2019-04-03T00:00:00.000Z","96243"
"2019-04-03T12:00:00.000Z","105007"
"2019-04-04T00:00:00.000Z","97582"
"2019-04-04T12:00:00.000Z","83651"
"2019-04-05T00:00:00.000Z","80176"
"2019-04-05T12:00:00.000Z","77799"
"2019-04-06T00:00:00.000Z","73170"
"2019-04-06T12:00:00.000Z","73882"
"2019-04-07T00:00:00.000Z","72872"
"2019-04-07T12:00:00.000Z","162385"
"2019-04-08T00:00:00.000Z","167505"
"2019-04-08T12:00:00.000Z","140714"
"2019-04-09T00:00:00.000Z","71702"
"2019-04-09T12:00:00.000Z","70669"
"2019-04-10T00:00:00.000Z","72467"
"2019-04-10T12:00:00.000Z","99837"
"2019-04-11T00:00:00.000Z","125961"
"2019-04-11T12:00:00.000Z","102835"
"2019-04-12T00:00:00.000Z","68780"
"2019-04-12T12:00:00.000Z","68304"
"2019-04-13T00:00:00.000Z","66756"
"2019-04-13T12:00:00.000Z","63150"
"2019-04-14T00:00:00.000Z","64172"
"2019-04-14T12:00:00.000Z","66144"
"2019-04-15T00:00:00.000Z","70613"
"2019-04-15T12:00:00.000Z","72100"
"2019-04-16T00:00:00.000Z","68566"
"2019-04-16T12:00:00.000Z","69404"
"2019-04-17T00:00:00.000Z","68360"
"2019-04-17T12:00:00.000Z","67996"
"2019-04-18T00:00:00.000Z","73796"
"2019-04-18T12:00:00.000Z","75100"
"2019-04-19T00:00:00.000Z","69808"
"2019-04-19T12:00:00.000Z","71166"
"2019-04-20T00:00:00.000Z","71467"
"2019-04-20T12:00:00.000Z","66102"
"2019-04-21T00:00:00.000Z","60757"
"2019-04-21T12:00:00.000Z","58751"
"2019-04-22T00:00:00.000Z","60397"
"2019-04-22T12:00:00.000Z","63490"
"2019-04-23T00:00:00.000Z","69633"
"2019-04-23T12:00:00.000Z","75530"
"2019-04-24T00:00:00.000Z","74456"
"2019-04-24T12:00:00.000Z","72170"
"2019-04-25T00:00:00.000Z","69942"
"2019-04-25T12:00:00.000Z","68825"
"2019-04-26T00:00:00.000Z","71825"
"2019-04-26T12:00:00.000Z","72692"
"2019-04-27T00:00:00.000Z","69041"
"2019-04-27T12:00:00.000Z","65177"
"2019-04-28T00:00:00.000Z","62499"
"2019-04-28T12:00:00.000Z","64741"
"2019-04-29T00:00:00.000Z","69732"
"2019-04-29T12:00:00.000Z","67903"
"2019-04-30T00:00:00.000Z","65885"
"2019-04-30T12:00:00.000Z","75065"
"2019-05-01T00:00:00.000Z","72726"
"2019-05-01T12:00:00.000Z","63744"
"2019-05-02T00:00:00.000Z","59431"
"2019-05-02T12:00:00.000Z","63025"
"2019-05-03T00:00:00.000Z","65761"
"2019-05-03T12:00:00.000Z","67562"
"2019-05-04T00:00:00.000Z","68409"
"2019-05-04T12:00:00.000Z","68342"
"2019-05-05T00:00:00.000Z","64633"
"2019-05-05T12:00:00.000Z","60266"
"2019-05-06T00:00:00.000Z","60630"
"2019-05-06T12:00:00.000Z","69849"
"2019-05-07T00:00:00.000Z","70507"
"2019-05-07T12:00:00.000Z","67418"
"2019-05-08T00:00:00.000Z","67772"
"2019-05-08T12:00:00.000Z","68141"
"2019-05-09T00:00:00.000Z","68759"
"2019-05-09T12:00:00.000Z","69330"
"2019-05-10T00:00:00.000Z","71554"
"2019-05-10T12:00:00.000Z","73124"
"2019-05-11T00:00:00.000Z","76053"
"2019-05-11T12:00:00.000Z","80169"
"2019-05-12T00:00:00.000Z","75982"
"2019-05-12T12:00:00.000Z","69577"
"2019-05-13T00:00:00.000Z","66566"
"2019-05-13T12:00:00.000Z","73254"
"2019-05-14T00:00:00.000Z","80069"
"2019-05-14T12:00:00.000Z","82088"
"2019-05-15T00:00:00.000Z","82124"
"2019-05-15T12:00:00.000Z","95450"
"2019-05-16T00:00:00.000Z","109587"
"2019-05-16T12:00:00.000Z","98860"
"2019-05-17T00:00:00.000Z","89930"
"2019-05-17T12:00:00.000Z","86607"
"2019-05-18T00:00:00.000Z","77370"
"2019-05-18T12:00:00.000Z","72963"
"2019-05-19T00:00:00.000Z","71062"
"2019-05-19T12:00:00.000Z","72384"
"2019-05-20T00:00:00.000Z","74489"
"2019-05-20T12:00:00.000Z","78433"
"2019-05-21T00:00:00.000Z","83119"
"2019-05-21T12:00:00.000Z","82834"
"2019-05-22T00:00:00.000Z","77846"
"2019-05-22T12:00:00.000Z","77060"
"2019-05-23T00:00:00.000Z","77445"
"2019-05-23T12:00:00.000Z","77986"
"2019-05-24T00:00:00.000Z","81728"
"2019-05-24T12:00:00.000Z","91289"
"2019-05-25T00:00:00.000Z","88192"
"2019-05-25T12:00:00.000Z","76471"
"2019-05-26T00:00:00.000Z","73494"
"2019-05-26T12:00:00.000Z","72336"
"2019-05-27T00:00:00.000Z","82656"
"2019-05-27T12:00:00.000Z","92036"
"2019-05-28T00:00:00.000Z","85642"
"2019-05-28T12:00:00.000Z","83754"
"2019-05-29T00:00:00.000Z","84085"
"2019-05-29T12:00:00.000Z","82950"
"2019-05-30T00:00:00.000Z","85910"
"2019-05-30T12:00:00.000Z","96125"
"2019-05-31T00:00:00.000Z","94078"
"2019-05-31T12:00:00.000Z","86960"
"2019-06-01T00:00:00.000Z","81694"
"2019-06-01T12:00:00.000Z","73392"
"2019-06-02T00:00:00.000Z","80710"
"2019-06-02T12:00:00.000Z","84516"
"2019-06-03T00:00:00.000Z","78975"
"2019-06-03T12:00:00.000Z","78847"
"2019-06-04T00:00:00.000Z","80822"
"2019-06-04T12:00:00.000Z","82508"
"2019-06-05T00:00:00.000Z","78493"
"2019-06-05T12:00:00.000Z","78013"
"2019-06-06T00:00:00.000Z","79100"
"2019-06-06T12:00:00.000Z","83211"
"2019-06-07T00:00:00.000Z","81525"
"2019-06-07T12:00:00.000Z","83861"
"2019-06-08T00:00:00.000Z","85375"
"2019-06-08T12:00:00.000Z","79762"
"2019-06-09T00:00:00.000Z","75533"
"2019-06-09T12:00:00.000Z","73853"
"2019-06-10T00:00:00.000Z","85154"
"2019-06-10T12:00:00.000Z","102044"
"2019-06-11T00:00:00.000Z","99296"
"2019-06-11T12:00:00.000Z","97973"
"2019-06-12T00:00:00.000Z","107866"
"2019-06-12T12:00:00.000Z","107017"
"2019-06-13T00:00:00.000Z","97162"
"2019-06-13T12:00:00.000Z","97866"
"2019-06-14T00:00:00.000Z","96762"
"2019-06-14T12:00:00.000Z","95488"
"2019-06-15T00:00:00.000Z","95295"
"2019-06-15T12:00:00.000Z","91702"
"2019-06-16T00:00:00.000Z","90094"
"2019-06-16T12:00:00.000Z","91340"
"2019-06-17T00:00:00.000Z","91844"
"2019-06-17T12:00:00.000Z","100542"
"2019-06-18T00:00:00.000Z","104164"
"2019-06-18T12:00:00.000Z","99328"
"2019-06-19T00:00:00.000Z","97674"
"2019-06-19T12:00:00.000Z","95873"
"2019-06-20T00:00:00.000Z","92346"
"2019-06-20T12:00:00.000Z","98372"
"2019-06-21T00:00:00.000Z","105066"
"2019-06-21T12:00:00.000Z","105679"
"2019-06-22T00:00:00.000Z","121470"
"2019-06-22T12:00:00.000Z","134771"
"2019-06-23T00:00:00.000Z","115669"
"2019-06-23T12:00:00.000Z","99299"
"2019-06-24T00:00:00.000Z","106340"
"2019-06-24T12:00:00.000Z","121159"
"2019-06-25T00:00:00.000Z","110783"
"2019-06-25T12:00:00.000Z","106504"
"2019-06-26T00:00:00.000Z","113643"
"2019-06-26T12:00:00.000Z","130909"
"2019-06-27T00:00:00.000Z","143190"
"2019-06-27T12:00:00.000Z","123376"
"2019-06-28T00:00:00.000Z","99811"
"2019-06-28T12:00:00.000Z","97997"
"2019-06-29T00:00:00.000Z","98368"
"2019-06-29T12:00:00.000Z","92302"
"2019-06-30T00:00:00.000Z","85415"
"2019-06-30T12:00:00.000Z","83752"
"2019-07-01T00:00:00.000Z","89166"
"2019-07-01T12:00:00.000Z","96978"
"2019-07-02T00:00:00.000Z","93077"
"2019-07-02T12:00:00.000Z","86671"
"2019-07-03T00:00:00.000Z","85645"
"2019-07-03T12:00:00.000Z","85700"
"2019-07-04T00:00:00.000Z","87340"
"2019-07-04T12:00:00.000Z","84064"
"2019-07-05T00:00:00.000Z","79733"
"2019-07-05T12:00:00.000Z","84625"
"2019-07-06T00:00:00.000Z","83499"
"2019-07-06T12:00:00.000Z","78308"
"2019-07-07T00:00:00.000Z","79267"
"2019-07-07T12:00:00.000Z","87495"
"2019-07-08T00:00:00.000Z","97617"
"2019-07-08T12:00:00.000Z","96029"
"2019-07-09T00:00:00.000Z","91385"
"2019-07-09T12:00:00.000Z","88460"
"2019-07-10T00:00:00.000Z","89522"
"2019-07-10T12:00:00.000Z","98591"
"2019-07-11T00:00:00.000Z","97061"
"2019-07-11T12:00:00.000Z","88960"
"2019-07-12T00:00:00.000Z","85732"
"2019-07-12T12:00:00.000Z","86420"
"2019-07-13T00:00:00.000Z","83831"
"2019-07-13T12:00:00.000Z","78777"
"2019-07-14T00:00:00.000Z","78221"
"2019-07-14T12:00:00.000Z","82235"
"2019-07-15T00:00:00.000Z","84139"
"2019-07-15T12:00:00.000Z","84589"
"2019-07-16T00:00:00.000Z","85482"
"2019-07-16T12:00:00.000Z","89282"
"2019-07-17T00:00:00.000Z","92462"
"2019-07-17T12:00:00.000Z","92417"
"2019-07-18T00:00:00.000Z","86290"
"2019-07-18T12:00:00.000Z","85461"
"2019-07-19T00:00:00.000Z","82355"
"2019-07-19T12:00:00.000Z","78051"
"2019-07-20T00:00:00.000Z","77065"
"2019-07-20T12:00:00.000Z","75297"
"2019-07-21T00:00:00.000Z","67127"
"2019-07-21T12:00:00.000Z","67977"
"2019-07-22T00:00:00.000Z","71976"
"2019-07-22T12:00:00.000Z","74083"
"2019-07-23T00:00:00.000Z","74130"
"2019-07-23T12:00:00.000Z","78832"
"2019-07-24T00:00:00.000Z","78259"
"2019-07-24T12:00:00.000Z","72870"
"2019-07-25T00:00:00.000Z","71116"
"2019-07-25T12:00:00.000Z","72969"
"2019-07-26T00:00:00.000Z","73832"
"2019-07-26T12:00:00.000Z","72854"
"2019-07-27T00:00:00.000Z","70980"
"2019-07-27T12:00:00.000Z","68355"
"2019-07-28T00:00:00.000Z","66025"
"2019-07-28T12:00:00.000Z","66288"
"2019-07-29T00:00:00.000Z","71176"
"2019-07-29T12:00:00.000Z","74472"
"2019-07-30T00:00:00.000Z","78069"
"2019-07-30T12:00:00.000Z","78925"
"2019-07-31T00:00:00.000Z","75187"
"2019-07-31T12:00:00.000Z","78408"
"2019-08-01T00:00:00.000Z","75192"
"2019-08-01T12:00:00.000Z","77872"
"2019-08-02T00:00:00.000Z","80260"
"2019-08-02T12:00:00.000Z","76594"
"2019-08-03T00:00:00.000Z","73940"
"2019-08-03T12:00:00.000Z","70696"
"2019-08-04T00:00:00.000Z","72998"
"2019-08-04T12:00:00.000Z","74171"
"2019-08-05T00:00:00.000Z","75175"
"2019-08-05T12:00:00.000Z","85830"
"2019-08-06T00:00:00.000Z","87018"
"2019-08-06T12:00:00.000Z","84690"
"2019-08-07T00:00:00.000Z","81486"
"2019-08-07T12:00:00.000Z","79561"
"2019-08-08T00:00:00.000Z","85799"
"2019-08-08T12:00:00.000Z","89303"
"2019-08-09T00:00:00.000Z","87183"
"2019-08-09T12:00:00.000Z","179320"
"2019-08-10T00:00:00.000Z","364398"
"2019-08-10T12:00:00.000Z","275305"
"2019-08-11T00:00:00.000Z","91860"
"2019-08-11T12:00:00.000Z","88496"
"2019-08-12T00:00:00.000Z","91897"
"2019-08-12T12:00:00.000Z","88391"
"2019-08-13T00:00:00.000Z","80205"
"2019-08-13T12:00:00.000Z","75748"
"2019-08-14T00:00:00.000Z","72596"
"2019-08-14T12:00:00.000Z","70559"
"2019-08-15T00:00:00.000Z","67100"
"2019-08-15T12:00:00.000Z","64838"
"2019-08-16T00:00:00.000Z","67863"
"2019-08-16T12:00:00.000Z","75608"
"2019-08-17T00:00:00.000Z","69781"
"2019-08-17T12:00:00.000Z","65054"
"2019-08-18T00:00:00.000Z","65893"
"2019-08-18T12:00:00.000Z","62960"
"2019-08-19T00:00:00.000Z","58998"
"2019-08-19T12:00:00.000Z","61832"
"2019-08-20T00:00:00.000Z","85710"
"2019-08-20T12:00:00.000Z","88863"
"2019-08-21T00:00:00.000Z","69468"
"2019-08-21T12:00:00.000Z","67271"
"2019-08-22T00:00:00.000Z","66927"
"2019-08-22T12:00:00.000Z","67826"
"2019-08-23T00:00:00.000Z","63397"
"2019-08-23T12:00:00.000Z","60346"
"2019-08-24T00:00:00.000Z","61147"
"2019-08-24T12:00:00.000Z","58610"
"2019-08-25T00:00:00.000Z","55125"
"2019-08-25T12:00:00.000Z","52038"
"2019-08-26T00:00:00.000Z","52529"
"2019-08-26T12:00:00.000Z","61501"
"2019-08-27T00:00:00.000Z","102027"
"2019-08-27T12:00:00.000Z","100246"
"2019-08-28T00:00:00.000Z","61952"
"2019-08-28T12:00:00.000Z","61124"
"2019-08-29T00:00:00.000Z","61930"
"2019-08-29T12:00:00.000Z","61049"
"2019-08-30T00:00:00.000Z","61026"
"2019-08-30T12:00:00.000Z","58628"
"2019-08-31T00:00:00.000Z","55665"
"2019-08-31T12:00:00.000Z","59430"
"2019-09-01T00:00:00.000Z","57070"
"2019-09-01T12:00:00.000Z","51288"
"2019-09-02T00:00:00.000Z","53089"
"2019-09-02T12:00:00.000Z","59038"
"2019-09-03T00:00:00.000Z","102059"
"2019-09-03T12:00:00.000Z","103805"
"2019-09-04T00:00:00.000Z","63422"
"2019-09-04T12:00:00.000Z","62334"
"2019-09-05T00:00:00.000Z","65143"
"2019-09-05T12:00:00.000Z","65462"
"2019-09-06T00:00:00.000Z","68738"
"2019-09-06T12:00:00.000Z","70260"
"2019-09-07T00:00:00.000Z","67227"
"2019-09-07T12:00:00.000Z","66995"
"2019-09-08T00:00:00.000Z","73460"
"2019-09-08T12:00:00.000Z","78089"
"2019-09-09T00:00:00.000Z","72455"
"2019-09-09T12:00:00.000Z","73531"
"2019-09-10T00:00:00.000Z","108442"
"2019-09-10T12:00:00.000Z","109443"
"2019-09-11T00:00:00.000Z","74994"
"2019-09-11T12:00:00.000Z","78888"
"2019-09-12T00:00:00.000Z","77023"
"2019-09-12T12:00:00.000Z","68748"
"2019-09-13T00:00:00.000Z","69239"
"2019-09-13T12:00:00.000Z","74724"
"2019-09-14T00:00:00.000Z","69902"
"2019-09-14T12:00:00.000Z","71009"
"2019-09-15T00:00:00.000Z","81141"
"2019-09-15T12:00:00.000Z","83720"
"2019-09-16T00:00:00.000Z","82041"
"2019-09-16T12:00:00.000Z","97554"
"2019-09-17T00:00:00.000Z","147151"
"2019-09-17T12:00:00.000Z","142149"
"2019-09-18T00:00:00.000Z","101766"
"2019-09-18T12:00:00.000Z","109839"
"2019-09-19T00:00:00.000Z","131083"
"2019-09-19T12:00:00.000Z","128645"
"2019-09-20T00:00:00.000Z","105769"
"2019-09-20T12:00:00.000Z","99185"
"2019-09-21T00:00:00.000Z","91966"
"2019-09-21T12:00:00.000Z","73392"
"2019-09-22T00:00:00.000Z","62049"
"2019-09-22T12:00:00.000Z","68891"
"2019-09-23T00:00:00.000Z","92381"
"2019-09-23T12:00:00.000Z","101643"
"2019-09-24T00:00:00.000Z","123400"
"2019-09-24T12:00:00.000Z","116042"
"2019-09-25T00:00:00.000Z","80872"
"2019-09-25T12:00:00.000Z","74626"
"2019-09-26T00:00:00.000Z","67583"
"2019-09-26T12:00:00.000Z","69341"
"2019-09-27T00:00:00.000Z","68726"
"2019-09-27T12:00:00.000Z","64409"
"2019-09-28T00:00:00.000Z","69178"
"2019-09-28T12:00:00.000Z","71735"
"2019-09-29T00:00:00.000Z","66029"
"2019-09-29T12:00:00.000Z","57847"
"2019-09-30T00:00:00.000Z","60247"
"2019-09-30T12:00:00.000Z","70665"
"2019-10-01T00:00:00.000Z","100168"
"2019-10-01T12:00:00.000Z","90910"
"2019-10-02T00:00:00.000Z","57111"
"2019-10-02T12:00:00.000Z","54615"
"2019-10-03T00:00:00.000Z","60434"
"2019-10-03T12:00:00.000Z","59147"
"2019-10-04T00:00:00.000Z","55630"
"2019-10-04T12:00:00.000Z","56580"
"2019-10-05T00:00:00.000Z","55100"
"2019-10-05T12:00:00.000Z","56404"
"2019-10-06T00:00:00.000Z","62217"
"2019-10-06T12:00:00.000Z","62798"
"2019-10-07T00:00:00.000Z","62418"
"2019-10-07T12:00:00.000Z","62718"
"2019-10-08T00:00:00.000Z","94631"
"2019-10-08T12:00:00.000Z","96766"
"2019-10-09T00:00:00.000Z","64143"
"2019-10-09T12:00:00.000Z","62624"
"2019-10-10T00:00:00.000Z","63469"
"2019-10-10T12:00:00.000Z","61890"
"2019-10-11T00:00:00.000Z","60974"
"2019-10-11T12:00:00.000Z","61608"
"2019-10-12T00:00:00.000Z","57655"
"2019-10-12T12:00:00.000Z","53700"
"2019-10-13T00:00:00.000Z","54851"
"2019-10-13T12:00:00.000Z","54589"
"2019-10-14T00:00:00.000Z","53906"
"2019-10-14T12:00:00.000Z","54872"
"2019-10-15T00:00:00.000Z","88347"
"2019-10-15T12:00:00.000Z","87337"
"2019-10-16T00:00:00.000Z","61022"
"2019-10-16T12:00:00.000Z","60279"
"2019-10-17T00:00:00.000Z","51333"
"2019-10-17T12:00:00.000Z","50703"
"2019-10-18T00:00:00.000Z","50971"
"2019-10-18T12:00:00.000Z","51555"
"2019-10-19T00:00:00.000Z","52619"
"2019-10-19T12:00:00.000Z","52810"
"2019-10-20T00:00:00.000Z","50970"
"2019-10-20T12:00:00.000Z","46945"
"2019-10-21T00:00:00.000Z","48732"
"2019-10-21T12:00:00.000Z","52519"
"2019-10-22T00:00:00.000Z","80046"
"2019-10-22T12:00:00.000Z","81545"
"2019-10-23T00:00:00.000Z","53595"
"2019-10-23T12:00:00.000Z","52911"
"2019-10-24T00:00:00.000Z","53913"
"2019-10-24T12:00:00.000Z","52032"
"2019-10-25T00:00:00.000Z","50973"
"2019-10-25T12:00:00.000Z","58119"
"2019-10-26T00:00:00.000Z","61109"
"2019-10-26T12:00:00.000Z","58799"
"2019-10-27T00:00:00.000Z","50293"
"2019-10-27T12:00:00.000Z","48906"
"2019-10-28T00:00:00.000Z","55593"
"2019-10-28T12:00:00.000Z","57158"
"2019-10-29T00:00:00.000Z","97323"
"2019-10-29T12:00:00.000Z","95005"
"2019-10-30T00:00:00.000Z","55319"
"2019-10-30T12:00:00.000Z","57441"
"2019-10-31T00:00:00.000Z","57405"
"2019-10-31T12:00:00.000Z","56321"
"2019-11-01T00:00:00.000Z","53154"
"2019-11-01T12:00:00.000Z","53110"
"2019-11-02T00:00:00.000Z","55068"
"2019-11-02T12:00:00.000Z","99142"
"2019-11-03T00:00:00.000Z","94757"
"2019-11-03T12:00:00.000Z","47654"
"2019-11-04T00:00:00.000Z","54392"
"2019-11-04T12:00:00.000Z","82119"
"2019-11-05T00:00:00.000Z","89076"
"2019-11-05T12:00:00.000Z","92789"
"2019-11-06T00:00:00.000Z","91125"
"2019-11-06T12:00:00.000Z","73690"
"2019-11-07T00:00:00.000Z","57041"
"2019-11-07T12:00:00.000Z","54970"
"2019-11-08T00:00:00.000Z","53998"
"2019-11-08T12:00:00.000Z","54742"
"2019-11-09T00:00:00.000Z","53161"
"2019-11-09T12:00:00.000Z","50601"
"2019-11-10T00:00:00.000Z","52080"
"2019-11-10T12:00:00.000Z","54027"
"2019-11-11T00:00:00.000Z","55076"
"2019-11-11T12:00:00.000Z","54500"
"2019-11-12T00:00:00.000Z","85672"
"2019-11-12T12:00:00.000Z","85636"
"2019-11-13T00:00:00.000Z","51966"
"2019-11-13T12:00:00.000Z","54217"
"2019-11-14T00:00:00.000Z","63305"
"2019-11-14T12:00:00.000Z","61811"
"2019-11-15T00:00:00.000Z","61600"
"2019-11-15T12:00:00.000Z","72309"
"2019-11-16T00:00:00.000Z","70208"
"2019-11-16T12:00:00.000Z","58463"
"2019-11-17T00:00:00.000Z","51844"
"2019-11-17T12:00:00.000Z","50571"
"2019-11-18T00:00:00.000Z","78543"
"2019-11-18T12:00:00.000Z","82591"
"2019-11-19T00:00:00.000Z","93412"
"2019-11-19T12:00:00.000Z","89903"
"2019-11-20T00:00:00.000Z","56361"
"2019-11-20T12:00:00.000Z","56550"
"2019-11-21T00:00:00.000Z","56160"
"2019-11-21T12:00:00.000Z","58964"
"2019-11-22T00:00:00.000Z","62849"
"2019-11-22T12:00:00.000Z","62886"
"2019-11-23T00:00:00.000Z","58069"
"2019-11-23T12:00:00.000Z","55652"
"2019-11-24T00:00:00.000Z","54050"
"2019-11-24T12:00:00.000Z","52950"
"2019-11-25T00:00:00.000Z","56087"
"2019-11-25T12:00:00.000Z","58911"
"2019-11-26T00:00:00.000Z","92100"
"2019-11-26T12:00:00.000Z","94343"
"2019-11-27T00:00:00.000Z","61512"
"2019-11-27T12:00:00.000Z","57462"
"2019-11-28T00:00:00.000Z","57589"
"2019-11-28T12:00:00.000Z","57611"
"2019-11-29T00:00:00.000Z","55685"
"2019-11-29T12:00:00.000Z","56528"
"2019-11-30T00:00:00.000Z","57576"
"2019-11-30T12:00:00.000Z","57989"
"2019-12-01T00:00:00.000Z","56607"
"2019-12-01T12:00:00.000Z","56544"
"2019-12-02T00:00:00.000Z","55561"
"2019-12-02T12:00:00.000Z","53095"
"2019-12-03T00:00:00.000Z","90460"
"2019-12-03T12:00:00.000Z","90224"
"2019-12-04T00:00:00.000Z","55203"
"2019-12-04T12:00:00.000Z","53730"
"2019-12-05T00:00:00.000Z","53228"
"2019-12-05T12:00:00.000Z","52461"
"2019-12-06T00:00:00.000Z","53013"
"2019-12-06T12:00:00.000Z","54794"
"2019-12-07T00:00:00.000Z","55064"
"2019-12-07T12:00:00.000Z","53213"
"2019-12-08T00:00:00.000Z","50988"
"2019-12-08T12:00:00.000Z","50149"
"2019-12-09T00:00:00.000Z","52756"
"2019-12-09T12:00:00.000Z","54783"
"2019-12-10T00:00:00.000Z","88224"
"2019-12-10T12:00:00.000Z","90415"
"2019-12-11T00:00:00.000Z","60532"
"2019-12-11T12:00:00.000Z","56445"
"2019-12-12T00:00:00.000Z","53455"
"2019-12-12T12:00:00.000Z","55045"
"2019-12-13T00:00:00.000Z","53932"
"2019-12-13T12:00:00.000Z","54087"
"2019-12-14T00:00:00.000Z","53318"
"2019-12-14T12:00:00.000Z","51799"
"2019-12-15T00:00:00.000Z","53500"
"2019-12-15T12:00:00.000Z","149986"
"2019-12-16T00:00:00.000Z","148850"
"2019-12-16T12:00:00.000Z","56678"
"2019-12-17T00:00:00.000Z","91264"
"2019-12-17T12:00:00.000Z","92056"
"2019-12-18T00:00:00.000Z","57592"
"2019-12-18T12:00:00.000Z","54188"
"2019-12-19T00:00:00.000Z","54178"
"2019-12-19T12:00:00.000Z","55169"
"2019-12-20T00:00:00.000Z","55483"
"2019-12-20T12:00:00.000Z","56901"
"2019-12-21T00:00:00.000Z","55471"
"2019-12-21T12:00:00.000Z","52299"
"2019-12-22T00:00:00.000Z","49898"
"2019-12-22T12:00:00.000Z","50496"
"2019-12-23T00:00:00.000Z","52328"
"2019-12-23T12:00:00.000Z","57233"
"2019-12-24T00:00:00.000Z","89294"
"2019-12-24T12:00:00.000Z","77281"
"2019-12-25T00:00:00.000Z","47764"
"2019-12-25T12:00:00.000Z","58229"
"2019-12-26T00:00:00.000Z","67916"
"2019-12-26T12:00:00.000Z","101953"
"2019-12-27T00:00:00.000Z","116569"
"2019-12-27T12:00:00.000Z","115663"
"2019-12-28T00:00:00.000Z","116330"
"2019-12-28T12:00:00.000Z","112065"
"2019-12-29T00:00:00.000Z","92697"
"2019-12-29T12:00:00.000Z","74683"
"2019-12-30T00:00:00.000Z","68206"
"2019-12-30T12:00:00.000Z","62830"
"2019-12-31T00:00:00.000Z","109152"
"2019-12-31T12:00:00.000Z","108393"
"2020-01-01T00:00:00.000Z","51083"
"2020-01-01T12:00:00.000Z","41358"
"2020-01-02T00:00:00.000Z","47114"
"2020-01-02T12:00:00.000Z","68979"
"2020-01-03T00:00:00.000Z","69899"
"2020-01-03T12:00:00.000Z","50806"
"2020-01-04T00:00:00.000Z","50152"
"2020-01-04T12:00:00.000Z","46206"
"2020-01-05T00:00:00.000Z","46807"
"2020-01-05T12:00:00.000Z","50225"
"2020-01-06T00:00:00.000Z","49835"
"2020-01-06T12:00:00.000Z","50387"
"2020-01-07T00:00:00.000Z","85472"
"2020-01-07T12:00:00.000Z","88670"
"2020-01-08T00:00:00.000Z","56833"
"2020-01-08T12:00:00.000Z","53709"
"2020-01-09T00:00:00.000Z","50870"
"2020-01-09T12:00:00.000Z","49106"
"2020-01-10T00:00:00.000Z","50021"
"2020-01-10T12:00:00.000Z","53738"
"2020-01-11T00:00:00.000Z","53320"
"2020-01-11T12:00:00.000Z","52154"
"2020-01-12T00:00:00.000Z","50830"
"2020-01-12T12:00:00.000Z","46816"
"2020-01-13T00:00:00.000Z","48919"
"2020-01-13T12:00:00.000Z","51062"
"2020-01-14T00:00:00.000Z","86020"
"2020-01-14T12:00:00.000Z","91493"
"2020-01-15T00:00:00.000Z","59898"
"2020-01-15T12:00:00.000Z","62023"
"2020-01-16T00:00:00.000Z","60668"
"2020-01-16T12:00:00.000Z","52910"
"2020-01-17T00:00:00.000Z","56014"
"2020-01-17T12:00:00.000Z","60567"
"2020-01-18T00:00:00.000Z","58159"
"2020-01-18T12:00:00.000Z","56281"
"2020-01-19T00:00:00.000Z","58904"
"2020-01-19T12:00:00.000Z","59316"
"2020-01-20T00:00:00.000Z","53615"
"2020-01-20T12:00:00.000Z","51529"
"2020-01-21T00:00:00.000Z","86707"
"2020-01-21T12:00:00.000Z","86111"
"2020-01-22T00:00:00.000Z","57330"
"2020-01-22T12:00:00.000Z","56997"
"2020-01-23T00:00:00.000Z","53804"
"2020-01-23T12:00:00.000Z","53188"
"2020-01-24T00:00:00.000Z","56238"
"2020-01-24T12:00:00.000Z","59960"
"2020-01-25T00:00:00.000Z","55282"
"2020-01-25T12:00:00.000Z","49663"
"2020-01-26T00:00:00.000Z","48639"
"2020-01-26T12:00:00.000Z","48841"
"2020-01-27T00:00:00.000Z","52728"
"2020-01-27T12:00:00.000Z","55459"
"2020-01-28T00:00:00.000Z","88838"
"2020-01-28T12:00:00.000Z","95976"
"2020-01-29T00:00:00.000Z","64438"
"2020-01-29T12:00:00.000Z","58960"
"2020-01-30T00:00:00.000Z","57941"
"2020-01-30T12:00:00.000Z","64417"
"2020-01-31T00:00:00.000Z","66439"
"2020-01-31T12:00:00.000Z","62855"
"2020-02-01T00:00:00.000Z","62882"
"2020-02-01T12:00:00.000Z","60151"
"2020-02-02T00:00:00.000Z","58461"
"2020-02-02T12:00:00.000Z","70382"
"2020-02-03T00:00:00.000Z","80303"
"2020-02-03T12:00:00.000Z","80704"
"2020-02-04T00:00:00.000Z","98867"
"2020-02-04T12:00:00.000Z","96280"
"2020-02-05T00:00:00.000Z","78344"
"2020-02-05T12:00:00.000Z","86466"
"2020-02-06T00:00:00.000Z","90141"
"2020-02-06T12:00:00.000Z","91492"
"2020-02-07T00:00:00.000Z","95832"
"2020-02-07T12:00:00.000Z","99145"
"2020-02-08T00:00:00.000Z","92167"
"2020-02-08T12:00:00.000Z","92094"
"2020-02-09T00:00:00.000Z","94338"
"2020-02-09T12:00:00.000Z","101085"
"2020-02-10T00:00:00.000Z","80931"
"2020-02-10T12:00:00.000Z","82876"
"2020-02-11T00:00:00.000Z","108110"
"2020-02-11T12:00:00.000Z","99035"
"2020-02-12T00:00:00.000Z","71416"
"2020-02-12T12:00:00.000Z","76263"
"2020-02-13T00:00:00.000Z","77438"
"2020-02-13T12:00:00.000Z","80562"
"2020-02-14T00:00:00.000Z","79161"
"2020-02-14T12:00:00.000Z","70962"
"2020-02-15T00:00:00.000Z","71516"
"2020-02-15T12:00:00.000Z","66408"
"2020-02-16T00:00:00.000Z","58661"
"2020-02-16T12:00:00.000Z","58335"
"2020-02-17T00:00:00.000Z","57693"
"2020-02-17T12:00:00.000Z","67101"
"2020-02-18T00:00:00.000Z","100522"
"2020-02-18T12:00:00.000Z","100627"
"2020-02-19T00:00:00.000Z","74058"
"2020-02-19T12:00:00.000Z","84701"
"2020-02-20T00:00:00.000Z","79006"
"2020-02-20T12:00:00.000Z","68338"
"2020-02-21T00:00:00.000Z","67357"
"2020-02-21T12:00:00.000Z","60560"
"2020-02-22T00:00:00.000Z","58528"
"2020-02-22T12:00:00.000Z","54134"
"2020-02-23T00:00:00.000Z","54746"
"2020-02-23T12:00:00.000Z","52679"
"2020-02-24T00:00:00.000Z","51712"
"2020-02-24T12:00:00.000Z","58061"
"2020-02-25T00:00:00.000Z","88290"
"2020-02-25T12:00:00.000Z","90892"
"2020-02-26T00:00:00.000Z","64567"
"2020-02-26T12:00:00.000Z","64705"
"2020-02-27T00:00:00.000Z","65686"
"2020-02-27T12:00:00.000Z","61995"
"2020-02-28T00:00:00.000Z","60419"
"2020-02-28T12:00:00.000Z","60199"
"2020-02-29T00:00:00.000Z","62994"
"2020-02-29T12:00:00.000Z","61817"
"2020-03-01T00:00:00.000Z","55868"
"2020-03-01T12:00:00.000Z","54392"
"2020-03-02T00:00:00.000Z","53074"
"2020-03-02T12:00:00.000Z","68764"
"2020-03-03T00:00:00.000Z","99319"
"2020-03-03T12:00:00.000Z","86517"
"2020-03-04T00:00:00.000Z","56321"
"2020-03-04T12:00:00.000Z","52096"
"2020-03-05T00:00:00.000Z","59636"
"2020-03-05T12:00:00.000Z","93841"
"2020-03-06T00:00:00.000Z","121287"
"2020-03-06T12:00:00.000Z","148468"
"2020-03-07T00:00:00.000Z","173367"
"2020-03-07T12:00:00.000Z","202820"
"2020-03-08T00:00:00.000Z","198367"
"2020-03-08T12:00:00.000Z","131215"
"2020-03-09T00:00:00.000Z","88135"
"2020-03-09T12:00:00.000Z","73799"
"2020-03-10T00:00:00.000Z","74578"
"2020-03-10T12:00:00.000Z","99922"
"2020-03-11T00:00:00.000Z","95260"
"2020-03-11T12:00:00.000Z","58882"
"2020-03-12T00:00:00.000Z","53536"
"2020-03-12T12:00:00.000Z","61928"
"2020-03-13T00:00:00.000Z","69521"
"2020-03-13T12:00:00.000Z","66712"
"2020-03-14T00:00:00.000Z","60766"
"2020-03-14T12:00:00.000Z","51964"
"2020-03-15T00:00:00.000Z","48442"
"2020-03-15T12:00:00.000Z","47915"
"2020-03-16T00:00:00.000Z","50829"
"2020-03-16T12:00:00.000Z","54161"
"2020-03-17T00:00:00.000Z","60551"
"2020-03-17T12:00:00.000Z","59997"
"2020-03-18T00:00:00.000Z","52141"
"2020-03-18T12:00:00.000Z","53193"
"2020-03-19T00:00:00.000Z","54078"
"2020-03-19T12:00:00.000Z","56791"
"2020-03-20T00:00:00.000Z","59982"
"2020-03-20T12:00:00.000Z","58938"
"2020-03-21T00:00:00.000Z","51710"
"2020-03-21T12:00:00.000Z","44361"
"2020-03-22T00:00:00.000Z","43739"
"2020-03-22T12:00:00.000Z","45667"
"2020-03-23T00:00:00.000Z","48650"
"2020-03-23T12:00:00.000Z","49721"
"2020-03-24T00:00:00.000Z","68209"
"2020-03-24T12:00:00.000Z","67228"
"2020-03-25T00:00:00.000Z","48102"
"2020-03-25T12:00:00.000Z","50003"
"2020-03-26T00:00:00.000Z","49138"
"2020-03-26T12:00:00.000Z","47818"
"2020-03-27T00:00:00.000Z","50000"
"2020-03-27T12:00:00.000Z","50788"
"2020-03-28T00:00:00.000Z","48699"
"2020-03-28T12:00:00.000Z","45604"
"2020-03-29T00:00:00.000Z","45911"
"2020-03-29T12:00:00.000Z","45996"
"2020-03-30T00:00:00.000Z","49083"
"2020-03-30T12:00:00.000Z","52395"
"2020-03-31T00:00:00.000Z","68761"
"2020-03-31T12:00:00.000Z","67719"
"2020-04-01T00:00:00.000Z","51583"
"2020-04-01T12:00:00.000Z","52360"
"2020-04-02T00:00:00.000Z","54943"
"2020-04-02T12:00:00.000Z","56892"
"2020-04-03T00:00:00.000Z","51139"
"2020-04-03T12:00:00.000Z","47970"
"2020-04-04T00:00:00.000Z","45764"
"2020-04-04T12:00:00.000Z","48074"
"2020-04-05T00:00:00.000Z","52710"
"2020-04-05T12:00:00.000Z","48818"
"2020-04-06T00:00:00.000Z","50109"
"2020-04-06T12:00:00.000Z","56513"
"2020-04-07T00:00:00.000Z","74937"
"2020-04-07T12:00:00.000Z","75150"
"2020-04-08T00:00:00.000Z","57981"
"2020-04-08T12:00:00.000Z","55201"
"2020-04-09T00:00:00.000Z","53190"
"2020-04-09T12:00:00.000Z","54259"
"2020-04-10T00:00:00.000Z","53833"
"2020-04-10T12:00:00.000Z","58547"
"2020-04-11T00:00:00.000Z","56601"
"2020-04-11T12:00:00.000Z","50815"
"2020-04-12T00:00:00.000Z","48339"
"2020-04-12T12:00:00.000Z","46463"
"2020-04-13T00:00:00.000Z","52210"
"2020-04-13T12:00:00.000Z","53551"
"2020-04-14T00:00:00.000Z","70463"
"2020-04-14T12:00:00.000Z","75331"
"2020-04-15T00:00:00.000Z","59512"
"2020-04-15T12:00:00.000Z","56687"
"2020-04-16T00:00:00.000Z","57657"
"2020-04-16T12:00:00.000Z","57536"
"2020-04-17T00:00:00.000Z","57592"
"2020-04-17T12:00:00.000Z","59890"
"2020-04-18T00:00:00.000Z","58637"
"2020-04-18T12:00:00.000Z","57474"
"2020-04-19T00:00:00.000Z","55881"
"2020-04-19T12:00:00.000Z","80964"
"2020-04-20T00:00:00.000Z","82482"
"2020-04-20T12:00:00.000Z","62255"
"2020-04-21T00:00:00.000Z","84471"
"2020-04-21T12:00:00.000Z","78576"
"2020-04-22T00:00:00.000Z","56395"
"2020-04-22T12:00:00.000Z","57146"
"2020-04-23T00:00:00.000Z","53894"
"2020-04-23T12:00:00.000Z","64827"
"2020-04-24T00:00:00.000Z","89696"
"2020-04-24T12:00:00.000Z","100984"
"2020-04-25T00:00:00.000Z","94715"
"2020-04-25T12:00:00.000Z","91352"
"2020-04-26T00:00:00.000Z","86426"
"2020-04-26T12:00:00.000Z","85817"
"2020-04-27T00:00:00.000Z","94957"
"2020-04-27T12:00:00.000Z","92665"
"2020-04-28T00:00:00.000Z","116565"
"2020-04-28T12:00:00.000Z","128878"
"2020-04-29T00:00:00.000Z","110189"
"2020-04-29T12:00:00.000Z","118191"
"2020-04-30T00:00:00.000Z","115642"
"2020-04-30T12:00:00.000Z","101982"
"2020-05-01T00:00:00.000Z","99672"
"2020-05-01T12:00:00.000Z","115398"
"2020-05-02T00:00:00.000Z","117813"
"2020-05-02T12:00:00.000Z","100500"
"2020-05-03T00:00:00.000Z","74978"
"2020-05-03T12:00:00.000Z","66745"
"2020-05-04T00:00:00.000Z","70707"
"2020-05-04T12:00:00.000Z","75530"
"2020-05-05T00:00:00.000Z","90224"
"2020-05-05T12:00:00.000Z","88598"
"2020-05-06T00:00:00.000Z","72509"
"2020-05-06T12:00:00.000Z","72499"
"2020-05-07T00:00:00.000Z","73230"
"2020-05-07T12:00:00.000Z","77623"
"2020-05-08T00:00:00.000Z","91028"
"2020-05-08T12:00:00.000Z","92772"
"2020-05-09T00:00:00.000Z","82592"
"2020-05-09T12:00:00.000Z","75776"
"2020-05-10T00:00:00.000Z","71030"
"2020-05-10T12:00:00.000Z","69712"
"2020-05-11T00:00:00.000Z","77611"
"2020-05-11T12:00:00.000Z","81119"
"2020-05-12T00:00:00.000Z","90973"
"2020-05-12T12:00:00.000Z","93673"
"2020-05-13T00:00:00.000Z","76849"
"2020-05-13T12:00:00.000Z","72944"
"2020-05-14T00:00:00.000Z","74572"
"2020-05-14T12:00:00.000Z","78041"
"2020-05-15T00:00:00.000Z","76210"
"2020-05-15T12:00:00.000Z","79115"
"2020-05-16T00:00:00.000Z","77824"
"2020-05-16T12:00:00.000Z","69708"
"2020-05-17T00:00:00.000Z","67578"
"2020-05-17T12:00:00.000Z","69231"
"2020-05-18T00:00:00.000Z","76188"
"2020-05-18T12:00:00.000Z","77112"
"2020-05-19T00:00:00.000Z","93213"
"2020-05-19T12:00:00.000Z","93390"
"2020-05-20T00:00:00.000Z","78901"
"2020-05-20T12:00:00.000Z","79788"
"2020-05-21T00:00:00.000Z","77054"
"2020-05-21T12:00:00.000Z","77348"
"2020-05-22T00:00:00.000Z","78512"
"2020-05-22T12:00:00.000Z","79616"
"2020-05-23T00:00:00.000Z","77141"
"2020-05-23T12:00:00.000Z","73812"
"2020-05-24T00:00:00.000Z","73807"
"2020-05-24T12:00:00.000Z","72328"
"2020-05-25T00:00:00.000Z","74161"
"2020-05-25T12:00:00.000Z","77227"
"2020-05-26T00:00:00.000Z","93446"
"2020-05-26T12:00:00.000Z","93399"
"2020-05-27T00:00:00.000Z","76905"
"2020-05-27T12:00:00.000Z","74224"
"2020-05-28T00:00:00.000Z","71509"
"2020-05-28T12:00:00.000Z","77311"
"2020-05-29T00:00:00.000Z","82966"
"2020-05-29T12:00:00.000Z","82074"
"2020-05-30T00:00:00.000Z","81696"
"2020-05-30T12:00:00.000Z","79568"
"2020-05-31T00:00:00.000Z","75114"
"2020-05-31T12:00:00.000Z","177738"
"2020-06-01T00:00:00.000Z","209931"
"2020-06-01T12:00:00.000Z","136059"
"2020-06-02T00:00:00.000Z","139422"
"2020-06-02T12:00:00.000Z","122695"
"2020-06-03T00:00:00.000Z","91482"
"2020-06-03T12:00:00.000Z","92973"
"2020-06-04T00:00:00.000Z","106001"
"2020-06-04T12:00:00.000Z","190085"
"2020-06-05T00:00:00.000Z","333629"
"2020-06-05T12:00:00.000Z","312257"
"2020-06-06T00:00:00.000Z","192533"
"2020-06-06T12:00:00.000Z","129040"
"2020-06-07T00:00:00.000Z","127785"
"2020-06-07T12:00:00.000Z","126385"
"2020-06-08T00:00:00.000Z","133387"
"2020-06-08T12:00:00.000Z","135739"
"2020-06-09T00:00:00.000Z","151635"
"2020-06-09T12:00:00.000Z","150904"
"2020-06-10T00:00:00.000Z","133300"
"2020-06-10T12:00:00.000Z","133716"
"2020-06-11T00:00:00.000Z","134487"
"2020-06-11T12:00:00.000Z","134699"
"2020-06-12T00:00:00.000Z","132137"
"2020-06-12T12:00:00.000Z","126275"
"2020-06-13T00:00:00.000Z","124825"
"2020-06-13T12:00:00.000Z","126294"
"2020-06-14T00:00:00.000Z","125327"
"2020-06-14T12:00:00.000Z","129310"
"2020-06-15T00:00:00.000Z","131158"
"2020-06-15T12:00:00.000Z","105939"
"2020-06-16T00:00:00.000Z","92862"
"2020-06-16T12:00:00.000Z","85142"
"2020-06-17T00:00:00.000Z","64802"
"2020-06-17T12:00:00.000Z","63334"
"2020-06-18T00:00:00.000Z","64498"
"2020-06-18T12:00:00.000Z","66450"
"2020-06-19T00:00:00.000Z","66635"
"2020-06-19T12:00:00.000Z","64946"
"2020-06-20T00:00:00.000Z","66723"
"2020-06-20T12:00:00.000Z","63264"
"2020-06-21T00:00:00.000Z","57341"
"2020-06-21T12:00:00.000Z","56657"
"2020-06-22T00:00:00.000Z","60256"
"2020-06-22T12:00:00.000Z","62783"
"2020-06-23T00:00:00.000Z","84330"
"2020-06-23T12:00:00.000Z","92809"
"2020-06-24T00:00:00.000Z","74022"
"2020-06-24T12:00:00.000Z","70001"
"2020-06-25T00:00:00.000Z","74190"
"2020-06-25T12:00:00.000Z","78772"
"2020-06-26T00:00:00.000Z","77405"
"2020-06-26T12:00:00.000Z","78141"
"2020-06-27T00:00:00.000Z","73923"
"2020-06-27T12:00:00.000Z","71603"
"2020-06-28T00:00:00.000Z","71040"
"2020-06-28T12:00:00.000Z","68721"
"2020-06-29T00:00:00.000Z","66977"
"2020-06-29T12:00:00.000Z","69858"
"2020-06-30T00:00:00.000Z","89563"
"2020-06-30T12:00:00.000Z","90659"
"2020-07-01T00:00:00.000Z","72175"
"2020-07-01T12:00:00.000Z","71453"
"2020-07-02T00:00:00.000Z","71059"
"2020-07-02T12:00:00.000Z","72227"
"2020-07-03T00:00:00.000Z","72186"
"2020-07-03T12:00:00.000Z","72466"
"2020-07-04T00:00:00.000Z","69682"
"2020-07-04T12:00:00.000Z","67508"
"2020-07-05T00:00:00.000Z","63946"
"2020-07-05T12:00:00.000Z","63143"
"2020-07-06T00:00:00.000Z","71918"
"2020-07-06T12:00:00.000Z","77242"
"2020-07-07T00:00:00.000Z","92917"
"2020-07-07T12:00:00.000Z","93856"
"2020-07-08T00:00:00.000Z","76838"
"2020-07-08T12:00:00.000Z","81310"
"2020-07-09T00:00:00.000Z","80850"
"2020-07-09T12:00:00.000Z","78341"
"2020-07-10T00:00:00.000Z","77030"
"2020-07-10T12:00:00.000Z","78816"
"2020-07-11T00:00:00.000Z","76345"
"2020-07-11T12:00:00.000Z","72572"
"2020-07-12T00:00:00.000Z","74540"
"2020-07-12T12:00:00.000Z","84891"
"2020-07-13T00:00:00.000Z","83014"
"2020-07-13T12:00:00.000Z","78700"
"2020-07-14T00:00:00.000Z","98625"
"2020-07-14T12:00:00.000Z","99972"
"2020-07-15T00:00:00.000Z","84898"
"2020-07-15T12:00:00.000Z","86519"
"2020-07-16T00:00:00.000Z","81998"
"2020-07-16T12:00:00.000Z","82703"
"2020-07-17T00:00:00.000Z","85197"
"2020-07-17T12:00:00.000Z","83018"
"2020-07-18T00:00:00.000Z","78913"
"2020-07-18T12:00:00.000Z","78065"
"2020-07-19T00:00:00.000Z","76844"
"2020-07-19T12:00:00.000Z","77555"
"2020-07-20T00:00:00.000Z","76935"
"2020-07-20T12:00:00.000Z","79362"
"2020-07-21T00:00:00.000Z","98619"
"2020-07-21T12:00:00.000Z","97445"
"2020-07-22T00:00:00.000Z","80785"
"2020-07-22T12:00:00.000Z","83287"
"2020-07-23T00:00:00.000Z","79412"
"2020-07-23T12:00:00.000Z","85162"
"2020-07-24T00:00:00.000Z","85907"
"2020-07-24T12:00:00.000Z","84177"
"2020-07-25T00:00:00.000Z","86951"
"2020-07-25T12:00:00.000Z","94088"
"2020-07-26T00:00:00.000Z","90725"
"2020-07-26T12:00:00.000Z","89204"
"2020-07-27T00:00:00.000Z","90276"
"2020-07-27T12:00:00.000Z","100466"
"2020-07-28T00:00:00.000Z","119969"
"2020-07-28T12:00:00.000Z","126042"
"2020-07-29T00:00:00.000Z","111703"
"2020-07-29T12:00:00.000Z","106846"
"2020-07-30T00:00:00.000Z","100981"
"2020-07-30T12:00:00.000Z","112759"
"2020-07-31T00:00:00.000Z","117606"
"2020-07-31T12:00:00.000Z","113871"
"2020-08-01T00:00:00.000Z","105288"
"2020-08-01T12:00:00.000Z","98123"
"2020-08-02T00:00:00.000Z","95377"
"2020-08-02T12:00:00.000Z","98806"
"2020-08-03T00:00:00.000Z","109085"
"2020-08-03T12:00:00.000Z","120954"
"2020-08-04T00:00:00.000Z","126549"
"2020-08-04T12:00:00.000Z","124038"
"2020-08-05T00:00:00.000Z","109362"
"2020-08-05T12:00:00.000Z","113868"
"2020-08-06T00:00:00.000Z","110878"
"2020-08-06T12:00:00.000Z","115627"
"2020-08-07T00:00:00.000Z","112065"
"2020-08-07T12:00:00.000Z","109320"
"2020-08-08T00:00:00.000Z","108689"
"2020-08-08T12:00:00.000Z","106495"
"2020-08-09T00:00:00.000Z","104132"
"2020-08-09T12:00:00.000Z","105125"
"2020-08-10T00:00:00.000Z","102326"
"2020-08-10T12:00:00.000Z","110144"
"2020-08-11T00:00:00.000Z","126276"
"2020-08-11T12:00:00.000Z","125650"
"2020-08-12T00:00:00.000Z","93443"
"2020-08-12T12:00:00.000Z","94034"
"2020-08-13T00:00:00.000Z","103514"
"2020-08-13T12:00:00.000Z","114523"
"2020-08-14T00:00:00.000Z","114530"
"2020-08-14T12:00:00.000Z","110117"
"2020-08-15T00:00:00.000Z","104785"
"2020-08-15T12:00:00.000Z","101972"
"2020-08-16T00:00:00.000Z","103272"
"2020-08-16T12:00:00.000Z","107349"
"2020-08-17T00:00:00.000Z","96641"
"2020-08-17T12:00:00.000Z","109991"
"2020-08-18T00:00:00.000Z","141455"
"2020-08-18T12:00:00.000Z","144580"
"2020-08-19T00:00:00.000Z","120150"
"2020-08-19T12:00:00.000Z","160140"
"2020-08-20T00:00:00.000Z","154061"
"2020-08-20T12:00:00.000Z","113627"
"2020-08-21T00:00:00.000Z","109339"
"2020-08-21T12:00:00.000Z","104264"
"2020-08-22T00:00:00.000Z","96202"
"2020-08-22T12:00:00.000Z","97190"
"2020-08-23T00:00:00.000Z","86133"
"2020-08-23T12:00:00.000Z","90677"
"2020-08-24T00:00:00.000Z","93206"
"2020-08-24T12:00:00.000Z","97337"
"2020-08-25T00:00:00.000Z","110511"
"2020-08-25T12:00:00.000Z","120281"
"2020-08-26T00:00:00.000Z","101311"
"2020-08-26T12:00:00.000Z","98780"
"2020-08-27T00:00:00.000Z","99746"
"2020-08-27T12:00:00.000Z","101043"
"2020-08-28T00:00:00.000Z","99252"
"2020-08-28T12:00:00.000Z","101382"
"2020-08-29T00:00:00.000Z","96509"
"2020-08-29T12:00:00.000Z","95265"
"2020-08-30T00:00:00.000Z","94013"
"2020-08-30T12:00:00.000Z","97099"
"2020-08-31T00:00:00.000Z","96789"
"2020-08-31T12:00:00.000Z","104133"
"2020-09-01T00:00:00.000Z","122176"
"2020-09-01T12:00:00.000Z","132414"
"2020-09-02T00:00:00.000Z","113807"
"2020-09-02T12:00:00.000Z","112968"
"2020-09-03T00:00:00.000Z","109788"
"2020-09-03T12:00:00.000Z","120331"
"2020-09-04T00:00:00.000Z","122751"
"2020-09-04T12:00:00.000Z","125055"
"2020-09-05T00:00:00.000Z","115183"
"2020-09-05T12:00:00.000Z","109461"
"2020-09-06T00:00:00.000Z","104188"
"2020-09-06T12:00:00.000Z","101363"
"2020-09-07T00:00:00.000Z","101558"
"2020-09-07T12:00:00.000Z","109082"
"2020-09-08T00:00:00.000Z","124451"
"2020-09-08T12:00:00.000Z","128634"
"2020-09-09T00:00:00.000Z","108683"
"2020-09-09T12:00:00.000Z","112040"
"2020-09-10T00:00:00.000Z","110721"
"2020-09-10T12:00:00.000Z","114523"
"2020-09-11T00:00:00.000Z","111736"
"2020-09-11T12:00:00.000Z","113269"
"2020-09-12T00:00:00.000Z","111062"
"2020-09-12T12:00:00.000Z","111149"
"2020-09-13T00:00:00.000Z","100719"
"2020-09-13T12:00:00.000Z","103681"
"2020-09-14T00:00:00.000Z","104139"
"2020-09-14T12:00:00.000Z","112594"
"2020-09-15T00:00:00.000Z","126541"
"2020-09-15T12:00:00.000Z","131718"
"2020-09-16T00:00:00.000Z","116274"
"2020-09-16T12:00:00.000Z","120248"
"2020-09-17T00:00:00.000Z","113967"
"2020-09-17T12:00:00.000Z","115540"
"2020-09-18T00:00:00.000Z","115867"
"2020-09-18T12:00:00.000Z","123493"
"2020-09-19T00:00:00.000Z","129041"
"2020-09-19T12:00:00.000Z","126276"
"2020-09-20T00:00:00.000Z","100113"
"2020-09-20T12:00:00.000Z","104835"
"2020-09-21T00:00:00.000Z","103753"
"2020-09-21T12:00:00.000Z","114708"
"2020-09-22T00:00:00.000Z","133330"
"2020-09-22T12:00:00.000Z","139752"
"2020-09-23T00:00:00.000Z","116931"
"2020-09-23T12:00:00.000Z","108223"
"2020-09-24T00:00:00.000Z","105636"
"2020-09-24T12:00:00.000Z","115015"
"2020-09-25T00:00:00.000Z","111889"
"2020-09-25T12:00:00.000Z","113480"
"2020-09-26T00:00:00.000Z","110299"
"2020-09-26T12:00:00.000Z","110420"
"2020-09-27T00:00:00.000Z","97984"
"2020-09-27T12:00:00.000Z","99688"
"2020-09-28T00:00:00.000Z","101517"
"2020-09-28T12:00:00.000Z","107501"
"2020-09-29T00:00:00.000Z","121125"
"2020-09-29T12:00:00.000Z","125063"
"2020-09-30T00:00:00.000Z","104298"
"2020-09-30T12:00:00.000Z","104386"
"2020-10-01T00:00:00.000Z","104533"
"2020-10-01T12:00:00.000Z","108974"
"2020-10-02T00:00:00.000Z","109607"
"2020-10-02T12:00:00.000Z","111791"
"2020-10-03T00:00:00.000Z","104083"
"2020-10-03T12:00:00.000Z","106136"
"2020-10-04T00:00:00.000Z","97410"
"2020-10-04T12:00:00.000Z","105780"
"2020-10-05T00:00:00.000Z","106877"
"2020-10-05T12:00:00.000Z","109918"
"2020-10-06T00:00:00.000Z","125664"
"2020-10-06T12:00:00.000Z","127552"
"2020-10-07T00:00:00.000Z","103217"
"2020-10-07T12:00:00.000Z","103379"
"2020-10-08T00:00:00.000Z","90453"
"2020-10-08T12:00:00.000Z","95639"
"2020-10-09T00:00:00.000Z","96053"
"2020-10-09T12:00:00.000Z","100316"
"2020-10-10T00:00:00.000Z","100025"
"2020-10-10T12:00:00.000Z","102169"
"2020-10-11T00:00:00.000Z","97695"
"2020-10-11T12:00:00.000Z","101818"
"2020-10-12T00:00:00.000Z","101241"
"2020-10-12T12:00:00.000Z","108932"
"2020-10-13T00:00:00.000Z","124081"
"2020-10-13T12:00:00.000Z","123807"
"2020-10-14T00:00:00.000Z","107178"
"2020-10-14T12:00:00.000Z","109910"
"2020-10-15T00:00:00.000Z","104925"
"2020-10-15T12:00:00.000Z","111559"
"2020-10-16T00:00:00.000Z","112138"
"2020-10-16T12:00:00.000Z","117506"
"2020-10-17T00:00:00.000Z","109338"
"2020-10-17T12:00:00.000Z","106311"
"2020-10-18T00:00:00.000Z","99850"
"2020-10-18T12:00:00.000Z","102362"
"2020-10-19T00:00:00.000Z","102810"
"2020-10-19T12:00:00.000Z","109563"
"2020-10-20T00:00:00.000Z","126951"
"2020-10-20T12:00:00.000Z","132795"
"2020-10-21T00:00:00.000Z","118606"
"2020-10-21T12:00:00.000Z","127644"
"2020-10-22T00:00:00.000Z","121074"
"2020-10-22T12:00:00.000Z","124248"
"2020-10-23T00:00:00.000Z","118050"
"2020-10-23T12:00:00.000Z","117425"
"2020-10-24T00:00:00.000Z","110576"
"2020-10-24T12:00:00.000Z","114096"
"2020-10-25T00:00:00.000Z","110399"
"2020-10-25T12:00:00.000Z","143816"
"2020-10-26T00:00:00.000Z","167595"
"2020-10-26T12:00:00.000Z","142231"
"2020-10-27T00:00:00.000Z","132651"
"2020-10-27T12:00:00.000Z","143546"
"2020-10-28T00:00:00.000Z","125418"
"2020-10-28T12:00:00.000Z","122718"
"2020-10-29T00:00:00.000Z","117398"
"2020-10-29T12:00:00.000Z","123447"
"2020-10-30T00:00:00.000Z","114581"
"2020-10-30T12:00:00.000Z","120406"
"2020-10-31T00:00:00.000Z","117635"
"2020-10-31T12:00:00.000Z","119585"
"2020-11-01T00:00:00.000Z","109980"
"2020-11-01T12:00:00.000Z","114456"
"2020-11-02T00:00:00.000Z","118572"
"2020-11-02T12:00:00.000Z","132872"
"2020-11-03T00:00:00.000Z","151051"
"2020-11-03T12:00:00.000Z","156110"
"2020-11-04T00:00:00.000Z","131091"
"2020-11-04T12:00:00.000Z","124166"
"2020-11-05T00:00:00.000Z","120891"
"2020-11-05T12:00:00.000Z","130542"
"2020-11-06T00:00:00.000Z","129257"
"2020-11-06T12:00:00.000Z","126337"
"2020-11-07T00:00:00.000Z","102435"
"2020-11-07T12:00:00.000Z","91732"
"2020-11-08T00:00:00.000Z","86222"
"2020-11-08T12:00:00.000Z","85750"
"2020-11-09T00:00:00.000Z","88772"
"2020-11-09T12:00:00.000Z","94414"
"2020-11-10T00:00:00.000Z","111145"
"2020-11-10T12:00:00.000Z","115980"
"2020-11-11T00:00:00.000Z","101766"
"2020-11-11T12:00:00.000Z","100254"
"2020-11-12T00:00:00.000Z","94902"
"2020-11-12T12:00:00.000Z","100063"
"2020-11-13T00:00:00.000Z","103012"
"2020-11-13T12:00:00.000Z","107973"
"2020-11-14T00:00:00.000Z","101643"
"2020-11-14T12:00:00.000Z","94170"
"2020-11-15T00:00:00.000Z","92809"
"2020-11-15T12:00:00.000Z","93720"
"2020-11-16T00:00:00.000Z","97034"
"2020-11-16T12:00:00.000Z","109801"
"2020-11-17T00:00:00.000Z","123414"
"2020-11-17T12:00:00.000Z","124941"
"2020-11-18T00:00:00.000Z","110759"
"2020-11-18T12:00:00.000Z","109538"
"2020-11-19T00:00:00.000Z","102955"
"2020-11-19T12:00:00.000Z","109029"
"2020-11-20T00:00:00.000Z","111789"
"2020-11-20T12:00:00.000Z","111048"
"2020-11-21T00:00:00.000Z","106309"
"2020-11-21T12:00:00.000Z","112639"
"2020-11-22T00:00:00.000Z","111168"
"2020-11-22T12:00:00.000Z","106556"
"2020-11-23T00:00:00.000Z","106614"
"2020-11-23T12:00:00.000Z","181741"
"2020-11-24T00:00:00.000Z","203867"
"2020-11-24T12:00:00.000Z","138899"
"2020-11-25T00:00:00.000Z","113750"
"2020-11-25T12:00:00.000Z","114839"
"2020-11-26T00:00:00.000Z","114933"
"2020-11-26T12:00:00.000Z","113001"
"2020-11-27T00:00:00.000Z","107725"
"2020-11-27T12:00:00.000Z","105596"
"2020-11-28T00:00:00.000Z","97083"
"2020-11-28T12:00:00.000Z","92657"
"2020-11-29T00:00:00.000Z","92136"
"2020-11-29T12:00:00.000Z","93229"
"2020-11-30T00:00:00.000Z","96438"
"2020-11-30T12:00:00.000Z","112457"
"2020-12-01T00:00:00.000Z","191474"
"2020-12-01T12:00:00.000Z","209960"
"2020-12-02T00:00:00.000Z","140275"
"2020-12-02T12:00:00.000Z","107416"
"2020-12-03T00:00:00.000Z","107696"
"2020-12-03T12:00:00.000Z","109998"
"2020-12-04T00:00:00.000Z","105602"
"2020-12-04T12:00:00.000Z","104640"
"2020-12-05T00:00:00.000Z","98643"
"2020-12-05T12:00:00.000Z","95994"
"2020-12-06T00:00:00.000Z","92303"
"2020-12-06T12:00:00.000Z","90784"
"2020-12-07T00:00:00.000Z","96518"
"2020-12-07T12:00:00.000Z","106741"
"2020-12-08T00:00:00.000Z","117912"
"2020-12-08T12:00:00.000Z","118359"
"2020-12-09T00:00:00.000Z","104743"
"2020-12-09T12:00:00.000Z","106419"
"2020-12-10T00:00:00.000Z","101453"
"2020-12-10T12:00:00.000Z","103247"
"2020-12-11T00:00:00.000Z","104375"
"2020-12-11T12:00:00.000Z","104082"
"2020-12-12T00:00:00.000Z","99947"
"2020-12-12T12:00:00.000Z","95874"
"2020-12-13T00:00:00.000Z","92180"
"2020-12-13T12:00:00.000Z","93014"
"2020-12-14T00:00:00.000Z","96154"
"2020-12-14T12:00:00.000Z","107451"
"2020-12-15T00:00:00.000Z","124997"
"2020-12-15T12:00:00.000Z","116468"
"2020-12-16T00:00:00.000Z","99827"
"2020-12-16T12:00:00.000Z","133025"
"2020-12-17T00:00:00.000Z","142465"
"2020-12-17T12:00:00.000Z","142040"
"2020-12-18T00:00:00.000Z","135457"
"2020-12-18T12:00:00.000Z","122297"
"2020-12-19T00:00:00.000Z","112439"
"2020-12-19T12:00:00.000Z","118745"
"2020-12-20T00:00:00.000Z","120381"
"2020-12-20T12:00:00.000Z","113377"
"2020-12-21T00:00:00.000Z","111821"
"2020-12-21T12:00:00.000Z","116947"
"2020-12-22T00:00:00.000Z","126234"
"2020-12-22T12:00:00.000Z","129646"
"2020-12-23T00:00:00.000Z","119784"
"2020-12-23T12:00:00.000Z","120312"
"2020-12-24T00:00:00.000Z","116496"
"2020-12-24T12:00:00.000Z","109426"
"2020-12-25T00:00:00.000Z","104688"
"2020-12-25T12:00:00.000Z","110459"
"2020-12-26T00:00:00.000Z","115115"
"2020-12-26T12:00:00.000Z","121218"
"2020-12-27T00:00:00.000Z","126839"
"2020-12-27T12:00:00.000Z","148871"
"2020-12-28T00:00:00.000Z","142223"
"2020-12-28T12:00:00.000Z","129482"
"2020-12-29T00:00:00.000Z","141087"
"2020-12-29T12:00:00.000Z","138933"
"2020-12-30T00:00:00.000Z","124667"
"2020-12-30T12:00:00.000Z","128669"
"2020-12-31T00:00:00.000Z","127269"
"2020-12-31T12:00:00.000Z","119010"
"2021-01-01T00:00:00.000Z","108726"
"2021-01-01T12:00:00.000Z","112290"
"2021-01-02T00:00:00.000Z","113153"
"2021-01-02T12:00:00.000Z","131855"
"2021-01-03T00:00:00.000Z","140527"
"2021-01-03T12:00:00.000Z","147438"
"2021-01-04T00:00:00.000Z","151417"
"2021-01-04T12:00:00.000Z","150633"
"2021-01-05T00:00:00.000Z","155702"
"2021-01-05T12:00:00.000Z","158205"
"2021-01-06T00:00:00.000Z","184590"
"2021-01-06T12:00:00.000Z","189454"
"2021-01-07T00:00:00.000Z","153934"
"2021-01-07T12:00:00.000Z","169185"
"2021-01-08T00:00:00.000Z","165859"
"2021-01-08T12:00:00.000Z","162528"
"2021-01-09T00:00:00.000Z","151067"
"2021-01-09T12:00:00.000Z","153918"
"2021-01-10T00:00:00.000Z","150888"
"2021-01-10T12:00:00.000Z","141642"
"2021-01-11T00:00:00.000Z","150130"
"2021-01-11T12:00:00.000Z","174368"
"2021-01-12T00:00:00.000Z","175993"
"2021-01-12T12:00:00.000Z","164596"
"2021-01-13T00:00:00.000Z","137570"
"2021-01-13T12:00:00.000Z","137960"
"2021-01-14T00:00:00.000Z","139920"
"2021-01-14T12:00:00.000Z","145786"
"2021-01-15T00:00:00.000Z","143372"
"2021-01-15T12:00:00.000Z","146516"
"2021-01-16T00:00:00.000Z","141449"
"2021-01-16T12:00:00.000Z","144985"
"2021-01-17T00:00:00.000Z","134461"
"2021-01-17T12:00:00.000Z","130187"
"2021-01-18T00:00:00.000Z","128638"
"2021-01-18T12:00:00.000Z","146426"
"2021-01-19T00:00:00.000Z","165470"
"2021-01-19T12:00:00.000Z","165452"
"2021-01-20T00:00:00.000Z","155769"
"2021-01-20T12:00:00.000Z","158096"
"2021-01-21T00:00:00.000Z","151464"
"2021-01-21T12:00:00.000Z","154293"
"2021-01-22T00:00:00.000Z","145415"
"2021-01-22T12:00:00.000Z","142246"
"2021-01-23T00:00:00.000Z","141090"
"2021-01-23T12:00:00.000Z","141000"
"2021-01-24T00:00:00.000Z","136906"
"2021-01-24T12:00:00.000Z","138946"
"2021-01-25T00:00:00.000Z","142976"
"2021-01-25T12:00:00.000Z","159513"
"2021-01-26T00:00:00.000Z","164601"
"2021-01-26T12:00:00.000Z","162549"
"2021-01-27T00:00:00.000Z","150168"
"2021-01-27T12:00:00.000Z","163338"
"2021-01-28T00:00:00.000Z","161259"
"2021-01-28T12:00:00.000Z","162913"
"2021-01-29T00:00:00.000Z","183011"
"2021-01-29T12:00:00.000Z","198021"
"2021-01-30T00:00:00.000Z","180049"
"2021-01-30T12:00:00.000Z","177275"
"2021-01-31T00:00:00.000Z","168447"
"2021-01-31T12:00:00.000Z","169615"
"2021-02-01T00:00:00.000Z","169015"
"2021-02-01T12:00:00.000Z","178806"
"2021-02-02T00:00:00.000Z","182708"
"2021-02-02T12:00:00.000Z","200199"
"2021-02-03T00:00:00.000Z","196037"
"2021-02-03T12:00:00.000Z","195194"
"2021-02-04T00:00:00.000Z","193112"
"2021-02-04T12:00:00.000Z","202329"
"2021-02-05T00:00:00.000Z","214765"
"2021-02-05T12:00:00.000Z","219320"
"2021-02-06T00:00:00.000Z","187702"
"2021-02-06T12:00:00.000Z","176068"
"2021-02-07T00:00:00.000Z","171219"
"2021-02-07T12:00:00.000Z","179990"
"2021-02-08T00:00:00.000Z","180426"
"2021-02-08T12:00:00.000Z","203150"
"2021-02-09T00:00:00.000Z","226048"
"2021-02-09T12:00:00.000Z","231987"
"2021-02-10T00:00:00.000Z","215815"
"2021-02-10T12:00:00.000Z","221780"
"2021-02-11T00:00:00.000Z","203730"
"2021-02-11T12:00:00.000Z","215157"
"2021-02-12T00:00:00.000Z","210905"
"2021-02-12T12:00:00.000Z","213356"
"2021-02-13T00:00:00.000Z","218148"
"2021-02-13T12:00:00.000Z","225896"
"2021-02-14T00:00:00.000Z","209918"
"2021-02-14T12:00:00.000Z","208520"
"2021-02-15T00:00:00.000Z","197612"
"2021-02-15T12:00:00.000Z","209067"
"2021-02-16T00:00:00.000Z","207918"
"2021-02-16T12:00:00.000Z","209009"
"2021-02-17T00:00:00.000Z","203197"
"2021-02-17T12:00:00.000Z","232114"
"2021-02-18T00:00:00.000Z","244716"
"2021-02-18T12:00:00.000Z","266198"
"2021-02-19T00:00:00.000Z","251466"
"2021-02-19T12:00:00.000Z","277184"
"2021-02-20T00:00:00.000Z","266435"
"2021-02-20T12:00:00.000Z","244681"
"2021-02-21T00:00:00.000Z","226407"
"2021-02-21T12:00:00.000Z","218585"
"2021-02-22T00:00:00.000Z","215821"
"2021-02-22T12:00:00.000Z","242400"
"2021-02-23T00:00:00.000Z","249218"
"2021-02-23T12:00:00.000Z","246808"
"2021-02-24T00:00:00.000Z","225026"
"2021-02-24T12:00:00.000Z","229891"
"2021-02-25T00:00:00.000Z","215875"
"2021-02-25T12:00:00.000Z","231469"
"2021-02-26T00:00:00.000Z","227207"
"2021-02-26T12:00:00.000Z","247370"
"2021-02-27T00:00:00.000Z","231063"
"2021-02-27T12:00:00.000Z","219028"
"2021-02-28T00:00:00.000Z","206527"
"2021-02-28T12:00:00.000Z","209292"
"2021-03-01T00:00:00.000Z","224285"
"2021-03-01T12:00:00.000Z","249472"
"2021-03-02T00:00:00.000Z","237384"
"2021-03-02T12:00:00.000Z","247507"
"2021-03-03T00:00:00.000Z","226197"
"2021-03-03T12:00:00.000Z","240884"
"2021-03-04T00:00:00.000Z","231989"
"2021-03-04T12:00:00.000Z","241771"
"2021-03-05T00:00:00.000Z","226806"
"2021-03-05T12:00:00.000Z","233641"
"2021-03-06T00:00:00.000Z","221302"
"2021-03-06T12:00:00.000Z","224035"
"2021-03-07T00:00:00.000Z","213586"
"2021-03-07T12:00:00.000Z","224506"
"2021-03-08T00:00:00.000Z","227081"
"2021-03-08T12:00:00.000Z","251009"
"2021-03-09T00:00:00.000Z","247829"
"2021-03-09T12:00:00.000Z","261450"
"2021-03-10T00:00:00.000Z","222135"
"2021-03-10T12:00:00.000Z","238502"
"2021-03-11T00:00:00.000Z","248526"
"2021-03-11T12:00:00.000Z","245631"
"2021-03-12T00:00:00.000Z","238322"
"2021-03-12T12:00:00.000Z","305212"
"2021-03-13T00:00:00.000Z","307165"
"2021-03-13T12:00:00.000Z","296356"
"2021-03-14T00:00:00.000Z","274665"
"2021-03-14T12:00:00.000Z","276723"
"2021-03-15T00:00:00.000Z","262751"
"2021-03-15T12:00:00.000Z","310908"
"2021-03-16T00:00:00.000Z","327719"
"2021-03-16T12:00:00.000Z","335421"
"2021-03-17T00:00:00.000Z","273587"
"2021-03-17T12:00:00.000Z","290989"
"2021-03-18T00:00:00.000Z","287772"
"2021-03-18T12:00:00.000Z","332811"
"2021-03-19T00:00:00.000Z","314651"
"2021-03-19T12:00:00.000Z","323134"
"2021-03-20T00:00:00.000Z","282025"
"2021-03-20T12:00:00.000Z","295258"
"2021-03-21T00:00:00.000Z","275771"
"2021-03-21T12:00:00.000Z","300584"
"2021-03-22T00:00:00.000Z","278914"
"2021-03-22T12:00:00.000Z","319408"
"2021-03-23T00:00:00.000Z","308305"
"2021-03-23T12:00:00.000Z","335446"
"2021-03-24T00:00:00.000Z","300514"
"2021-03-24T12:00:00.000Z","317314"
"2021-03-25T00:00:00.000Z","300501"
"2021-03-25T12:00:00.000Z","322971"
"2021-03-26T00:00:00.000Z","231951"
"2021-03-26T12:00:00.000Z","254083"
"2021-03-27T00:00:00.000Z","302076"
"2021-03-27T12:00:00.000Z","318127"
"2021-03-28T00:00:00.000Z","293181"
"2021-03-28T12:00:00.000Z","316173"
"2021-03-29T00:00:00.000Z","297000"
"2021-03-29T12:00:00.000Z","347815"
"2021-03-30T00:00:00.000Z","334060"
"2021-03-30T12:00:00.000Z","335617"
"2021-03-31T00:00:00.000Z","239404"
"2021-03-31T12:00:00.000Z","221244"
"2021-04-01T00:00:00.000Z","220662"
"2021-04-01T12:00:00.000Z",""
"2021-04-02T00:00:00.000Z",""
"2021-04-02T12:00:00.000Z",""
"2021-04-03T00:00:00.000Z",""
"2021-04-03T12:00:00.000Z",""
"2021-04-04T00:00:00.000Z",""
"2021-04-04T12:00:00.000Z",""
"2021-04-05T00:00:00.000Z",""
"2021-04-05T12:00:00.000Z",""
"2021-04-06T00:00:00.000Z",""
"2021-04-06T12:00:00.000Z",""
"2021-04-07T00:00:00.000Z",""
"2021-04-07T12:00:00.000Z",""
"2021-04-08T00:00:00.000Z",""
"2021-04-08T12:00:00.000Z",""